{"textures":{"0":"modelengine:entity/crab_red"},"elements":[{"from":[5.428571,6.4761906,5.5238094],"to":[10.571428,9.333333,10.095238],"rotation":{"angle":0.0,"axis":"y","origin":[8.0,8.034999,6.771669]},"faces":{"east":{"uv":[2.5,3.0,4.5,4.25],"rotation":0,"texture":"#0","tintindex":0},"south":{"uv":[2.5,1.5,4.75,2.75],"rotation":0,"texture":"#0","tintindex":0},"north":{"uv":[2.5,0.0,4.75,1.25],"rotation":0,"texture":"#0","tintindex":0},"west":{"uv":[0.0,4.5,2.0,5.75],"rotation":0,"texture":"#0","tintindex":0},"up":{"uv":[2.25,2.0,0.0,0.0],"rotation":0,"texture":"#0","tintindex":0},"down":{"uv":[2.25,2.25,0.0,4.25],"rotation":0,"texture":"#0","tintindex":0}}},{"from":[6.0,9.333333,5.5238094],"to":[7.142857,11.047619,5.5238094],"rotation":{"angle":0.0,"axis":"y","origin":[8.0,8.034999,6.771669]},"faces":{"east":{"uv":[7.5,3.75,7.5,4.5],"rotation":0,"texture":"#0","tintindex":0},"south":{"uv":[0.5,6.0,0.0,6.75],"rotation":0,"texture":"#0","tintindex":0},"north":{"uv":[0.0,6.0,0.5,6.75],"rotation":0,"texture":"#0","tintindex":0},"west":{"uv":[7.5,4.75,7.5,5.5],"rotation":0,"texture":"#0","tintindex":0},"up":{"uv":[8.0,5.75,7.5,5.75],"rotation":0,"texture":"#0","tintindex":0},"down":{"uv":[8.0,6.0,7.5,6.0],"rotation":0,"texture":"#0","tintindex":0}}},{"from":[8.857143,9.333333,5.5238094],"to":[10.0,11.047619,5.5238094],"rotation":{"angle":0.0,"axis":"y","origin":[8.0,8.034999,6.771669]},"faces":{"east":{"uv":[7.5,4.75,7.5,5.5],"rotation":0,"texture":"#0","tintindex":0},"south":{"uv":[0.0,6.0,0.5,6.75],"rotation":0,"texture":"#0","tintindex":0},"north":{"uv":[0.5,6.0,0.0,6.75],"rotation":0,"texture":"#0","tintindex":0},"west":{"uv":[7.5,3.75,7.5,4.5],"rotation":0,"texture":"#0","tintindex":0},"up":{"uv":[7.5,5.75,8.0,5.75],"rotation":0,"texture":"#0","tintindex":0},"down":{"uv":[7.5,6.0,8.0,6.0],"rotation":0,"texture":"#0","tintindex":0}}}],"display":{"head":{"translation":[0.0,-6.4,0.0],"scale":[4.0,4.0,4.0]}}}