{"textures":{"0":"modelengine:entity/crab_hermit"},"elements":[{"from":[5.428571,6.4761906,5.5238094],"to":[10.571428,9.333333,10.095238],"rotation":{"angle":0.0,"axis":"y","origin":[8.0,8.034999,6.771669]},"faces":{"east":{"uv":[2.75,6.5,4.75,7.75],"rotation":0,"texture":"#0","tintindex":0},"south":{"uv":[5.5,5.5,7.75,6.75],"rotation":0,"texture":"#0","tintindex":0},"north":{"uv":[5.5,4.0,7.75,5.25],"rotation":0,"texture":"#0","tintindex":0},"west":{"uv":[0.0,7.0,2.0,8.25],"rotation":0,"texture":"#0","tintindex":0},"up":{"uv":[5.0,2.0,2.75,0.0],"rotation":0,"texture":"#0","tintindex":0},"down":{"uv":[5.0,2.25,2.75,4.25],"rotation":0,"texture":"#0","tintindex":0}}},{"from":[6.0,9.333333,5.5238094],"to":[7.142857,11.047619,5.5238094],"rotation":{"angle":0.0,"axis":"y","origin":[8.0,8.034999,6.771669]},"faces":{"east":{"uv":[2.25,7.0,2.25,7.75],"rotation":0,"texture":"#0","tintindex":0},"south":{"uv":[8.75,9.0,9.25,9.75],"rotation":0,"texture":"#0","tintindex":0},"north":{"uv":[1.5,8.5,2.0,9.25],"rotation":0,"texture":"#0","tintindex":0},"west":{"uv":[2.5,7.0,2.5,7.75],"rotation":0,"texture":"#0","tintindex":0},"up":{"uv":[4.75,8.0,4.25,8.0],"rotation":0,"texture":"#0","tintindex":0},"down":{"uv":[4.75,8.25,4.25,8.25],"rotation":0,"texture":"#0","tintindex":0}}},{"from":[8.857143,9.333333,5.5238094],"to":[10.0,11.047619,5.5238094],"rotation":{"angle":0.0,"axis":"y","origin":[8.0,8.034999,6.771669]},"faces":{"east":{"uv":[7.25,11.75,7.25,12.5],"rotation":0,"texture":"#0","tintindex":0},"south":{"uv":[9.5,9.0,10.0,9.75],"rotation":0,"texture":"#0","tintindex":0},"north":{"uv":[3.5,9.5,4.0,10.25],"rotation":0,"texture":"#0","tintindex":0},"west":{"uv":[7.5,11.75,7.5,12.5],"rotation":0,"texture":"#0","tintindex":0},"up":{"uv":[12.25,7.0,11.75,7.0],"rotation":0,"texture":"#0","tintindex":0},"down":{"uv":[12.25,7.25,11.75,7.25],"rotation":0,"texture":"#0","tintindex":0}}}],"display":{"head":{"translation":[0.0,-6.4,0.0],"scale":[4.0,4.0,4.0]}}}