{"textures":{"2":"modelengine:entity/dragon_sentinel_polearm"},"elements":[{"from":[4.0,4.733333,-11.4],"to":[12.0,11.133333,-11.4],"rotation":{"angle":0.0,"axis":"y","origin":[28.109358,11.133333,4.7093577]},"faces":{"east":{"uv":[0.0,0.0,0.0,1.0],"rotation":0,"texture":"#2","tintindex":0},"south":{"uv":[0.0,1.0,1.25,2.0],"rotation":0,"texture":"#2","tintindex":0},"north":{"uv":[0.0,0.0,1.25,1.0],"rotation":0,"texture":"#2","tintindex":0},"west":{"uv":[0.0,0.0,0.0,1.0],"rotation":0,"texture":"#2","tintindex":0},"up":{"uv":[1.25,0.0,0.0,0.0],"rotation":0,"texture":"#2","tintindex":0},"down":{"uv":[1.25,0.0,0.0,0.0],"rotation":0,"texture":"#2","tintindex":0}}},{"from":[4.0,8.133333,-13.800001],"to":[12.0,8.133333,-9.0],"rotation":{"angle":0.0,"axis":"y","origin":[28.109358,11.133333,4.7093577]},"faces":{"east":{"uv":[0.0,0.0,0.75,0.0],"rotation":0,"texture":"#2","tintindex":0},"south":{"uv":[0.0,0.0,1.25,0.0],"rotation":0,"texture":"#2","tintindex":0},"north":{"uv":[0.0,0.0,1.25,0.0],"rotation":0,"texture":"#2","tintindex":0},"west":{"uv":[0.0,0.0,0.75,0.0],"rotation":0,"texture":"#2","tintindex":0},"up":{"uv":[5.0625,5.75,3.8125,5.0],"rotation":0,"texture":"#2","tintindex":0},"down":{"uv":[6.3125,4.625,5.0625,5.375],"rotation":0,"texture":"#2","tintindex":0}}},{"from":[7.0614676,4.733333,-4.0089636],"to":[15.061468,11.133333,-4.0089636],"rotation":{"angle":-22.5,"axis":"y","origin":[28.109358,11.133333,4.7093577]},"faces":{"east":{"uv":[0.0,0.0,0.0,1.0],"rotation":0,"texture":"#2","tintindex":0},"south":{"uv":[1.25,1.0,2.5,2.0],"rotation":0,"texture":"#2","tintindex":0},"north":{"uv":[1.25,0.0,2.5,1.0],"rotation":0,"texture":"#2","tintindex":0},"west":{"uv":[0.0,0.0,0.0,1.0],"rotation":0,"texture":"#2","tintindex":0},"up":{"uv":[1.25,0.0,0.0,0.0],"rotation":0,"texture":"#2","tintindex":0},"down":{"uv":[1.25,0.0,0.0,0.0],"rotation":0,"texture":"#2","tintindex":0}}},{"from":[6.1430273,8.133333,-6.2262745],"to":[14.143027,8.133333,-1.4262753],"rotation":{"angle":-22.5,"axis":"y","origin":[28.109358,11.133333,4.7093577]},"faces":{"east":{"uv":[0.0,0.0,0.75,0.0],"rotation":0,"texture":"#2","tintindex":0},"south":{"uv":[0.0,0.0,1.25,0.0],"rotation":0,"texture":"#2","tintindex":0},"north":{"uv":[0.0,0.0,1.25,0.0],"rotation":0,"texture":"#2","tintindex":0},"west":{"uv":[0.0,0.0,0.75,0.0],"rotation":0,"texture":"#2","tintindex":0},"up":{"uv":[6.3125,6.125,5.0625,5.375],"rotation":0,"texture":"#2","tintindex":0},"down":{"uv":[5.0625,5.75,3.8125,6.5],"rotation":0,"texture":"#2","tintindex":0}}},{"from":[12.718322,4.733333,1.6478906],"to":[20.718323,11.133333,1.6478906],"rotation":{"angle":-45.0,"axis":"y","origin":[28.109358,11.133333,4.7093577]},"faces":{"east":{"uv":[0.0,0.0,0.0,1.0],"rotation":0,"texture":"#2","tintindex":0},"south":{"uv":[1.25,2.0,2.5,3.0],"rotation":0,"texture":"#2","tintindex":0},"north":{"uv":[0.0,2.0,1.25,3.0],"rotation":0,"texture":"#2","tintindex":0},"west":{"uv":[0.0,0.0,0.0,1.0],"rotation":0,"texture":"#2","tintindex":0},"up":{"uv":[1.25,0.0,0.0,0.0],"rotation":0,"texture":"#2","tintindex":0},"down":{"uv":[1.25,0.0,0.0,0.0],"rotation":0,"texture":"#2","tintindex":0}}},{"from":[28.109358,4.733333,-3.2906418],"to":[28.109358,11.133333,4.7093577],"rotation":{"angle":22.5,"axis":"y","origin":[28.109358,11.133333,4.7093577]},"faces":{"east":{"uv":[2.5,0.0,3.75,1.0],"rotation":0,"texture":"#2","tintindex":0},"south":{"uv":[0.0,0.0,0.0,1.0],"rotation":0,"texture":"#2","tintindex":0},"north":{"uv":[0.0,0.0,0.0,1.0],"rotation":0,"texture":"#2","tintindex":0},"west":{"uv":[2.5,1.0,3.75,2.0],"rotation":0,"texture":"#2","tintindex":0},"up":{"uv":[0.0,1.25,0.0,0.0],"rotation":0,"texture":"#2","tintindex":0},"down":{"uv":[0.0,0.0,0.0,1.25],"rotation":0,"texture":"#2","tintindex":0}}},{"from":[-10.578625,4.733333,-4.4048758],"to":[-10.578625,11.133333,3.5951238],"rotation":{"angle":-22.5,"axis":"y","origin":[-10.578625,7.9333334,-0.40487576]},"faces":{"east":{"uv":[2.5,2.0,3.75,3.0],"rotation":0,"texture":"#2","tintindex":0},"south":{"uv":[0.0,0.0,0.0,1.0],"rotation":0,"texture":"#2","tintindex":0},"north":{"uv":[0.0,0.0,0.0,1.0],"rotation":0,"texture":"#2","tintindex":0},"west":{"uv":[0.0,3.0,1.25,4.0],"rotation":0,"texture":"#2","tintindex":0},"up":{"uv":[0.0,1.25,0.0,0.0],"rotation":0,"texture":"#2","tintindex":0},"down":{"uv":[0.0,0.0,0.0,1.25],"rotation":0,"texture":"#2","tintindex":0}}},{"from":[-12.109358,4.733333,3.2906423],"to":[-12.109358,11.133333,11.290642],"rotation":{"angle":0.0,"axis":"y","origin":[-12.109358,7.9333334,7.290642]},"faces":{"east":{"uv":[1.25,3.0,2.5,4.0],"rotation":0,"texture":"#2","tintindex":0},"south":{"uv":[0.0,0.0,0.0,1.0],"rotation":0,"texture":"#2","tintindex":0},"north":{"uv":[0.0,0.0,0.0,1.0],"rotation":0,"texture":"#2","tintindex":0},"west":{"uv":[2.5,3.0,3.75,4.0],"rotation":0,"texture":"#2","tintindex":0},"up":{"uv":[0.0,1.25,0.0,0.0],"rotation":0,"texture":"#2","tintindex":0},"down":{"uv":[0.0,0.0,0.0,1.25],"rotation":0,"texture":"#2","tintindex":0}}},{"from":[-8.522408,8.133333,19.81305],"to":[-0.5224066,8.133333,24.61305],"rotation":{"angle":-45.0,"axis":"y","origin":[-4.5224066,8.133333,22.21305]},"faces":{"east":{"uv":[0.0,0.0,0.75,0.0],"rotation":0,"texture":"#2","tintindex":0},"south":{"uv":[0.0,0.0,1.25,0.0],"rotation":0,"texture":"#2","tintindex":0},"north":{"uv":[0.0,0.0,1.25,0.0],"rotation":0,"texture":"#2","tintindex":0},"west":{"uv":[0.0,0.0,0.75,0.0],"rotation":0,"texture":"#2","tintindex":0},"up":{"uv":[3.75,6.625,2.5,5.875],"rotation":0,"texture":"#2","tintindex":0},"down":{"uv":[1.25,6.0,0.0,6.75],"rotation":0,"texture":"#2","tintindex":0}}},{"from":[-12.109358,4.733333,11.290642],"to":[-12.109358,11.133333,19.290642],"rotation":{"angle":22.5,"axis":"y","origin":[-12.109358,11.133333,11.290642]},"faces":{"east":{"uv":[3.75,0.0,5.0,1.0],"rotation":0,"texture":"#2","tintindex":0},"south":{"uv":[0.0,0.0,0.0,1.0],"rotation":0,"texture":"#2","tintindex":0},"north":{"uv":[0.0,0.0,0.0,1.0],"rotation":0,"texture":"#2","tintindex":0},"west":{"uv":[3.75,1.0,5.0,2.0],"rotation":0,"texture":"#2","tintindex":0},"up":{"uv":[0.0,1.25,0.0,0.0],"rotation":0,"texture":"#2","tintindex":0},"down":{"uv":[0.0,0.0,0.0,1.25],"rotation":0,"texture":"#2","tintindex":0}}},{"from":[-4.718322,4.733333,14.35211],"to":[3.2816782,11.133333,14.35211],"rotation":{"angle":-45.0,"axis":"y","origin":[-12.109358,11.133333,11.290642]},"faces":{"east":{"uv":[0.0,0.0,0.0,1.0],"rotation":0,"texture":"#2","tintindex":0},"south":{"uv":[3.75,3.0,5.0,4.0],"rotation":0,"texture":"#2","tintindex":0},"north":{"uv":[3.75,2.0,5.0,3.0],"rotation":0,"texture":"#2","tintindex":0},"west":{"uv":[0.0,0.0,0.0,1.0],"rotation":0,"texture":"#2","tintindex":0},"up":{"uv":[1.25,0.0,0.0,0.0],"rotation":0,"texture":"#2","tintindex":0},"down":{"uv":[1.25,0.0,0.0,0.0],"rotation":0,"texture":"#2","tintindex":0}}},{"from":[1.8569727,8.133333,17.426275],"to":[9.856973,8.133333,22.226274],"rotation":{"angle":-22.5,"axis":"y","origin":[-12.109358,11.133333,11.290642]},"faces":{"east":{"uv":[0.0,0.0,0.75,0.0],"rotation":0,"texture":"#2","tintindex":0},"south":{"uv":[0.0,0.0,1.25,0.0],"rotation":0,"texture":"#2","tintindex":0},"north":{"uv":[0.0,0.0,1.25,0.0],"rotation":0,"texture":"#2","tintindex":0},"west":{"uv":[0.0,0.0,0.75,0.0],"rotation":0,"texture":"#2","tintindex":0},"up":{"uv":[2.5,6.75,1.25,6.0],"rotation":0,"texture":"#2","tintindex":0},"down":{"uv":[6.3125,6.125,5.0625,6.875],"rotation":0,"texture":"#2","tintindex":0}}},{"from":[0.93853235,4.733333,20.008965],"to":[8.938533,11.133333,20.008965],"rotation":{"angle":-22.5,"axis":"y","origin":[-12.109358,11.133333,11.290642]},"faces":{"east":{"uv":[0.0,0.0,0.0,1.0],"rotation":0,"texture":"#2","tintindex":0},"south":{"uv":[1.25,4.0,2.5,5.0],"rotation":0,"texture":"#2","tintindex":0},"north":{"uv":[0.0,4.0,1.25,5.0],"rotation":0,"texture":"#2","tintindex":0},"west":{"uv":[0.0,0.0,0.0,1.0],"rotation":0,"texture":"#2","tintindex":0},"up":{"uv":[1.25,0.0,0.0,0.0],"rotation":0,"texture":"#2","tintindex":0},"down":{"uv":[1.25,0.0,0.0,0.0],"rotation":0,"texture":"#2","tintindex":0}}},{"from":[4.0,8.133333,25.0],"to":[12.0,8.133333,29.800001],"rotation":{"angle":0.0,"axis":"y","origin":[-12.109358,11.133333,11.290642]},"faces":{"east":{"uv":[0.0,0.0,0.75,0.0],"rotation":0,"texture":"#2","tintindex":0},"south":{"uv":[0.0,0.0,1.25,0.0],"rotation":0,"texture":"#2","tintindex":0},"north":{"uv":[0.0,0.0,1.25,0.0],"rotation":0,"texture":"#2","tintindex":0},"west":{"uv":[0.0,0.0,0.75,0.0],"rotation":0,"texture":"#2","tintindex":0},"up":{"uv":[7.5,0.75,6.25,0.0],"rotation":0,"texture":"#2","tintindex":0},"down":{"uv":[7.5,0.75,6.25,1.5],"rotation":0,"texture":"#2","tintindex":0}}},{"from":[4.0,4.733333,27.4],"to":[12.0,11.133333,27.4],"rotation":{"angle":0.0,"axis":"y","origin":[-12.109358,11.133333,11.290642]},"faces":{"east":{"uv":[0.0,0.0,0.0,1.0],"rotation":0,"texture":"#2","tintindex":0},"south":{"uv":[3.75,4.0,5.0,5.0],"rotation":0,"texture":"#2","tintindex":0},"north":{"uv":[2.5,4.0,3.75,5.0],"rotation":0,"texture":"#2","tintindex":0},"west":{"uv":[0.0,0.0,0.0,1.0],"rotation":0,"texture":"#2","tintindex":0},"up":{"uv":[1.25,0.0,0.0,0.0],"rotation":0,"texture":"#2","tintindex":0},"down":{"uv":[1.25,0.0,0.0,0.0],"rotation":0,"texture":"#2","tintindex":0}}},{"from":[16.522408,8.133333,-8.61305],"to":[24.522408,8.133333,-3.8130493],"rotation":{"angle":-45.0,"axis":"y","origin":[20.522408,8.133333,-6.21305]},"faces":{"east":{"uv":[0.0,0.0,0.75,0.0],"rotation":0,"texture":"#2","tintindex":0},"south":{"uv":[0.0,0.0,1.25,0.0],"rotation":0,"texture":"#2","tintindex":0},"north":{"uv":[0.0,0.0,1.25,0.0],"rotation":0,"texture":"#2","tintindex":0},"west":{"uv":[0.0,0.0,0.75,0.0],"rotation":0,"texture":"#2","tintindex":0},"up":{"uv":[7.5625,2.25,6.3125,1.5],"rotation":0,"texture":"#2","tintindex":0},"down":{"uv":[7.5625,2.25,6.3125,3.0],"rotation":0,"texture":"#2","tintindex":0}}},{"from":[28.109358,4.733333,4.7093577],"to":[28.109358,11.133333,12.709358],"rotation":{"angle":0.0,"axis":"y","origin":[28.109358,7.9333334,8.709358]},"faces":{"east":{"uv":[0.0,5.0,1.25,6.0],"rotation":0,"texture":"#2","tintindex":0},"south":{"uv":[0.0,0.0,0.0,1.0],"rotation":0,"texture":"#2","tintindex":0},"north":{"uv":[0.0,0.0,0.0,1.0],"rotation":0,"texture":"#2","tintindex":0},"west":{"uv":[5.0,0.0,6.25,1.0],"rotation":0,"texture":"#2","tintindex":0},"up":{"uv":[0.0,1.25,0.0,0.0],"rotation":0,"texture":"#2","tintindex":0},"down":{"uv":[0.0,0.0,0.0,1.25],"rotation":0,"texture":"#2","tintindex":0}}},{"from":[26.578625,4.733333,12.404877],"to":[26.578625,11.133333,20.404877],"rotation":{"angle":-22.5,"axis":"y","origin":[26.578625,7.9333334,16.404877]},"faces":{"east":{"uv":[5.0,1.0,6.25,2.0],"rotation":0,"texture":"#2","tintindex":0},"south":{"uv":[0.0,0.0,0.0,1.0],"rotation":0,"texture":"#2","tintindex":0},"north":{"uv":[0.0,0.0,0.0,1.0],"rotation":0,"texture":"#2","tintindex":0},"west":{"uv":[1.25,5.0,2.5,6.0],"rotation":0,"texture":"#2","tintindex":0},"up":{"uv":[0.0,1.25,0.0,0.0],"rotation":0,"texture":"#2","tintindex":0},"down":{"uv":[0.0,0.0,0.0,1.25],"rotation":0,"texture":"#2","tintindex":0}}}],"display":{"head":{"translation":[0.0,-6.4,0.0],"scale":[4.0,4.0,4.0]}}}