{"textures":{"0":"modelengine:entity/dragon_sentinel_full"},"elements":[{"from":[8.679623,6.928571,8.114758],"to":[9.536766,9.071428,10.257614],"rotation":{"angle":45.0,"axis":"y","origin":[7.3939085,6.5,8.757614]},"faces":{"east":{"uv":[9.375,2.1875,9.0625,2.5],"rotation":0,"texture":"#0","tintindex":0},"south":{"uv":[9.625,2.0,9.5,2.3125],"rotation":0,"texture":"#0","tintindex":0},"north":{"uv":[9.625,0.875,9.5,1.1875],"rotation":0,"texture":"#0","tintindex":0},"west":{"uv":[9.375,0.75,9.0625,1.0625],"rotation":0,"texture":"#0","tintindex":0},"up":{"uv":[9.5,2.625,9.625,2.3125],"rotation":0,"texture":"#0","tintindex":0},"down":{"uv":[9.5,2.625,9.625,2.9375],"rotation":0,"texture":"#0","tintindex":0}}},{"from":[6.1601887,6.928571,7.257614],"to":[7.0173316,9.071428,10.257614],"rotation":{"angle":-45.0,"axis":"y","origin":[8.303045,6.5,8.757614]},"faces":{"east":{"uv":[9.0625,2.6875,8.625,3.0],"rotation":0,"texture":"#0","tintindex":0},"south":{"uv":[9.5,9.4375,9.375,9.75],"rotation":0,"texture":"#0","tintindex":0},"north":{"uv":[6.3125,9.4375,6.1875,9.75],"rotation":0,"texture":"#0","tintindex":0},"west":{"uv":[9.0625,0.75,8.625,1.0625],"rotation":0,"texture":"#0","tintindex":0},"up":{"uv":[6.5,9.8125,6.625,9.375],"rotation":0,"texture":"#0","tintindex":0},"down":{"uv":[6.625,9.375,6.75,9.8125],"rotation":0,"texture":"#0","tintindex":0}}},{"from":[5.3175344,6.928571,8.221652],"to":[5.3175344,9.071428,10.36451],"rotation":{"angle":-22.5,"axis":"y","origin":[5.3175344,8.0,9.293081]},"faces":{"east":{"uv":[9.375,3.875,9.0625,4.1875],"rotation":0,"texture":"#0","tintindex":0},"south":{"uv":[0.0,0.0,0.0,0.3125],"rotation":0,"texture":"#0","tintindex":0},"north":{"uv":[0.0,0.0,0.0,0.3125],"rotation":0,"texture":"#0","tintindex":0},"west":{"uv":[9.375,2.5,9.0625,2.8125],"rotation":0,"texture":"#0","tintindex":0},"up":{"uv":[0.0,0.3125,0.0,0.0],"rotation":0,"texture":"#0","tintindex":0},"down":{"uv":[0.0,0.0,0.0,0.3125],"rotation":0,"texture":"#0","tintindex":0}}},{"from":[10.379816,6.928571,8.221488],"to":[10.379816,9.071428,10.364346],"rotation":{"angle":22.5,"axis":"y","origin":[10.379816,8.0,9.292917]},"faces":{"east":{"uv":[9.375,5.4375,9.0625,5.75],"rotation":0,"texture":"#0","tintindex":0},"south":{"uv":[0.0,0.0,0.0,0.3125],"rotation":0,"texture":"#0","tintindex":0},"north":{"uv":[0.0,0.0,0.0,0.3125],"rotation":0,"texture":"#0","tintindex":0},"west":{"uv":[9.375,4.625,9.0625,4.9375],"rotation":0,"texture":"#0","tintindex":0},"up":{"uv":[0.0,0.3125,0.0,0.0],"rotation":0,"texture":"#0","tintindex":0},"down":{"uv":[0.0,0.0,0.0,0.3125],"rotation":0,"texture":"#0","tintindex":0}}}],"display":{"head":{"translation":[0.0,-6.4,0.0],"scale":[4.0,4.0,4.0]}}}