{"textures":{"0":"modelengine:entity/dragon_sentinel_full"},"elements":[{"from":[6.5,5.8571424,5.0],"to":[9.071428,7.5714283,8.428572],"rotation":{"angle":-45.0,"axis":"x","origin":[8.214286,7.582832,7.016726]},"faces":{"east":{"uv":[6.5,8.8125,6.0,9.0625],"rotation":0,"texture":"#0","tintindex":0},"south":{"uv":[9.4375,8.375,9.0625,8.625],"rotation":0,"texture":"#0","tintindex":0},"north":{"uv":[8.4375,9.0625,8.0625,9.3125],"rotation":0,"texture":"#0","tintindex":0},"west":{"uv":[9.3125,1.375,8.8125,1.625],"rotation":0,"texture":"#0","tintindex":0},"up":{"uv":[4.1875,8.5625,4.5625,8.0625],"rotation":0,"texture":"#0","tintindex":0},"down":{"uv":[4.5625,8.0625,4.9375,8.5625],"rotation":0,"texture":"#0","tintindex":0}}},{"from":[6.285714,5.0,3.7142854],"to":[7.5714283,6.714286,6.285714],"rotation":{"angle":22.5,"axis":"y","origin":[6.928571,5.8571424,6.285714]},"faces":{"east":{"uv":[7.5,9.125,7.125,9.375],"rotation":0,"texture":"#0","tintindex":0},"south":{"uv":[9.5625,3.1875,9.375,3.4375],"rotation":0,"texture":"#0","tintindex":0},"north":{"uv":[7.625,6.0,7.4375,6.25],"rotation":0,"texture":"#0","tintindex":0},"west":{"uv":[9.5,3.4375,9.125,3.6875],"rotation":0,"texture":"#0","tintindex":0},"up":{"uv":[3.125,9.6875,3.3125,9.3125],"rotation":0,"texture":"#0","tintindex":0},"down":{"uv":[3.3125,9.3125,3.5,9.6875],"rotation":0,"texture":"#0","tintindex":0}}},{"from":[6.928571,5.0,2.4285712],"to":[6.928571,6.714286,3.7142854],"rotation":{"angle":22.5,"axis":"y","origin":[6.928571,5.8571424,6.285714]},"faces":{"east":{"uv":[9.5625,7.0,9.375,7.25],"rotation":0,"texture":"#0","tintindex":0},"south":{"uv":[0.0,0.0,0.0,0.25],"rotation":0,"texture":"#0","tintindex":0},"north":{"uv":[0.0,0.0,0.0,0.25],"rotation":0,"texture":"#0","tintindex":0},"west":{"uv":[9.5625,3.875,9.375,4.125],"rotation":0,"texture":"#0","tintindex":0},"up":{"uv":[0.0,0.1875,0.0,0.0],"rotation":0,"texture":"#0","tintindex":0},"down":{"uv":[0.0,0.0,0.0,0.1875],"rotation":0,"texture":"#0","tintindex":0}}},{"from":[7.9632344,5.0,3.7142854],"to":[9.248949,6.714286,6.285714],"rotation":{"angle":-22.5,"axis":"y","origin":[8.6060915,5.8571424,6.285714]},"faces":{"east":{"uv":[2.0,9.1875,1.625,9.4375],"rotation":0,"texture":"#0","tintindex":0},"south":{"uv":[1.9375,9.4375,1.75,9.6875],"rotation":0,"texture":"#0","tintindex":0},"north":{"uv":[1.75,9.4375,1.5625,9.6875],"rotation":0,"texture":"#0","tintindex":0},"west":{"uv":[1.0625,9.1875,0.6875,9.4375],"rotation":0,"texture":"#0","tintindex":0},"up":{"uv":[7.5,9.6875,7.6875,9.3125],"rotation":0,"texture":"#0","tintindex":0},"down":{"uv":[7.6875,9.3125,7.875,9.6875],"rotation":0,"texture":"#0","tintindex":0}}},{"from":[8.6060915,5.0,2.4285712],"to":[8.6060915,6.714286,3.7142854],"rotation":{"angle":-22.5,"axis":"y","origin":[8.6060915,5.8571424,6.285714]},"faces":{"east":{"uv":[1.1875,9.4375,1.0,9.6875],"rotation":0,"texture":"#0","tintindex":0},"south":{"uv":[0.0,0.0,0.0,0.25],"rotation":0,"texture":"#0","tintindex":0},"north":{"uv":[0.0,0.0,0.0,0.25],"rotation":0,"texture":"#0","tintindex":0},"west":{"uv":[1.0,9.4375,0.8125,9.6875],"rotation":0,"texture":"#0","tintindex":0},"up":{"uv":[0.0,0.1875,0.0,0.0],"rotation":0,"texture":"#0","tintindex":0},"down":{"uv":[0.0,0.0,0.0,0.1875],"rotation":0,"texture":"#0","tintindex":0}}},{"from":[7.892857,5.042857,2.4285712],"to":[7.892857,6.757143,3.7142854],"rotation":{"angle":0.0,"axis":"y","origin":[7.892857,5.8999996,6.285714]},"faces":{"east":{"uv":[0.8125,9.4375,0.625,9.6875],"rotation":0,"texture":"#0","tintindex":0},"south":{"uv":[0.0,0.0,0.0,0.25],"rotation":0,"texture":"#0","tintindex":0},"north":{"uv":[0.0,0.0,0.0,0.25],"rotation":0,"texture":"#0","tintindex":0},"west":{"uv":[9.5625,9.1875,9.375,9.4375],"rotation":0,"texture":"#0","tintindex":0},"up":{"uv":[0.0,0.1875,0.0,0.0],"rotation":0,"texture":"#0","tintindex":0},"down":{"uv":[0.0,0.0,0.0,0.1875],"rotation":0,"texture":"#0","tintindex":0}}},{"from":[7.25,5.042857,3.7142854],"to":[8.535714,6.757143,6.285714],"rotation":{"angle":0.0,"axis":"y","origin":[7.892857,5.8999996,6.285714]},"faces":{"east":{"uv":[9.5,8.9375,9.125,9.1875],"rotation":0,"texture":"#0","tintindex":0},"south":{"uv":[7.4375,9.375,7.25,9.625],"rotation":0,"texture":"#0","tintindex":0},"north":{"uv":[7.25,9.375,7.0625,9.625],"rotation":0,"texture":"#0","tintindex":0},"west":{"uv":[9.5,7.9375,9.125,8.1875],"rotation":0,"texture":"#0","tintindex":0},"up":{"uv":[4.125,9.6875,4.3125,9.3125],"rotation":0,"texture":"#0","tintindex":0},"down":{"uv":[5.5625,9.3125,5.75,9.6875],"rotation":0,"texture":"#0","tintindex":0}}}],"display":{"head":{"translation":[0.0,-6.4,0.0],"scale":[4.0,4.0,4.0]}}}