{"textures":{"0":"modelengine:entity/crimson_furbeak"},"elements":[{"from":[7.2876167,5.7641606,7.277918],"to":[8.707731,8.604389,8.698032],"rotation":{"angle":0.0,"axis":"y","origin":[10.482874,13.4860325,5.2306733]},"faces":{"east":{"uv":[9.265,4.515,9.485,4.985],"rotation":0,"texture":"#0","tintindex":0},"south":{"uv":[5.015,9.265,5.235,9.735],"rotation":0,"texture":"#0","tintindex":0},"north":{"uv":[4.515,9.265,4.735,9.735],"rotation":0,"texture":"#0","tintindex":0},"west":{"uv":[9.265,5.265,9.485,5.735],"rotation":0,"texture":"#0","tintindex":0},"up":{"uv":[9.985,2.235,9.765,2.015],"rotation":0,"texture":"#0","tintindex":0},"down":{"uv":[9.985,2.515,9.765,2.735],"rotation":0,"texture":"#0","tintindex":0}}}],"display":{"head":{"translation":[0.0,-6.4,0.0],"scale":[4.0,4.0,4.0]}}}