{"textures":{"2":"modelengine:entity/creeper_armor_2"},"elements":[{"from":[5.714286,3.4285712,4.5714283],"to":[10.285714,9.142858,9.142858],"rotation":{"angle":0.0,"axis":"y","origin":[6.857143,4.5714283,9.142858]},"faces":{"east":{"uv":[4.0,7.0,5.0,8.5],"rotation":0,"texture":"#2","tintindex":0},"south":{"uv":[7.0,7.0,8.0,8.5],"rotation":0,"texture":"#2","tintindex":0},"north":{"uv":[5.0,7.0,6.0,8.5],"rotation":0,"texture":"#2","tintindex":0},"west":{"uv":[6.0,7.0,7.0,8.5],"rotation":0,"texture":"#2","tintindex":0},"up":{"uv":[6.0,7.0,5.0,6.0],"rotation":0,"texture":"#2","tintindex":0},"down":{"uv":[7.0,6.0,6.0,7.0],"rotation":0,"texture":"#2","tintindex":0}}},{"from":[10.285714,9.142858,9.142858],"to":[5.714286,3.4285712,4.5714283],"rotation":{"angle":0.0,"axis":"y","origin":[6.857143,4.5714283,9.142858]},"faces":{"east":{"uv":[6.0,8.5,7.0,7.0],"rotation":0,"texture":"#2","tintindex":0},"south":{"uv":[5.0,8.5,6.0,7.0],"rotation":0,"texture":"#2","tintindex":0},"north":{"uv":[7.0,8.5,8.0,7.0],"rotation":0,"texture":"#2","tintindex":0},"west":{"uv":[4.0,8.5,5.0,7.0],"rotation":0,"texture":"#2","tintindex":0},"up":{"uv":[6.0,6.0,7.0,7.0],"rotation":0,"texture":"#2","tintindex":0},"down":{"uv":[5.0,7.0,6.0,6.0],"rotation":0,"texture":"#2","tintindex":0}}}],"display":{"head":{"translation":[0.0,-6.4,0.0],"scale":[4.0,4.0,4.0]}}}