{"textures":{"0":"modelengine:entity/dripstone_creeper"},"elements":[{"from":[6.857143,4.5714283,5.714286],"to":[9.142858,8.0,8.0],"rotation":{"angle":0.0,"axis":"y","origin":[6.857143,4.5714283,9.142858]},"faces":{"east":{"uv":[4.0,7.0,5.0,8.5],"rotation":0,"texture":"#0","tintindex":0},"south":{"uv":[7.0,7.0,8.0,8.5],"rotation":0,"texture":"#0","tintindex":0},"north":{"uv":[5.0,7.0,6.0,8.5],"rotation":0,"texture":"#0","tintindex":0},"west":{"uv":[6.0,7.0,7.0,8.5],"rotation":0,"texture":"#0","tintindex":0},"up":{"uv":[6.0,7.0,5.0,6.0],"rotation":0,"texture":"#0","tintindex":0},"down":{"uv":[7.0,6.0,6.0,7.0],"rotation":0,"texture":"#0","tintindex":0}}}],"display":{"head":{"translation":[0.0,-6.4,0.0],"scale":[4.0,4.0,4.0]}}}