{"textures":{"0":"modelengine:entity/dripstone_creeper"},"elements":[{"from":[6.857143,4.5714283,5.714286],"to":[9.142858,8.0,8.0],"rotation":{"angle":0.0,"axis":"y","origin":[9.142858,4.5714283,9.142858]},"faces":{"east":{"uv":[5.0,4.5,6.0,6.0],"rotation":0,"texture":"#0","tintindex":0},"south":{"uv":[8.0,4.5,9.0,6.0],"rotation":0,"texture":"#0","tintindex":0},"north":{"uv":[6.0,4.5,7.0,6.0],"rotation":0,"texture":"#0","tintindex":0},"west":{"uv":[7.0,4.5,8.0,6.0],"rotation":0,"texture":"#0","tintindex":0},"up":{"uv":[7.0,4.5,6.0,3.5],"rotation":0,"texture":"#0","tintindex":0},"down":{"uv":[8.0,3.5,7.0,4.5],"rotation":0,"texture":"#0","tintindex":0}}}],"display":{"head":{"translation":[0.0,-6.4,0.0],"scale":[4.0,4.0,4.0]}}}