{"textures":{"2":"modelengine:entity/creeper_armor_2"},"elements":[{"from":[5.714286,3.4285712,5.714286],"to":[10.285714,9.714286,10.285714],"rotation":{"angle":0.0,"axis":"y","origin":[9.142858,4.5714283,5.714286]},"faces":{"east":{"uv":[8.0,11.5,9.0,13.25],"rotation":0,"texture":"#2","tintindex":0},"south":{"uv":[11.0,11.5,12.0,13.25],"rotation":0,"texture":"#2","tintindex":0},"north":{"uv":[9.0,11.5,10.0,13.25],"rotation":0,"texture":"#2","tintindex":0},"west":{"uv":[10.0,11.5,11.0,13.25],"rotation":0,"texture":"#2","tintindex":0},"up":{"uv":[10.0,11.5,9.0,10.5],"rotation":0,"texture":"#2","tintindex":0},"down":{"uv":[11.0,10.5,10.0,11.5],"rotation":0,"texture":"#2","tintindex":0}}},{"from":[10.285714,9.714286,10.285714],"to":[5.714286,3.4285712,5.714286],"rotation":{"angle":0.0,"axis":"y","origin":[9.142858,4.5714283,5.714286]},"faces":{"east":{"uv":[10.0,13.25,11.0,11.5],"rotation":0,"texture":"#2","tintindex":0},"south":{"uv":[9.0,13.25,10.0,11.5],"rotation":0,"texture":"#2","tintindex":0},"north":{"uv":[11.0,13.25,12.0,11.5],"rotation":0,"texture":"#2","tintindex":0},"west":{"uv":[8.0,13.25,9.0,11.5],"rotation":0,"texture":"#2","tintindex":0},"up":{"uv":[10.0,10.5,11.0,11.5],"rotation":0,"texture":"#2","tintindex":0},"down":{"uv":[9.0,11.5,10.0,10.5],"rotation":0,"texture":"#2","tintindex":0}}}],"display":{"head":{"translation":[0.0,-6.4,0.0],"scale":[4.0,4.0,4.0]}}}