{"textures":{"0":"modelengine:entity/crab_red"},"elements":[{"from":[9.430911,4.7749586,7.428571],"to":[9.430911,6.489245,8.571428],"rotation":{"angle":-45.0,"axis":"z","origin":[10.551003,9.005702,7.9621453]},"faces":{"east":{"uv":[2.75,6.0,2.25,6.75],"rotation":0,"texture":"#0","tintindex":0},"south":{"uv":[6.75,7.5,6.75,8.25],"rotation":0,"texture":"#0","tintindex":0},"north":{"uv":[7.5,6.25,7.5,7.0],"rotation":0,"texture":"#0","tintindex":0},"west":{"uv":[2.25,6.0,2.75,6.75],"rotation":0,"texture":"#0","tintindex":0},"up":{"uv":[7.25,4.25,7.25,3.75],"rotation":0,"texture":"#0","tintindex":0},"down":{"uv":[7.0,7.5,7.0,8.0],"rotation":0,"texture":"#0","tintindex":0}}},{"from":[9.430911,4.7749586,8.571428],"to":[10.573769,6.489245,8.571428],"rotation":{"angle":-45.0,"axis":"z","origin":[10.551003,9.005702,7.9621453]},"faces":{"east":{"uv":[7.75,4.0,7.75,4.75],"rotation":0,"texture":"#0","tintindex":0},"south":{"uv":[5.25,6.0,5.75,6.75],"rotation":0,"texture":"#0","tintindex":0},"north":{"uv":[5.75,6.0,5.25,6.75],"rotation":0,"texture":"#0","tintindex":0},"west":{"uv":[4.5,7.75,4.5,8.5],"rotation":0,"texture":"#0","tintindex":0},"up":{"uv":[5.25,7.75,4.75,7.75],"rotation":0,"texture":"#0","tintindex":0},"down":{"uv":[8.25,5.0,7.75,5.0],"rotation":0,"texture":"#0","tintindex":0}}},{"from":[9.430911,4.7749586,7.428571],"to":[10.573769,6.489245,7.428571],"rotation":{"angle":-45.0,"axis":"z","origin":[10.551003,9.005702,7.9621453]},"faces":{"east":{"uv":[7.25,7.5,7.25,8.25],"rotation":0,"texture":"#0","tintindex":0},"south":{"uv":[3.5,6.0,3.0,6.75],"rotation":0,"texture":"#0","tintindex":0},"north":{"uv":[3.0,6.0,3.5,6.75],"rotation":0,"texture":"#0","tintindex":0},"west":{"uv":[7.5,7.25,7.5,8.0],"rotation":0,"texture":"#0","tintindex":0},"up":{"uv":[4.25,7.75,3.75,7.75],"rotation":0,"texture":"#0","tintindex":0},"down":{"uv":[8.25,3.75,7.75,3.75],"rotation":0,"texture":"#0","tintindex":0}}}],"display":{"head":{"translation":[0.0,-6.4,0.0],"scale":[4.0,4.0,4.0]}}}