{"textures":{"0":"modelengine:entity/crab_red"},"elements":[{"from":[7.142857,7.373309,5.0261793],"to":[7.142857,8.516167,7.8833222],"rotation":{"angle":-22.5,"axis":"x","origin":[5.241667,8.85723,8.455762]},"faces":{"east":{"uv":[5.75,3.0,7.0,3.5],"rotation":0,"texture":"#0","tintindex":0},"south":{"uv":[8.0,8.25,8.0,8.75],"rotation":0,"texture":"#0","tintindex":0},"north":{"uv":[8.25,6.75,8.25,7.25],"rotation":0,"texture":"#0","tintindex":0},"west":{"uv":[7.0,3.0,5.75,3.5],"rotation":0,"texture":"#0","tintindex":0},"up":{"uv":[8.25,9.5,8.25,8.25],"rotation":0,"texture":"#0","tintindex":0},"down":{"uv":[1.0,8.5,1.0,9.75],"rotation":0,"texture":"#0","tintindex":0}}},{"from":[7.142857,7.373309,5.0261793],"to":[8.857143,8.516167,5.0261793],"rotation":{"angle":-22.5,"axis":"x","origin":[5.241667,8.85723,8.455762]},"faces":{"east":{"uv":[1.25,8.5,1.25,9.0],"rotation":0,"texture":"#0","tintindex":0},"south":{"uv":[7.25,0.75,8.0,1.25],"rotation":0,"texture":"#0","tintindex":0},"north":{"uv":[8.0,0.75,7.25,1.25],"rotation":0,"texture":"#0","tintindex":0},"west":{"uv":[8.5,0.75,8.5,1.25],"rotation":0,"texture":"#0","tintindex":0},"up":{"uv":[8.25,3.25,9.0,3.25],"rotation":0,"texture":"#0","tintindex":0},"down":{"uv":[8.25,3.5,9.0,3.5],"rotation":0,"texture":"#0","tintindex":0}}},{"from":[8.857143,7.373309,5.0261793],"to":[8.857143,8.516167,7.8833222],"rotation":{"angle":-22.5,"axis":"x","origin":[5.241667,8.85723,8.455762]},"faces":{"east":{"uv":[6.5,5.25,5.25,5.75],"rotation":0,"texture":"#0","tintindex":0},"south":{"uv":[8.25,4.0,8.25,4.5],"rotation":0,"texture":"#0","tintindex":0},"north":{"uv":[4.0,8.25,4.0,8.75],"rotation":0,"texture":"#0","tintindex":0},"west":{"uv":[5.25,5.25,6.5,5.75],"rotation":0,"texture":"#0","tintindex":0},"up":{"uv":[7.0,9.5,7.0,8.25],"rotation":0,"texture":"#0","tintindex":0},"down":{"uv":[7.5,8.25,7.5,9.5],"rotation":0,"texture":"#0","tintindex":0}}},{"from":[7.142857,7.373309,5.0261793],"to":[8.857143,7.373309,7.8833222],"rotation":{"angle":-22.5,"axis":"x","origin":[5.241667,8.85723,8.455762]},"faces":{"east":{"uv":[9.75,1.75,8.5,1.75],"rotation":0,"texture":"#0","tintindex":0},"south":{"uv":[9.0,6.0,8.25,6.0],"rotation":0,"texture":"#0","tintindex":0},"north":{"uv":[9.0,4.75,8.25,4.75],"rotation":0,"texture":"#0","tintindex":0},"west":{"uv":[9.5,5.75,8.25,5.75],"rotation":0,"texture":"#0","tintindex":0},"up":{"uv":[4.75,4.25,5.5,3.0],"rotation":0,"texture":"#0","tintindex":0},"down":{"uv":[4.75,3.0,5.5,4.25],"rotation":0,"texture":"#0","tintindex":0}}},{"from":[7.142857,7.373309,7.8833222],"to":[8.857143,8.516167,7.8833222],"rotation":{"angle":-22.5,"axis":"x","origin":[5.241667,8.85723,8.455762]},"faces":{"east":{"uv":[1.75,8.5,1.75,9.0],"rotation":0,"texture":"#0","tintindex":0},"south":{"uv":[8.0,3.0,7.25,3.5],"rotation":0,"texture":"#0","tintindex":0},"north":{"uv":[7.25,3.0,8.0,3.5],"rotation":0,"texture":"#0","tintindex":0},"west":{"uv":[1.5,8.5,1.5,9.0],"rotation":0,"texture":"#0","tintindex":0},"up":{"uv":[8.5,2.0,9.25,2.0],"rotation":0,"texture":"#0","tintindex":0},"down":{"uv":[8.5,2.25,9.25,2.25],"rotation":0,"texture":"#0","tintindex":0}}}],"display":{"head":{"translation":[0.0,-6.4,0.0],"scale":[4.0,4.0,4.0]}}}