{"textures":{"0":"modelengine:entity/dark_oak_creeper"},"elements":[{"from":[5.142857,8.0,5.142857],"to":[10.857143,19.428572,10.857143],"rotation":{"angle":0.0,"axis":"y","origin":[8.0,4.5714283,8.0]},"faces":{"east":{"uv":[0.0,2.5,2.5,7.5],"rotation":0,"texture":"#0","tintindex":0},"south":{"uv":[7.5,2.5,10.0,7.5],"rotation":0,"texture":"#0","tintindex":0},"north":{"uv":[2.5,2.5,5.0,7.5],"rotation":0,"texture":"#0","tintindex":0},"west":{"uv":[5.0,2.5,7.5,7.5],"rotation":0,"texture":"#0","tintindex":0},"up":{"uv":[5.0,2.5,2.5,0.0],"rotation":0,"texture":"#0","tintindex":0},"down":{"uv":[7.5,0.0,5.0,2.5],"rotation":0,"texture":"#0","tintindex":0}}},{"from":[4.5714283,19.428572,5.142857],"to":[11.428572,21.714287,5.142857],"rotation":{"angle":0.0,"axis":"y","origin":[8.0,4.5714283,8.0]},"faces":{"east":{"uv":[8.0,8.5,8.0,9.5],"rotation":0,"texture":"#0","tintindex":0},"south":{"uv":[11.0,8.5,8.0,9.5],"rotation":0,"texture":"#0","tintindex":0},"north":{"uv":[8.0,8.5,11.0,9.5],"rotation":0,"texture":"#0","tintindex":0},"west":{"uv":[11.0,8.5,11.0,9.5],"rotation":0,"texture":"#0","tintindex":0},"up":{"uv":[11.0,8.5,8.0,8.5],"rotation":0,"texture":"#0","tintindex":0},"down":{"uv":[14.0,8.5,11.0,8.5],"rotation":0,"texture":"#0","tintindex":0}}},{"from":[4.5714283,19.428572,10.857143],"to":[11.428572,21.714287,10.857143],"rotation":{"angle":0.0,"axis":"y","origin":[8.0,4.5714283,8.0]},"faces":{"east":{"uv":[8.0,7.5,8.0,8.5],"rotation":0,"texture":"#0","tintindex":0},"south":{"uv":[8.0,8.5,11.0,9.5],"rotation":0,"texture":"#0","tintindex":0},"north":{"uv":[11.0,8.5,8.0,9.5],"rotation":0,"texture":"#0","tintindex":0},"west":{"uv":[11.0,7.5,11.0,8.5],"rotation":0,"texture":"#0","tintindex":0},"up":{"uv":[11.0,7.5,8.0,7.5],"rotation":0,"texture":"#0","tintindex":0},"down":{"uv":[14.0,7.5,11.0,7.5],"rotation":0,"texture":"#0","tintindex":0}}},{"from":[10.857143,19.428572,4.5714283],"to":[10.857143,21.714287,11.428572],"rotation":{"angle":0.0,"axis":"y","origin":[8.0,4.5714283,8.0]},"faces":{"east":{"uv":[0.0,10.75,3.0,11.75],"rotation":0,"texture":"#0","tintindex":0},"south":{"uv":[6.0,10.75,6.0,11.75],"rotation":0,"texture":"#0","tintindex":0},"north":{"uv":[3.0,10.75,3.0,11.75],"rotation":0,"texture":"#0","tintindex":0},"west":{"uv":[3.0,10.75,0.0,11.75],"rotation":0,"texture":"#0","tintindex":0},"up":{"uv":[3.0,10.75,3.0,7.75],"rotation":0,"texture":"#0","tintindex":0},"down":{"uv":[3.0,7.75,3.0,10.75],"rotation":0,"texture":"#0","tintindex":0}}},{"from":[5.142857,19.428572,4.5714283],"to":[5.142857,21.714287,11.428572],"rotation":{"angle":0.0,"axis":"y","origin":[8.0,4.5714283,8.0]},"faces":{"east":{"uv":[0.0,10.75,3.0,11.75],"rotation":0,"texture":"#0","tintindex":0},"south":{"uv":[6.0,10.75,6.0,11.75],"rotation":0,"texture":"#0","tintindex":0},"north":{"uv":[3.0,10.75,3.0,11.75],"rotation":0,"texture":"#0","tintindex":0},"west":{"uv":[3.0,10.75,0.0,11.75],"rotation":0,"texture":"#0","tintindex":0},"up":{"uv":[3.0,10.75,3.0,7.75],"rotation":0,"texture":"#0","tintindex":0},"down":{"uv":[3.0,7.75,3.0,10.75],"rotation":0,"texture":"#0","tintindex":0}}},{"from":[3.4285712,12.0,8.0],"to":[12.571428,19.428572,8.0],"rotation":{"angle":0.0,"axis":"y","origin":[8.0,4.5714283,8.0]},"faces":{"east":{"uv":[0.0,7.5,0.0,10.75],"rotation":0,"texture":"#0","tintindex":0},"south":{"uv":[4.0,7.5,0.0,10.75],"rotation":0,"texture":"#0","tintindex":0},"north":{"uv":[0.0,7.5,4.0,10.75],"rotation":0,"texture":"#0","tintindex":0},"west":{"uv":[4.0,7.5,4.0,10.75],"rotation":0,"texture":"#0","tintindex":0},"up":{"uv":[4.0,7.5,0.0,7.5],"rotation":0,"texture":"#0","tintindex":0},"down":{"uv":[8.0,7.5,4.0,7.5],"rotation":0,"texture":"#0","tintindex":0}}},{"from":[5.142857,17.714287,5.142857],"to":[10.857143,17.714287,10.857143],"rotation":{"angle":0.0,"axis":"y","origin":[8.0,4.5714283,8.0]},"faces":{"east":{"uv":[5.0,2.5,7.5,2.5],"rotation":0,"texture":"#0","tintindex":0},"south":{"uv":[12.5,2.5,15.0,2.5],"rotation":0,"texture":"#0","tintindex":0},"north":{"uv":[7.5,2.5,10.0,2.5],"rotation":0,"texture":"#0","tintindex":0},"west":{"uv":[10.0,2.5,12.5,2.5],"rotation":0,"texture":"#0","tintindex":0},"up":{"uv":[10.0,2.5,7.5,0.0],"rotation":0,"texture":"#0","tintindex":0},"down":{"uv":[12.5,0.0,10.0,2.5],"rotation":0,"texture":"#0","tintindex":0}}},{"from":[10.857143,19.428572,10.857143],"to":[5.142857,8.0,5.142857],"rotation":{"angle":0.0,"axis":"y","origin":[8.0,4.5714283,8.0]},"faces":{"east":{"uv":[5.0,7.5,7.5,2.5],"rotation":0,"texture":"#0","tintindex":0},"south":{"uv":[2.5,7.5,5.0,2.5],"rotation":0,"texture":"#0","tintindex":0},"north":{"uv":[7.5,7.5,10.0,2.5],"rotation":0,"texture":"#0","tintindex":0},"west":{"uv":[0.0,7.5,2.5,2.5],"rotation":0,"texture":"#0","tintindex":0},"up":{"uv":[5.0,0.0,7.5,2.5],"rotation":0,"texture":"#0","tintindex":0},"down":{"uv":[2.5,2.5,5.0,0.0],"rotation":0,"texture":"#0","tintindex":0}}}],"display":{"head":{"translation":[0.0,-6.4,0.0],"scale":[4.0,4.0,4.0]}}}