{"textures":{"2":"modelengine:entity/creeper_armor_3"},"elements":[{"from":[4.0,6.857143,4.0],"to":[12.0,20.57143,12.0],"rotation":{"angle":0.0,"axis":"y","origin":[8.0,4.5714283,8.0]},"faces":{"east":{"uv":[0.0,2.5,2.5,7.5],"rotation":0,"texture":"#2","tintindex":0},"south":{"uv":[7.5,2.5,10.0,7.5],"rotation":0,"texture":"#2","tintindex":0},"north":{"uv":[2.5,2.5,5.0,7.5],"rotation":0,"texture":"#2","tintindex":0},"west":{"uv":[5.0,2.5,7.5,7.5],"rotation":0,"texture":"#2","tintindex":0},"up":{"uv":[5.0,2.5,2.5,0.0],"rotation":0,"texture":"#2","tintindex":0},"down":{"uv":[7.5,0.0,5.0,2.5],"rotation":0,"texture":"#2","tintindex":0}}},{"from":[12.0,20.57143,12.0],"to":[4.0,6.857143,4.0],"rotation":{"angle":0.0,"axis":"y","origin":[8.0,4.5714283,8.0]},"faces":{"east":{"uv":[5.0,7.5,7.5,2.5],"rotation":0,"texture":"#2","tintindex":0},"south":{"uv":[2.5,7.5,5.0,2.5],"rotation":0,"texture":"#2","tintindex":0},"north":{"uv":[7.5,7.5,10.0,2.5],"rotation":0,"texture":"#2","tintindex":0},"west":{"uv":[0.0,7.5,2.5,2.5],"rotation":0,"texture":"#2","tintindex":0},"up":{"uv":[5.0,0.0,7.5,2.5],"rotation":0,"texture":"#2","tintindex":0},"down":{"uv":[2.5,2.5,5.0,0.0],"rotation":0,"texture":"#2","tintindex":0}}}],"display":{"head":{"translation":[0.0,-6.4,0.0],"scale":[4.0,4.0,4.0]}}}