{"textures":{"0":"modelengine:entity/dark_oak_creeper"},"elements":[{"from":[6.857143,4.5714283,6.857143],"to":[9.714286,8.0,9.142858],"rotation":{"angle":0.0,"axis":"y","origin":[6.857143,4.5714283,10.285714]},"faces":{"east":{"uv":[10.0,6.0,11.0,7.5],"rotation":0,"texture":"#0","tintindex":0},"south":{"uv":[13.25,6.0,14.5,7.5],"rotation":0,"texture":"#0","tintindex":0},"north":{"uv":[11.0,6.0,12.25,7.5],"rotation":0,"texture":"#0","tintindex":0},"west":{"uv":[12.25,6.0,13.25,7.5],"rotation":0,"texture":"#0","tintindex":0},"up":{"uv":[12.25,6.0,11.0,5.0],"rotation":0,"texture":"#0","tintindex":0},"down":{"uv":[13.5,5.0,12.25,6.0],"rotation":0,"texture":"#0","tintindex":0}}}],"display":{"head":{"translation":[0.0,-6.4,0.0],"scale":[4.0,4.0,4.0]}}}