{"textures":{"2":"modelengine:entity/creeper_armor_3"},"elements":[{"from":[5.714286,3.4285712,5.714286],"to":[10.857143,9.142858,10.285714],"rotation":{"angle":0.0,"axis":"y","origin":[6.857143,4.5714283,10.285714]},"faces":{"east":{"uv":[10.0,6.0,11.0,7.5],"rotation":0,"texture":"#2","tintindex":0},"south":{"uv":[13.25,6.0,14.5,7.5],"rotation":0,"texture":"#2","tintindex":0},"north":{"uv":[11.0,6.0,12.25,7.5],"rotation":0,"texture":"#2","tintindex":0},"west":{"uv":[12.25,6.0,13.25,7.5],"rotation":0,"texture":"#2","tintindex":0},"up":{"uv":[12.25,6.0,11.0,5.0],"rotation":0,"texture":"#2","tintindex":0},"down":{"uv":[13.5,5.0,12.25,6.0],"rotation":0,"texture":"#2","tintindex":0}}},{"from":[10.857143,9.142858,10.285714],"to":[5.714286,3.4285712,5.714286],"rotation":{"angle":0.0,"axis":"y","origin":[6.857143,4.5714283,10.285714]},"faces":{"east":{"uv":[12.25,7.5,13.25,6.0],"rotation":0,"texture":"#2","tintindex":0},"south":{"uv":[11.0,7.5,12.25,6.0],"rotation":0,"texture":"#2","tintindex":0},"north":{"uv":[13.25,7.5,14.5,6.0],"rotation":0,"texture":"#2","tintindex":0},"west":{"uv":[10.0,7.5,11.0,6.0],"rotation":0,"texture":"#2","tintindex":0},"up":{"uv":[12.25,5.0,13.5,6.0],"rotation":0,"texture":"#2","tintindex":0},"down":{"uv":[11.0,6.0,12.25,5.0],"rotation":0,"texture":"#2","tintindex":0}}}],"display":{"head":{"translation":[0.0,-6.4,0.0],"scale":[4.0,4.0,4.0]}}}