{"textures":{"1":"modelengine:entity/cobweb_bullet_white"},"elements":[{"from":[14.285715,1.7142854,10.857143],"to":[26.857143,14.285715,10.857143],"rotation":{"angle":22.5,"axis":"y","origin":[14.285715,8.0,10.857143]},"faces":{"east":{"uv":[9.375,11.5,9.375,14.25],"rotation":0,"texture":"#1","tintindex":0},"south":{"uv":[0.0,8.625,2.75,11.375],"rotation":0,"texture":"#1","tintindex":0},"north":{"uv":[5.75,5.75,8.5,8.5],"rotation":0,"texture":"#1","tintindex":0},"west":{"uv":[9.5,11.5,9.5,14.25],"rotation":0,"texture":"#1","tintindex":0},"up":{"uv":[14.375,6.375,11.625,6.375],"rotation":0,"texture":"#1","tintindex":0},"down":{"uv":[14.375,6.5,11.625,6.5],"rotation":0,"texture":"#1","tintindex":0}}},{"from":[1.7142854,1.7142854,10.857143],"to":[14.285715,14.285715,10.857143],"rotation":{"angle":0.0,"axis":"y","origin":[8.0,1.7142854,10.857143]},"faces":{"east":{"uv":[5.75,11.5,5.75,14.25],"rotation":0,"texture":"#1","tintindex":0},"south":{"uv":[0.0,2.875,2.75,5.625],"rotation":0,"texture":"#1","tintindex":0},"north":{"uv":[0.0,0.0,2.75,2.75],"rotation":0,"texture":"#1","tintindex":0},"west":{"uv":[11.5,5.75,11.5,8.5],"rotation":0,"texture":"#1","tintindex":0},"up":{"uv":[8.625,11.5,5.875,11.5],"rotation":0,"texture":"#1","tintindex":0},"down":{"uv":[14.25,8.625,11.5,8.625],"rotation":0,"texture":"#1","tintindex":0}}},{"from":[1.7142854,-10.857143,10.857143],"to":[14.285715,1.7142854,10.857143],"rotation":{"angle":22.5,"axis":"x","origin":[8.0,1.7142854,10.857143]},"faces":{"east":{"uv":[8.75,11.5,8.75,14.25],"rotation":0,"texture":"#1","tintindex":0},"south":{"uv":[2.875,2.875,5.625,5.625],"rotation":0,"texture":"#1","tintindex":0},"north":{"uv":[2.875,0.0,5.625,2.75],"rotation":0,"texture":"#1","tintindex":0},"west":{"uv":[11.5,8.75,11.5,11.5],"rotation":0,"texture":"#1","tintindex":0},"up":{"uv":[14.375,5.75,11.625,5.75],"rotation":0,"texture":"#1","tintindex":0},"down":{"uv":[8.625,11.625,5.875,11.625],"rotation":0,"texture":"#1","tintindex":0}}},{"from":[-10.857143,1.7142854,10.857143],"to":[1.7142854,14.285715,10.857143],"rotation":{"angle":-22.5,"axis":"y","origin":[1.7142854,9.142858,10.857143]},"faces":{"east":{"uv":[8.875,11.5,8.875,14.25],"rotation":0,"texture":"#1","tintindex":0},"south":{"uv":[5.75,0.0,8.5,2.75],"rotation":0,"texture":"#1","tintindex":0},"north":{"uv":[0.0,5.75,2.75,8.5],"rotation":0,"texture":"#1","tintindex":0},"west":{"uv":[9.0,11.5,9.0,14.25],"rotation":0,"texture":"#1","tintindex":0},"up":{"uv":[14.375,5.875,11.625,5.875],"rotation":0,"texture":"#1","tintindex":0},"down":{"uv":[14.375,6.0,11.625,6.0],"rotation":0,"texture":"#1","tintindex":0}}},{"from":[1.7142854,14.285715,10.857143],"to":[14.285715,26.857143,10.857143],"rotation":{"angle":-22.5,"axis":"x","origin":[8.0,14.285715,10.857143]},"faces":{"east":{"uv":[9.125,11.5,9.125,14.25],"rotation":0,"texture":"#1","tintindex":0},"south":{"uv":[5.75,2.875,8.5,5.625],"rotation":0,"texture":"#1","tintindex":0},"north":{"uv":[2.875,5.75,5.625,8.5],"rotation":0,"texture":"#1","tintindex":0},"west":{"uv":[9.25,11.5,9.25,14.25],"rotation":0,"texture":"#1","tintindex":0},"up":{"uv":[14.375,6.125,11.625,6.125],"rotation":0,"texture":"#1","tintindex":0},"down":{"uv":[14.375,6.25,11.625,6.25],"rotation":0,"texture":"#1","tintindex":0}}}],"display":{"head":{"translation":[0.0,-6.4,0.0],"scale":[4.0,4.0,4.0]}}}