{"parent":"minecraft:item/generated","textures":{"layer0":"minecraft:item/leather_horse_armor"},"overrides":[{"predicate":{"custom_model_data":1},"model":"modelengine:anchor/group"},{"predicate":{"custom_model_data":2},"model":"modelengine:anchor_throw/group"},{"predicate":{"custom_model_data":3},"model":"modelengine:armadillo/armadillo"},{"predicate":{"custom_model_data":4},"model":"modelengine:armadillo/frontleftleg"},{"predicate":{"custom_model_data":5},"model":"modelengine:armadillo/frontrightleg"},{"predicate":{"custom_model_data":6},"model":"modelengine:armadillo/leftbackleg"},{"predicate":{"custom_model_data":7},"model":"modelengine:armadillo/rightbackleg"},{"predicate":{"custom_model_data":8},"model":"modelengine:armadillo/head"},{"predicate":{"custom_model_data":9},"model":"modelengine:barreleye_fish/body"},{"predicate":{"custom_model_data":10},"model":"modelengine:barreleye_fish/right_fin"},{"predicate":{"custom_model_data":11},"model":"modelengine:barreleye_fish/tail"},{"predicate":{"custom_model_data":12},"model":"modelengine:barreleye_fish/left_fin"},{"predicate":{"custom_model_data":13},"model":"modelengine:bear_black/left_thigh"},{"predicate":{"custom_model_data":14},"model":"modelengine:bear_black/left_leg"},{"predicate":{"custom_model_data":15},"model":"modelengine:bear_black/left_ankle"},{"predicate":{"custom_model_data":16},"model":"modelengine:bear_black/left_foot"},{"predicate":{"custom_model_data":17},"model":"modelengine:bear_black/right_thigh"},{"predicate":{"custom_model_data":18},"model":"modelengine:bear_black/right_leg"},{"predicate":{"custom_model_data":19},"model":"modelengine:bear_black/right_ankle"},{"predicate":{"custom_model_data":20},"model":"modelengine:bear_black/right_foot"},{"predicate":{"custom_model_data":21},"model":"modelengine:bear_black/upper_body"},{"predicate":{"custom_model_data":22},"model":"modelengine:bear_black/stomach"},{"predicate":{"custom_model_data":23},"model":"modelengine:bear_black/left_arm"},{"predicate":{"custom_model_data":24},"model":"modelengine:bear_black/left_wrist"},{"predicate":{"custom_model_data":25},"model":"modelengine:bear_black/left_hand"},{"predicate":{"custom_model_data":26},"model":"modelengine:bear_black/right_arm"},{"predicate":{"custom_model_data":27},"model":"modelengine:bear_black/right_wrist"},{"predicate":{"custom_model_data":28},"model":"modelengine:bear_black/right_hand"},{"predicate":{"custom_model_data":29},"model":"modelengine:bear_black/head"},{"predicate":{"custom_model_data":30},"model":"modelengine:bear_black/jaw"},{"predicate":{"custom_model_data":31},"model":"modelengine:bear_black/honeycomb"},{"predicate":{"custom_model_data":32},"model":"modelengine:bear_black/fish"},{"predicate":{"custom_model_data":33},"model":"modelengine:bear_black/head_honey"},{"predicate":{"custom_model_data":34},"model":"modelengine:bear_black/jaw_honey"},{"predicate":{"custom_model_data":35},"model":"modelengine:bear_brown/left_thigh"},{"predicate":{"custom_model_data":36},"model":"modelengine:bear_brown/left_leg"},{"predicate":{"custom_model_data":37},"model":"modelengine:bear_brown/left_ankle"},{"predicate":{"custom_model_data":38},"model":"modelengine:bear_brown/left_foot"},{"predicate":{"custom_model_data":39},"model":"modelengine:bear_brown/right_thigh"},{"predicate":{"custom_model_data":40},"model":"modelengine:bear_brown/right_leg"},{"predicate":{"custom_model_data":41},"model":"modelengine:bear_brown/right_ankle"},{"predicate":{"custom_model_data":42},"model":"modelengine:bear_brown/right_foot"},{"predicate":{"custom_model_data":43},"model":"modelengine:bear_brown/upper_body"},{"predicate":{"custom_model_data":44},"model":"modelengine:bear_brown/stomach"},{"predicate":{"custom_model_data":45},"model":"modelengine:bear_brown/left_arm"},{"predicate":{"custom_model_data":46},"model":"modelengine:bear_brown/left_wrist"},{"predicate":{"custom_model_data":47},"model":"modelengine:bear_brown/left_hand"},{"predicate":{"custom_model_data":48},"model":"modelengine:bear_brown/right_arm"},{"predicate":{"custom_model_data":49},"model":"modelengine:bear_brown/right_wrist"},{"predicate":{"custom_model_data":50},"model":"modelengine:bear_brown/right_hand"},{"predicate":{"custom_model_data":51},"model":"modelengine:bear_brown/head"},{"predicate":{"custom_model_data":52},"model":"modelengine:bear_brown/jaw"},{"predicate":{"custom_model_data":53},"model":"modelengine:bear_brown/honeycomb"},{"predicate":{"custom_model_data":54},"model":"modelengine:bear_brown/fish"},{"predicate":{"custom_model_data":55},"model":"modelengine:bear_brown/head_honey"},{"predicate":{"custom_model_data":56},"model":"modelengine:bear_brown/jaw_honey"},{"predicate":{"custom_model_data":57},"model":"modelengine:bear_brown/saddle"},{"predicate":{"custom_model_data":58},"model":"modelengine:bear_panda/left_thigh"},{"predicate":{"custom_model_data":59},"model":"modelengine:bear_panda/left_leg"},{"predicate":{"custom_model_data":60},"model":"modelengine:bear_panda/left_ankle"},{"predicate":{"custom_model_data":61},"model":"modelengine:bear_panda/left_foot"},{"predicate":{"custom_model_data":62},"model":"modelengine:bear_panda/right_thigh"},{"predicate":{"custom_model_data":63},"model":"modelengine:bear_panda/right_leg"},{"predicate":{"custom_model_data":64},"model":"modelengine:bear_panda/right_ankle"},{"predicate":{"custom_model_data":65},"model":"modelengine:bear_panda/right_foot"},{"predicate":{"custom_model_data":66},"model":"modelengine:bear_panda/upper_body"},{"predicate":{"custom_model_data":67},"model":"modelengine:bear_panda/stomach"},{"predicate":{"custom_model_data":68},"model":"modelengine:bear_panda/left_arm"},{"predicate":{"custom_model_data":69},"model":"modelengine:bear_panda/left_wrist"},{"predicate":{"custom_model_data":70},"model":"modelengine:bear_panda/left_hand"},{"predicate":{"custom_model_data":71},"model":"modelengine:bear_panda/right_arm"},{"predicate":{"custom_model_data":72},"model":"modelengine:bear_panda/right_wrist"},{"predicate":{"custom_model_data":73},"model":"modelengine:bear_panda/right_hand"},{"predicate":{"custom_model_data":74},"model":"modelengine:bear_panda/head"},{"predicate":{"custom_model_data":75},"model":"modelengine:bear_panda/jaw"},{"predicate":{"custom_model_data":76},"model":"modelengine:bear_panda/bamboo"},{"predicate":{"custom_model_data":77},"model":"modelengine:bear_panda/saddle"},{"predicate":{"custom_model_data":78},"model":"modelengine:bear_polar/left_thigh"},{"predicate":{"custom_model_data":79},"model":"modelengine:bear_polar/left_leg"},{"predicate":{"custom_model_data":80},"model":"modelengine:bear_polar/left_ankle"},{"predicate":{"custom_model_data":81},"model":"modelengine:bear_polar/left_foot"},{"predicate":{"custom_model_data":82},"model":"modelengine:bear_polar/right_thigh"},{"predicate":{"custom_model_data":83},"model":"modelengine:bear_polar/right_leg"},{"predicate":{"custom_model_data":84},"model":"modelengine:bear_polar/right_ankle"},{"predicate":{"custom_model_data":85},"model":"modelengine:bear_polar/right_foot"},{"predicate":{"custom_model_data":86},"model":"modelengine:bear_polar/upper_body"},{"predicate":{"custom_model_data":87},"model":"modelengine:bear_polar/stomach"},{"predicate":{"custom_model_data":88},"model":"modelengine:bear_polar/left_arm"},{"predicate":{"custom_model_data":89},"model":"modelengine:bear_polar/left_wrist"},{"predicate":{"custom_model_data":90},"model":"modelengine:bear_polar/left_hand"},{"predicate":{"custom_model_data":91},"model":"modelengine:bear_polar/right_arm"},{"predicate":{"custom_model_data":92},"model":"modelengine:bear_polar/right_wrist"},{"predicate":{"custom_model_data":93},"model":"modelengine:bear_polar/right_hand"},{"predicate":{"custom_model_data":94},"model":"modelengine:bear_polar/head"},{"predicate":{"custom_model_data":95},"model":"modelengine:bear_polar/jaw"},{"predicate":{"custom_model_data":96},"model":"modelengine:bear_polar/honeycomb"},{"predicate":{"custom_model_data":97},"model":"modelengine:bear_polar/fish"},{"predicate":{"custom_model_data":98},"model":"modelengine:bear_polar/head_honey"},{"predicate":{"custom_model_data":99},"model":"modelengine:bear_polar/jaw_honey"},{"predicate":{"custom_model_data":100},"model":"modelengine:bear_polar/saddle"},{"predicate":{"custom_model_data":101},"model":"modelengine:blue_slime/slime"},{"predicate":{"custom_model_data":102},"model":"modelengine:blue_slime/slime_mid"},{"predicate":{"custom_model_data":103},"model":"modelengine:blue_slime/slime_end"},{"predicate":{"custom_model_data":104},"model":"modelengine:cacti/cacti"},{"predicate":{"custom_model_data":105},"model":"modelengine:camel/camel"},{"predicate":{"custom_model_data":106},"model":"modelengine:camel/head"},{"predicate":{"custom_model_data":107},"model":"modelengine:camel/leftbackfoot"},{"predicate":{"custom_model_data":108},"model":"modelengine:camel/leftbackleg"},{"predicate":{"custom_model_data":109},"model":"modelengine:camel/rightbackfoot"},{"predicate":{"custom_model_data":110},"model":"modelengine:camel/rightbackleg"},{"predicate":{"custom_model_data":111},"model":"modelengine:camel/leftfrontfoot"},{"predicate":{"custom_model_data":112},"model":"modelengine:camel/leftfrontleg"},{"predicate":{"custom_model_data":113},"model":"modelengine:camel/rightfrontfoot"},{"predicate":{"custom_model_data":114},"model":"modelengine:camel/rightfrontleg"},{"predicate":{"custom_model_data":115},"model":"modelengine:clang_ai/torso"},{"predicate":{"custom_model_data":116},"model":"modelengine:clang_ai/head"},{"predicate":{"custom_model_data":117},"model":"modelengine:clang_ai/ear_right"},{"predicate":{"custom_model_data":118},"model":"modelengine:clang_ai/ear_left"},{"predicate":{"custom_model_data":119},"model":"modelengine:clang_ai/arm_left"},{"predicate":{"custom_model_data":120},"model":"modelengine:clang_ai/forearm_left"},{"predicate":{"custom_model_data":121},"model":"modelengine:clang_ai/arm_right"},{"predicate":{"custom_model_data":122},"model":"modelengine:clang_ai/forearm_right"},{"predicate":{"custom_model_data":123},"model":"modelengine:clang_ai/leg_left"},{"predicate":{"custom_model_data":124},"model":"modelengine:clang_ai/lower_leg_left"},{"predicate":{"custom_model_data":125},"model":"modelengine:clang_ai/foot_left"},{"predicate":{"custom_model_data":126},"model":"modelengine:clang_ai/leg_right"},{"predicate":{"custom_model_data":127},"model":"modelengine:clang_ai/lower_leg_right"},{"predicate":{"custom_model_data":128},"model":"modelengine:clang_ai/foot_right"},{"predicate":{"custom_model_data":129},"model":"modelengine:clang_bot/torso"},{"predicate":{"custom_model_data":130},"model":"modelengine:clang_bot/arm_right"},{"predicate":{"custom_model_data":131},"model":"modelengine:clang_bot/forearm_right"},{"predicate":{"custom_model_data":132},"model":"modelengine:clang_bot/hammer"},{"predicate":{"custom_model_data":133},"model":"modelengine:clang_bot/arm_left"},{"predicate":{"custom_model_data":134},"model":"modelengine:clang_bot/forearm_left"},{"predicate":{"custom_model_data":135},"model":"modelengine:clang_bot/leg_left"},{"predicate":{"custom_model_data":136},"model":"modelengine:clang_bot/leg_lower_left"},{"predicate":{"custom_model_data":137},"model":"modelengine:clang_bot/foot_left"},{"predicate":{"custom_model_data":138},"model":"modelengine:clang_bot/leg_right"},{"predicate":{"custom_model_data":139},"model":"modelengine:clang_bot/leg_lower_right"},{"predicate":{"custom_model_data":140},"model":"modelengine:clang_bot/foot_right"},{"predicate":{"custom_model_data":141},"model":"modelengine:clang_bot/hoodie"},{"predicate":{"custom_model_data":142},"model":"modelengine:clang_bot/ear_right"},{"predicate":{"custom_model_data":143},"model":"modelengine:clang_bot/ear_left"},{"predicate":{"custom_model_data":144},"model":"modelengine:clang_bot/head"},{"predicate":{"custom_model_data":145},"model":"modelengine:clang_bot_hammer/hammer"},{"predicate":{"custom_model_data":146},"model":"modelengine:cobweb/head"},{"predicate":{"custom_model_data":147},"model":"modelengine:cobweb/bone"},{"predicate":{"custom_model_data":148},"model":"modelengine:crab/leg2"},{"predicate":{"custom_model_data":149},"model":"modelengine:crab/body"},{"predicate":{"custom_model_data":150},"model":"modelengine:crab/right_hand"},{"predicate":{"custom_model_data":151},"model":"modelengine:crab/right_hand2"},{"predicate":{"custom_model_data":152},"model":"modelengine:crab/right_hand4"},{"predicate":{"custom_model_data":153},"model":"modelengine:crab/right_hand3"},{"predicate":{"custom_model_data":154},"model":"modelengine:crab/left_hand"},{"predicate":{"custom_model_data":155},"model":"modelengine:crab/left_hand2"},{"predicate":{"custom_model_data":156},"model":"modelengine:crab/left_hand3"},{"predicate":{"custom_model_data":157},"model":"modelengine:crab/left_hand4"},{"predicate":{"custom_model_data":158},"model":"modelengine:crab/leg3"},{"predicate":{"custom_model_data":159},"model":"modelengine:crab/leg1"},{"predicate":{"custom_model_data":160},"model":"modelengine:crab/leg4"},{"predicate":{"custom_model_data":161},"model":"modelengine:crab/leg5"},{"predicate":{"custom_model_data":162},"model":"modelengine:crab/leg6"},{"predicate":{"custom_model_data":163},"model":"modelengine:crab/leg7"},{"predicate":{"custom_model_data":164},"model":"modelengine:crab/leg8"},{"predicate":{"custom_model_data":165},"model":"modelengine:crab_hermit/body"},{"predicate":{"custom_model_data":166},"model":"modelengine:crab_hermit/shell"},{"predicate":{"custom_model_data":167},"model":"modelengine:crab_hermit/left_front_leg"},{"predicate":{"custom_model_data":168},"model":"modelengine:crab_hermit/right_front_leg"},{"predicate":{"custom_model_data":169},"model":"modelengine:crab_hermit/left_back_leg"},{"predicate":{"custom_model_data":170},"model":"modelengine:crab_hermit/right_back_leg"},{"predicate":{"custom_model_data":171},"model":"modelengine:crab_hermit/left_mid_leg"},{"predicate":{"custom_model_data":172},"model":"modelengine:crab_hermit/right_mid_leg"},{"predicate":{"custom_model_data":173},"model":"modelengine:crab_hermit/left_claw"},{"predicate":{"custom_model_data":174},"model":"modelengine:crab_hermit/left_claw_jaw"},{"predicate":{"custom_model_data":175},"model":"modelengine:crab_hermit/right_claw"},{"predicate":{"custom_model_data":176},"model":"modelengine:crab_hermit/right_claw_jaw"},{"predicate":{"custom_model_data":177},"model":"modelengine:crab_mudflat/body"},{"predicate":{"custom_model_data":178},"model":"modelengine:crab_mudflat/left_front_leg"},{"predicate":{"custom_model_data":179},"model":"modelengine:crab_mudflat/right_front_leg"},{"predicate":{"custom_model_data":180},"model":"modelengine:crab_mudflat/left_back_leg"},{"predicate":{"custom_model_data":181},"model":"modelengine:crab_mudflat/right_back_leg"},{"predicate":{"custom_model_data":182},"model":"modelengine:crab_mudflat/left_mid_leg"},{"predicate":{"custom_model_data":183},"model":"modelengine:crab_mudflat/right_mid_leg"},{"predicate":{"custom_model_data":184},"model":"modelengine:crab_mudflat/left_claw"},{"predicate":{"custom_model_data":185},"model":"modelengine:crab_mudflat/left_claw_jaw"},{"predicate":{"custom_model_data":186},"model":"modelengine:crab_mudflat/right_claw"},{"predicate":{"custom_model_data":187},"model":"modelengine:crab_mudflat/right_claw_jaw"},{"predicate":{"custom_model_data":188},"model":"modelengine:crab_mudflat_underground/body"},{"predicate":{"custom_model_data":189},"model":"modelengine:crab_mudflat_underground/left_front_leg"},{"predicate":{"custom_model_data":190},"model":"modelengine:crab_mudflat_underground/right_front_leg"},{"predicate":{"custom_model_data":191},"model":"modelengine:crab_mudflat_underground/left_back_leg"},{"predicate":{"custom_model_data":192},"model":"modelengine:crab_mudflat_underground/right_back_leg"},{"predicate":{"custom_model_data":193},"model":"modelengine:crab_mudflat_underground/left_mid_leg"},{"predicate":{"custom_model_data":194},"model":"modelengine:crab_mudflat_underground/right_mid_leg"},{"predicate":{"custom_model_data":195},"model":"modelengine:crab_mudflat_underground/left_claw"},{"predicate":{"custom_model_data":196},"model":"modelengine:crab_mudflat_underground/left_claw_jaw"},{"predicate":{"custom_model_data":197},"model":"modelengine:crab_mudflat_underground/right_claw"},{"predicate":{"custom_model_data":198},"model":"modelengine:crab_mudflat_underground/right_claw_jaw"},{"predicate":{"custom_model_data":199},"model":"modelengine:crab_red/body"},{"predicate":{"custom_model_data":200},"model":"modelengine:crab_red/left_front_leg"},{"predicate":{"custom_model_data":201},"model":"modelengine:crab_red/right_front_leg"},{"predicate":{"custom_model_data":202},"model":"modelengine:crab_red/left_back_leg"},{"predicate":{"custom_model_data":203},"model":"modelengine:crab_red/right_back_leg"},{"predicate":{"custom_model_data":204},"model":"modelengine:crab_red/left_mid_leg"},{"predicate":{"custom_model_data":205},"model":"modelengine:crab_red/right_mid_leg"},{"predicate":{"custom_model_data":206},"model":"modelengine:crab_red/left_claw"},{"predicate":{"custom_model_data":207},"model":"modelengine:crab_red/left_claw_jaw"},{"predicate":{"custom_model_data":208},"model":"modelengine:crab_red/right_claw"},{"predicate":{"custom_model_data":209},"model":"modelengine:crab_red/right_claw_jaw"},{"predicate":{"custom_model_data":210},"model":"modelengine:crab_red_underground/body"},{"predicate":{"custom_model_data":211},"model":"modelengine:crab_red_underground/left_front_leg"},{"predicate":{"custom_model_data":212},"model":"modelengine:crab_red_underground/right_front_leg"},{"predicate":{"custom_model_data":213},"model":"modelengine:crab_red_underground/left_back_leg"},{"predicate":{"custom_model_data":214},"model":"modelengine:crab_red_underground/right_back_leg"},{"predicate":{"custom_model_data":215},"model":"modelengine:crab_red_underground/left_mid_leg"},{"predicate":{"custom_model_data":216},"model":"modelengine:crab_red_underground/right_mid_leg"},{"predicate":{"custom_model_data":217},"model":"modelengine:crab_red_underground/left_claw"},{"predicate":{"custom_model_data":218},"model":"modelengine:crab_red_underground/left_claw_jaw"},{"predicate":{"custom_model_data":219},"model":"modelengine:crab_red_underground/right_claw"},{"predicate":{"custom_model_data":220},"model":"modelengine:crab_red_underground/right_claw_jaw"},{"predicate":{"custom_model_data":221},"model":"modelengine:crimson_furbeak/upper_body"},{"predicate":{"custom_model_data":222},"model":"modelengine:crimson_furbeak/head"},{"predicate":{"custom_model_data":223},"model":"modelengine:crimson_furbeak/beak"},{"predicate":{"custom_model_data":224},"model":"modelengine:crimson_furbeak/jaw"},{"predicate":{"custom_model_data":225},"model":"modelengine:crimson_furbeak/left_leg"},{"predicate":{"custom_model_data":226},"model":"modelengine:crimson_furbeak/left_foot"},{"predicate":{"custom_model_data":227},"model":"modelengine:crimson_furbeak/right_leg"},{"predicate":{"custom_model_data":228},"model":"modelengine:crimson_furbeak/right_foot"},{"predicate":{"custom_model_data":229},"model":"modelengine:crimson_furbeak/lower_body"},{"predicate":{"custom_model_data":230},"model":"modelengine:crimson_furbeak/lower_body_end"},{"predicate":{"custom_model_data":231},"model":"modelengine:crocodile_cuban/upper_body"},{"predicate":{"custom_model_data":232},"model":"modelengine:crocodile_cuban/tail"},{"predicate":{"custom_model_data":233},"model":"modelengine:crocodile_cuban/tail_end"},{"predicate":{"custom_model_data":234},"model":"modelengine:crocodile_cuban/left_arm"},{"predicate":{"custom_model_data":235},"model":"modelengine:crocodile_cuban/left_wrist"},{"predicate":{"custom_model_data":236},"model":"modelengine:crocodile_cuban/left_hand"},{"predicate":{"custom_model_data":237},"model":"modelengine:crocodile_cuban/right_arm"},{"predicate":{"custom_model_data":238},"model":"modelengine:crocodile_cuban/right_wrist"},{"predicate":{"custom_model_data":239},"model":"modelengine:crocodile_cuban/right_hand"},{"predicate":{"custom_model_data":240},"model":"modelengine:crocodile_cuban/head"},{"predicate":{"custom_model_data":241},"model":"modelengine:crocodile_cuban/jaw"},{"predicate":{"custom_model_data":242},"model":"modelengine:crocodile_cuban/meat"},{"predicate":{"custom_model_data":243},"model":"modelengine:crocodile_cuban/saddle"},{"predicate":{"custom_model_data":244},"model":"modelengine:crocodile_cuban/left_leg"},{"predicate":{"custom_model_data":245},"model":"modelengine:crocodile_cuban/left_ankle"},{"predicate":{"custom_model_data":246},"model":"modelengine:crocodile_cuban/left_foot"},{"predicate":{"custom_model_data":247},"model":"modelengine:crocodile_cuban/right_leg"},{"predicate":{"custom_model_data":248},"model":"modelengine:crocodile_cuban/right_ankle"},{"predicate":{"custom_model_data":249},"model":"modelengine:crocodile_cuban/right_foot"},{"predicate":{"custom_model_data":250},"model":"modelengine:crocodile_saltwater/upper_body"},{"predicate":{"custom_model_data":251},"model":"modelengine:crocodile_saltwater/tail"},{"predicate":{"custom_model_data":252},"model":"modelengine:crocodile_saltwater/tail_end"},{"predicate":{"custom_model_data":253},"model":"modelengine:crocodile_saltwater/left_arm"},{"predicate":{"custom_model_data":254},"model":"modelengine:crocodile_saltwater/left_wrist"},{"predicate":{"custom_model_data":255},"model":"modelengine:crocodile_saltwater/left_hand"},{"predicate":{"custom_model_data":256},"model":"modelengine:crocodile_saltwater/right_arm"},{"predicate":{"custom_model_data":257},"model":"modelengine:crocodile_saltwater/right_wrist"},{"predicate":{"custom_model_data":258},"model":"modelengine:crocodile_saltwater/right_hand"},{"predicate":{"custom_model_data":259},"model":"modelengine:crocodile_saltwater/head"},{"predicate":{"custom_model_data":260},"model":"modelengine:crocodile_saltwater/jaw"},{"predicate":{"custom_model_data":261},"model":"modelengine:crocodile_saltwater/meat"},{"predicate":{"custom_model_data":262},"model":"modelengine:crocodile_saltwater/saddle"},{"predicate":{"custom_model_data":263},"model":"modelengine:crocodile_saltwater/left_leg"},{"predicate":{"custom_model_data":264},"model":"modelengine:crocodile_saltwater/left_ankle"},{"predicate":{"custom_model_data":265},"model":"modelengine:crocodile_saltwater/left_foot"},{"predicate":{"custom_model_data":266},"model":"modelengine:crocodile_saltwater/right_leg"},{"predicate":{"custom_model_data":267},"model":"modelengine:crocodile_saltwater/right_ankle"},{"predicate":{"custom_model_data":268},"model":"modelengine:crocodile_saltwater/right_foot"},{"predicate":{"custom_model_data":269},"model":"modelengine:cursed_shroom/upper_body"},{"predicate":{"custom_model_data":270},"model":"modelengine:cursed_shroom/left_arm"},{"predicate":{"custom_model_data":271},"model":"modelengine:cursed_shroom/right_arm"},{"predicate":{"custom_model_data":272},"model":"modelengine:cursed_shroom/hat"},{"predicate":{"custom_model_data":273},"model":"modelengine:cursed_shroom/left_foot"},{"predicate":{"custom_model_data":274},"model":"modelengine:cursed_shroom/right_foot"},{"predicate":{"custom_model_data":275},"model":"modelengine:dirtdevil/dirtdevil"},{"predicate":{"custom_model_data":276},"model":"modelengine:dirtdevil/bone2"},{"predicate":{"custom_model_data":277},"model":"modelengine:dirtdevil/bone"},{"predicate":{"custom_model_data":278},"model":"modelengine:duck_mallard/upper_body"},{"predicate":{"custom_model_data":279},"model":"modelengine:duck_mallard/head"},{"predicate":{"custom_model_data":280},"model":"modelengine:duck_mallard/jaw"},{"predicate":{"custom_model_data":281},"model":"modelengine:duck_mallard/crumb"},{"predicate":{"custom_model_data":282},"model":"modelengine:duck_mallard/neck"},{"predicate":{"custom_model_data":283},"model":"modelengine:duck_mallard/left_wing"},{"predicate":{"custom_model_data":284},"model":"modelengine:duck_mallard/right_wing"},{"predicate":{"custom_model_data":285},"model":"modelengine:duck_mallard/left_leg"},{"predicate":{"custom_model_data":286},"model":"modelengine:duck_mallard/left_foot"},{"predicate":{"custom_model_data":287},"model":"modelengine:duck_mallard/right_leg"},{"predicate":{"custom_model_data":288},"model":"modelengine:duck_mallard/right_foot"},{"predicate":{"custom_model_data":289},"model":"modelengine:duck_white/upper_body"},{"predicate":{"custom_model_data":290},"model":"modelengine:duck_white/head"},{"predicate":{"custom_model_data":291},"model":"modelengine:duck_white/jaw"},{"predicate":{"custom_model_data":292},"model":"modelengine:duck_white/crumb"},{"predicate":{"custom_model_data":293},"model":"modelengine:duck_white/neck"},{"predicate":{"custom_model_data":294},"model":"modelengine:duck_white/left_wing"},{"predicate":{"custom_model_data":295},"model":"modelengine:duck_white/right_wing"},{"predicate":{"custom_model_data":296},"model":"modelengine:duck_white/left_leg"},{"predicate":{"custom_model_data":297},"model":"modelengine:duck_white/left_foot"},{"predicate":{"custom_model_data":298},"model":"modelengine:duck_white/right_leg"},{"predicate":{"custom_model_data":299},"model":"modelengine:duck_white/right_foot"},{"predicate":{"custom_model_data":300},"model":"modelengine:fire_furbeak/upper_body"},{"predicate":{"custom_model_data":301},"model":"modelengine:fire_furbeak/head"},{"predicate":{"custom_model_data":302},"model":"modelengine:fire_furbeak/beak"},{"predicate":{"custom_model_data":303},"model":"modelengine:fire_furbeak/jaw"},{"predicate":{"custom_model_data":304},"model":"modelengine:fire_furbeak/left_leg"},{"predicate":{"custom_model_data":305},"model":"modelengine:fire_furbeak/left_foot"},{"predicate":{"custom_model_data":306},"model":"modelengine:fire_furbeak/right_leg"},{"predicate":{"custom_model_data":307},"model":"modelengine:fire_furbeak/right_foot"},{"predicate":{"custom_model_data":308},"model":"modelengine:fire_furbeak/lower_body"},{"predicate":{"custom_model_data":309},"model":"modelengine:fire_furbeak/lower_body_end"},{"predicate":{"custom_model_data":310},"model":"modelengine:firefly/body"},{"predicate":{"custom_model_data":311},"model":"modelengine:firefly/left_wing"},{"predicate":{"custom_model_data":312},"model":"modelengine:firefly/right_wing"},{"predicate":{"custom_model_data":313},"model":"modelengine:firefly_bunch/body"},{"predicate":{"custom_model_data":314},"model":"modelengine:firefly_bunch/left_wing"},{"predicate":{"custom_model_data":315},"model":"modelengine:firefly_bunch/right_wing"},{"predicate":{"custom_model_data":316},"model":"modelengine:firefly_bunch/body2"},{"predicate":{"custom_model_data":317},"model":"modelengine:firefly_bunch/left_wing2"},{"predicate":{"custom_model_data":318},"model":"modelengine:firefly_bunch/right_wing2"},{"predicate":{"custom_model_data":319},"model":"modelengine:firefly_bunch/body3"},{"predicate":{"custom_model_data":320},"model":"modelengine:firefly_bunch/left_wing3"},{"predicate":{"custom_model_data":321},"model":"modelengine:firefly_bunch/right_wing3"},{"predicate":{"custom_model_data":322},"model":"modelengine:fish_school/class1"},{"predicate":{"custom_model_data":323},"model":"modelengine:fish_school/class2"},{"predicate":{"custom_model_data":324},"model":"modelengine:fish_school/class3"},{"predicate":{"custom_model_data":325},"model":"modelengine:flamental/torso"},{"predicate":{"custom_model_data":326},"model":"modelengine:flamental/head"},{"predicate":{"custom_model_data":327},"model":"modelengine:flamental/spike_right"},{"predicate":{"custom_model_data":328},"model":"modelengine:flamental/spike_left"},{"predicate":{"custom_model_data":329},"model":"modelengine:flamental/tail"},{"predicate":{"custom_model_data":330},"model":"modelengine:flamental/tail_end"},{"predicate":{"custom_model_data":331},"model":"modelengine:flamental/shoulder_right"},{"predicate":{"custom_model_data":332},"model":"modelengine:flamental/arm_right"},{"predicate":{"custom_model_data":333},"model":"modelengine:flamental/shoulder_left"},{"predicate":{"custom_model_data":334},"model":"modelengine:flamental/arm_left"},{"predicate":{"custom_model_data":335},"model":"modelengine:flamental/leg_left"},{"predicate":{"custom_model_data":336},"model":"modelengine:flamental/leg_bottom_left"},{"predicate":{"custom_model_data":337},"model":"modelengine:flamental/leg_right"},{"predicate":{"custom_model_data":338},"model":"modelengine:flamental/leg_bottom_right"},{"predicate":{"custom_model_data":339},"model":"modelengine:flamental_geyser/bone"},{"predicate":{"custom_model_data":340},"model":"modelengine:flamental_geyser/bone2"},{"predicate":{"custom_model_data":341},"model":"modelengine:football_fish/left_fin"},{"predicate":{"custom_model_data":342},"model":"modelengine:football_fish/right_fin"},{"predicate":{"custom_model_data":343},"model":"modelengine:football_fish/body"},{"predicate":{"custom_model_data":344},"model":"modelengine:football_fish/tail"},{"predicate":{"custom_model_data":345},"model":"modelengine:football_fish/jaw"},{"predicate":{"custom_model_data":346},"model":"modelengine:frobat/jaw"},{"predicate":{"custom_model_data":347},"model":"modelengine:frobat/tail"},{"predicate":{"custom_model_data":348},"model":"modelengine:frobat/tail_end"},{"predicate":{"custom_model_data":349},"model":"modelengine:frobat/frobat"},{"predicate":{"custom_model_data":350},"model":"modelengine:frobat/left_wing"},{"predicate":{"custom_model_data":351},"model":"modelengine:frobat/right_wing"},{"predicate":{"custom_model_data":352},"model":"modelengine:furbeak/upper_body"},{"predicate":{"custom_model_data":353},"model":"modelengine:furbeak/head"},{"predicate":{"custom_model_data":354},"model":"modelengine:furbeak/beak"},{"predicate":{"custom_model_data":355},"model":"modelengine:furbeak/jaw"},{"predicate":{"custom_model_data":356},"model":"modelengine:furbeak/left_leg"},{"predicate":{"custom_model_data":357},"model":"modelengine:furbeak/left_foot"},{"predicate":{"custom_model_data":358},"model":"modelengine:furbeak/right_leg"},{"predicate":{"custom_model_data":359},"model":"modelengine:furbeak/right_foot"},{"predicate":{"custom_model_data":360},"model":"modelengine:furbeak/lower_body"},{"predicate":{"custom_model_data":361},"model":"modelengine:furbeak/lower_body_end"},{"predicate":{"custom_model_data":362},"model":"modelengine:glacial_furbeak/upper_body"},{"predicate":{"custom_model_data":363},"model":"modelengine:glacial_furbeak/head"},{"predicate":{"custom_model_data":364},"model":"modelengine:glacial_furbeak/beak"},{"predicate":{"custom_model_data":365},"model":"modelengine:glacial_furbeak/jaw"},{"predicate":{"custom_model_data":366},"model":"modelengine:glacial_furbeak/left_leg"},{"predicate":{"custom_model_data":367},"model":"modelengine:glacial_furbeak/left_foot"},{"predicate":{"custom_model_data":368},"model":"modelengine:glacial_furbeak/right_leg"},{"predicate":{"custom_model_data":369},"model":"modelengine:glacial_furbeak/right_foot"},{"predicate":{"custom_model_data":370},"model":"modelengine:glacial_furbeak/lower_body"},{"predicate":{"custom_model_data":371},"model":"modelengine:glacial_furbeak/lower_body_end"},{"predicate":{"custom_model_data":372},"model":"modelengine:golem/head"},{"predicate":{"custom_model_data":373},"model":"modelengine:golem/leftarm"},{"predicate":{"custom_model_data":374},"model":"modelengine:golem/leftarm2"},{"predicate":{"custom_model_data":375},"model":"modelengine:golem/leftleg"},{"predicate":{"custom_model_data":376},"model":"modelengine:golem/leftleg2"},{"predicate":{"custom_model_data":377},"model":"modelengine:golem/rightleg"},{"predicate":{"custom_model_data":378},"model":"modelengine:golem/rightleg2"},{"predicate":{"custom_model_data":379},"model":"modelengine:golem/rightarm"},{"predicate":{"custom_model_data":380},"model":"modelengine:golem/rightarm2"},{"predicate":{"custom_model_data":381},"model":"modelengine:golem/torso"},{"predicate":{"custom_model_data":382},"model":"modelengine:hammerhead_shark/body"},{"predicate":{"custom_model_data":383},"model":"modelengine:hammerhead_shark/head"},{"predicate":{"custom_model_data":384},"model":"modelengine:hammerhead_shark/jaw"},{"predicate":{"custom_model_data":385},"model":"modelengine:hammerhead_shark/tail1"},{"predicate":{"custom_model_data":386},"model":"modelengine:hammerhead_shark/tail2"},{"predicate":{"custom_model_data":387},"model":"modelengine:hammerhead_shark/left_fin"},{"predicate":{"custom_model_data":388},"model":"modelengine:hammerhead_shark/right_fin"},{"predicate":{"custom_model_data":389},"model":"modelengine:hermitcrab/bone2"},{"predicate":{"custom_model_data":390},"model":"modelengine:hermitcrab/bone3"},{"predicate":{"custom_model_data":391},"model":"modelengine:hermitcrab/bone4"},{"predicate":{"custom_model_data":392},"model":"modelengine:hermitcrab/bone"},{"predicate":{"custom_model_data":393},"model":"modelengine:hornytoad/hornytoad"},{"predicate":{"custom_model_data":394},"model":"modelengine:hornytoad/frontleftarm"},{"predicate":{"custom_model_data":395},"model":"modelengine:hornytoad/frontrightarm"},{"predicate":{"custom_model_data":396},"model":"modelengine:hornytoad/head"},{"predicate":{"custom_model_data":397},"model":"modelengine:hornytoad/backleftarm"},{"predicate":{"custom_model_data":398},"model":"modelengine:hornytoad/backrightarm"},{"predicate":{"custom_model_data":399},"model":"modelengine:jelly/jelly"},{"predicate":{"custom_model_data":400},"model":"modelengine:jelly/membrane"},{"predicate":{"custom_model_data":401},"model":"modelengine:jelly/tendrils4"},{"predicate":{"custom_model_data":402},"model":"modelengine:jelly/tendrils"},{"predicate":{"custom_model_data":403},"model":"modelengine:jelly/tendrils3"},{"predicate":{"custom_model_data":404},"model":"modelengine:jelly/tendrils2"},{"predicate":{"custom_model_data":405},"model":"modelengine:jellyfish_blue/head"},{"predicate":{"custom_model_data":406},"model":"modelengine:jellyfish_blue/group"},{"predicate":{"custom_model_data":407},"model":"modelengine:jellyfish_blue/t4"},{"predicate":{"custom_model_data":408},"model":"modelengine:jellyfish_blue/t1"},{"predicate":{"custom_model_data":409},"model":"modelengine:jellyfish_blue/t3"},{"predicate":{"custom_model_data":410},"model":"modelengine:jellyfish_blue/t2"},{"predicate":{"custom_model_data":411},"model":"modelengine:jellyfish_blue/t5"},{"predicate":{"custom_model_data":412},"model":"modelengine:jellyfish_green/head"},{"predicate":{"custom_model_data":413},"model":"modelengine:jellyfish_green/group"},{"predicate":{"custom_model_data":414},"model":"modelengine:jellyfish_green/t4"},{"predicate":{"custom_model_data":415},"model":"modelengine:jellyfish_green/t1"},{"predicate":{"custom_model_data":416},"model":"modelengine:jellyfish_green/t3"},{"predicate":{"custom_model_data":417},"model":"modelengine:jellyfish_green/t2"},{"predicate":{"custom_model_data":418},"model":"modelengine:jellyfish_green/t5"},{"predicate":{"custom_model_data":419},"model":"modelengine:jellyfish_pink/head"},{"predicate":{"custom_model_data":420},"model":"modelengine:jellyfish_pink/group"},{"predicate":{"custom_model_data":421},"model":"modelengine:jellyfish_pink/t4"},{"predicate":{"custom_model_data":422},"model":"modelengine:jellyfish_pink/t1"},{"predicate":{"custom_model_data":423},"model":"modelengine:jellyfish_pink/t3"},{"predicate":{"custom_model_data":424},"model":"modelengine:jellyfish_pink/t2"},{"predicate":{"custom_model_data":425},"model":"modelengine:jellyfish_pink/t5"},{"predicate":{"custom_model_data":426},"model":"modelengine:jellyfish_yellow/head"},{"predicate":{"custom_model_data":427},"model":"modelengine:jellyfish_yellow/group"},{"predicate":{"custom_model_data":428},"model":"modelengine:jellyfish_yellow/t4"},{"predicate":{"custom_model_data":429},"model":"modelengine:jellyfish_yellow/t1"},{"predicate":{"custom_model_data":430},"model":"modelengine:jellyfish_yellow/t3"},{"predicate":{"custom_model_data":431},"model":"modelengine:jellyfish_yellow/t2"},{"predicate":{"custom_model_data":432},"model":"modelengine:jellyfish_yellow/t5"},{"predicate":{"custom_model_data":433},"model":"modelengine:lr_healthbar/1"},{"predicate":{"custom_model_data":434},"model":"modelengine:lr_healthbar/2"},{"predicate":{"custom_model_data":435},"model":"modelengine:lr_healthbar/3"},{"predicate":{"custom_model_data":436},"model":"modelengine:lr_healthbar/4"},{"predicate":{"custom_model_data":437},"model":"modelengine:lr_healthbar/5"},{"predicate":{"custom_model_data":438},"model":"modelengine:lr_healthbar/6"},{"predicate":{"custom_model_data":439},"model":"modelengine:lr_healthbar/7"},{"predicate":{"custom_model_data":440},"model":"modelengine:lr_healthbar/8"},{"predicate":{"custom_model_data":441},"model":"modelengine:lr_healthbar/9"},{"predicate":{"custom_model_data":442},"model":"modelengine:lr_healthbar/10"},{"predicate":{"custom_model_data":443},"model":"modelengine:lr_healthbar/11"},{"predicate":{"custom_model_data":444},"model":"modelengine:lr_healthbar/12"},{"predicate":{"custom_model_data":445},"model":"modelengine:lr_healthbar/13"},{"predicate":{"custom_model_data":446},"model":"modelengine:lr_healthbar/14"},{"predicate":{"custom_model_data":447},"model":"modelengine:lr_healthbar/15"},{"predicate":{"custom_model_data":448},"model":"modelengine:lr_healthbar/16"},{"predicate":{"custom_model_data":449},"model":"modelengine:lr_healthbar/17"},{"predicate":{"custom_model_data":450},"model":"modelengine:lr_healthbar/18"},{"predicate":{"custom_model_data":451},"model":"modelengine:lr_healthbar/19"},{"predicate":{"custom_model_data":452},"model":"modelengine:lr_healthbar/20"},{"predicate":{"custom_model_data":453},"model":"modelengine:manta_ray/body"},{"predicate":{"custom_model_data":454},"model":"modelengine:manta_ray/jowl2"},{"predicate":{"custom_model_data":455},"model":"modelengine:manta_ray/tail1"},{"predicate":{"custom_model_data":456},"model":"modelengine:manta_ray/tail2"},{"predicate":{"custom_model_data":457},"model":"modelengine:manta_ray/tail3"},{"predicate":{"custom_model_data":458},"model":"modelengine:manta_ray/right_fin4"},{"predicate":{"custom_model_data":459},"model":"modelengine:manta_ray/right_fin5"},{"predicate":{"custom_model_data":460},"model":"modelengine:manta_ray/right_fin6"},{"predicate":{"custom_model_data":461},"model":"modelengine:manta_ray/left_fin"},{"predicate":{"custom_model_data":462},"model":"modelengine:manta_ray/left_fin2"},{"predicate":{"custom_model_data":463},"model":"modelengine:manta_ray/left_fin3"},{"predicate":{"custom_model_data":464},"model":"modelengine:manta_ray/jowl"},{"predicate":{"custom_model_data":465},"model":"modelengine:marlin/body"},{"predicate":{"custom_model_data":466},"model":"modelengine:marlin/left_fin"},{"predicate":{"custom_model_data":467},"model":"modelengine:marlin/right_fin"},{"predicate":{"custom_model_data":468},"model":"modelengine:marlin/tail1"},{"predicate":{"custom_model_data":469},"model":"modelengine:marlin/tail2"},{"predicate":{"custom_model_data":470},"model":"modelengine:marlin/jaw"},{"predicate":{"custom_model_data":471},"model":"modelengine:mimic/tongue"},{"predicate":{"custom_model_data":472},"model":"modelengine:mimic/1"},{"predicate":{"custom_model_data":473},"model":"modelengine:mimic/2"},{"predicate":{"custom_model_data":474},"model":"modelengine:mimic/3"},{"predicate":{"custom_model_data":475},"model":"modelengine:mimic/bone"},{"predicate":{"custom_model_data":476},"model":"modelengine:mimic/bone2"},{"predicate":{"custom_model_data":477},"model":"modelengine:nautilus/body"},{"predicate":{"custom_model_data":478},"model":"modelengine:nautilus/tentacle1_1"},{"predicate":{"custom_model_data":479},"model":"modelengine:nautilus/tentacle1"},{"predicate":{"custom_model_data":480},"model":"modelengine:nautilus/tentacle1_2"},{"predicate":{"custom_model_data":481},"model":"modelengine:nautilus/tentacle2"},{"predicate":{"custom_model_data":482},"model":"modelengine:nautilus/tentacle1_3"},{"predicate":{"custom_model_data":483},"model":"modelengine:nautilus/tentacle3"},{"predicate":{"custom_model_data":484},"model":"modelengine:nautilus/tentacle1_4"},{"predicate":{"custom_model_data":485},"model":"modelengine:nautilus/tentacle4"},{"predicate":{"custom_model_data":486},"model":"modelengine:oar_fish/body_l_1"},{"predicate":{"custom_model_data":487},"model":"modelengine:oar_fish/body_l_2"},{"predicate":{"custom_model_data":488},"model":"modelengine:oar_fish/body_l_3"},{"predicate":{"custom_model_data":489},"model":"modelengine:oar_fish/body_l_4"},{"predicate":{"custom_model_data":490},"model":"modelengine:oar_fish/body_l_5"},{"predicate":{"custom_model_data":491},"model":"modelengine:oar_fish/body_m_1"},{"predicate":{"custom_model_data":492},"model":"modelengine:oar_fish/body_m_2"},{"predicate":{"custom_model_data":493},"model":"modelengine:oar_fish/tail"},{"predicate":{"custom_model_data":494},"model":"modelengine:oar_fish/left_fin"},{"predicate":{"custom_model_data":495},"model":"modelengine:oar_fish/right_fin"},{"predicate":{"custom_model_data":496},"model":"modelengine:oar_fish/head"},{"predicate":{"custom_model_data":497},"model":"modelengine:pharaoh/pharaoh"},{"predicate":{"custom_model_data":498},"model":"modelengine:pharaoh/head"},{"predicate":{"custom_model_data":499},"model":"modelengine:pharaoh/rightarm"},{"predicate":{"custom_model_data":500},"model":"modelengine:pharaoh/righthand"},{"predicate":{"custom_model_data":501},"model":"modelengine:pharaoh/bandage"},{"predicate":{"custom_model_data":502},"model":"modelengine:pharaoh/leftarm"},{"predicate":{"custom_model_data":503},"model":"modelengine:pharaoh/lefthand"},{"predicate":{"custom_model_data":504},"model":"modelengine:pharaoh/rightleg"},{"predicate":{"custom_model_data":505},"model":"modelengine:pharaoh/rightfoot"},{"predicate":{"custom_model_data":506},"model":"modelengine:pharaoh/leftleg"},{"predicate":{"custom_model_data":507},"model":"modelengine:pharaoh/leftfoot"},{"predicate":{"custom_model_data":508},"model":"modelengine:piranha/group"},{"predicate":{"custom_model_data":509},"model":"modelengine:piranha/body"},{"predicate":{"custom_model_data":510},"model":"modelengine:piranha/jaw"},{"predicate":{"custom_model_data":511},"model":"modelengine:piranha/tail"},{"predicate":{"custom_model_data":512},"model":"modelengine:plague/arm"},{"predicate":{"custom_model_data":513},"model":"modelengine:plague/fore"},{"predicate":{"custom_model_data":514},"model":"modelengine:plague/hand"},{"predicate":{"custom_model_data":515},"model":"modelengine:rat_black/upper_body"},{"predicate":{"custom_model_data":516},"model":"modelengine:rat_black/left_arm"},{"predicate":{"custom_model_data":517},"model":"modelengine:rat_black/crumb"},{"predicate":{"custom_model_data":518},"model":"modelengine:rat_black/right_arm"},{"predicate":{"custom_model_data":519},"model":"modelengine:rat_black/head"},{"predicate":{"custom_model_data":520},"model":"modelengine:rat_black/tail"},{"predicate":{"custom_model_data":521},"model":"modelengine:rat_black/tail_end"},{"predicate":{"custom_model_data":522},"model":"modelengine:rat_black/left_leg"},{"predicate":{"custom_model_data":523},"model":"modelengine:rat_black/right_leg"},{"predicate":{"custom_model_data":524},"model":"modelengine:rat_brown/upper_body"},{"predicate":{"custom_model_data":525},"model":"modelengine:rat_brown/left_arm"},{"predicate":{"custom_model_data":526},"model":"modelengine:rat_brown/crumb"},{"predicate":{"custom_model_data":527},"model":"modelengine:rat_brown/right_arm"},{"predicate":{"custom_model_data":528},"model":"modelengine:rat_brown/head"},{"predicate":{"custom_model_data":529},"model":"modelengine:rat_brown/tail"},{"predicate":{"custom_model_data":530},"model":"modelengine:rat_brown/tail_end"},{"predicate":{"custom_model_data":531},"model":"modelengine:rat_brown/left_leg"},{"predicate":{"custom_model_data":532},"model":"modelengine:rat_brown/right_leg"},{"predicate":{"custom_model_data":533},"model":"modelengine:rat_gray/upper_body"},{"predicate":{"custom_model_data":534},"model":"modelengine:rat_gray/left_arm"},{"predicate":{"custom_model_data":535},"model":"modelengine:rat_gray/crumb"},{"predicate":{"custom_model_data":536},"model":"modelengine:rat_gray/right_arm"},{"predicate":{"custom_model_data":537},"model":"modelengine:rat_gray/head"},{"predicate":{"custom_model_data":538},"model":"modelengine:rat_gray/tail"},{"predicate":{"custom_model_data":539},"model":"modelengine:rat_gray/tail_end"},{"predicate":{"custom_model_data":540},"model":"modelengine:rat_gray/left_leg"},{"predicate":{"custom_model_data":541},"model":"modelengine:rat_gray/right_leg"},{"predicate":{"custom_model_data":542},"model":"modelengine:rattler/head"},{"predicate":{"custom_model_data":543},"model":"modelengine:rattler/jaw"},{"predicate":{"custom_model_data":544},"model":"modelengine:rattler/link"},{"predicate":{"custom_model_data":545},"model":"modelengine:rattler/link2"},{"predicate":{"custom_model_data":546},"model":"modelengine:rattler/link3"},{"predicate":{"custom_model_data":547},"model":"modelengine:rattler/link4"},{"predicate":{"custom_model_data":548},"model":"modelengine:rattler/link5"},{"predicate":{"custom_model_data":549},"model":"modelengine:rattler/rattle"},{"predicate":{"custom_model_data":550},"model":"modelengine:rhino/leftshell"},{"predicate":{"custom_model_data":551},"model":"modelengine:rhino/rightshell"},{"predicate":{"custom_model_data":552},"model":"modelengine:rhino/legs1"},{"predicate":{"custom_model_data":553},"model":"modelengine:rhino/legs2"},{"predicate":{"custom_model_data":554},"model":"modelengine:rhino/legs3"},{"predicate":{"custom_model_data":555},"model":"modelengine:rhino/leftwing"},{"predicate":{"custom_model_data":556},"model":"modelengine:rhino/rightwing"},{"predicate":{"custom_model_data":557},"model":"modelengine:rhino/head"},{"predicate":{"custom_model_data":558},"model":"modelengine:rhino/body"},{"predicate":{"custom_model_data":559},"model":"modelengine:scarab/scarab"},{"predicate":{"custom_model_data":560},"model":"modelengine:scarab/leftlegs"},{"predicate":{"custom_model_data":561},"model":"modelengine:scarab/rightlegs"},{"predicate":{"custom_model_data":562},"model":"modelengine:scarab/leftleg2"},{"predicate":{"custom_model_data":563},"model":"modelengine:scarab/rightleg2"},{"predicate":{"custom_model_data":564},"model":"modelengine:scarab/leftleg"},{"predicate":{"custom_model_data":565},"model":"modelengine:scarab/rightleg3"},{"predicate":{"custom_model_data":566},"model":"modelengine:scorpid/rightarm"},{"predicate":{"custom_model_data":567},"model":"modelengine:scorpid/rightclaw"},{"predicate":{"custom_model_data":568},"model":"modelengine:scorpid/leftarm"},{"predicate":{"custom_model_data":569},"model":"modelengine:scorpid/leftclaw"},{"predicate":{"custom_model_data":570},"model":"modelengine:scorpid/backlegs"},{"predicate":{"custom_model_data":571},"model":"modelengine:scorpid/frontlegs"},{"predicate":{"custom_model_data":572},"model":"modelengine:scorpid/body"},{"predicate":{"custom_model_data":573},"model":"modelengine:scorpid/bone"},{"predicate":{"custom_model_data":574},"model":"modelengine:scorpid/bone2"},{"predicate":{"custom_model_data":575},"model":"modelengine:scorpid/bone3"},{"predicate":{"custom_model_data":576},"model":"modelengine:scorpid/bone4"},{"predicate":{"custom_model_data":577},"model":"modelengine:scorpid/bone5"},{"predicate":{"custom_model_data":578},"model":"modelengine:sea_horse_pink/left_fin"},{"predicate":{"custom_model_data":579},"model":"modelengine:sea_horse_pink/right_fin"},{"predicate":{"custom_model_data":580},"model":"modelengine:sea_horse_pink/body"},{"predicate":{"custom_model_data":581},"model":"modelengine:sea_horse_pink/tail"},{"predicate":{"custom_model_data":582},"model":"modelengine:sea_horse_purple/left_fin"},{"predicate":{"custom_model_data":583},"model":"modelengine:sea_horse_purple/right_fin"},{"predicate":{"custom_model_data":584},"model":"modelengine:sea_horse_purple/body"},{"predicate":{"custom_model_data":585},"model":"modelengine:sea_horse_purple/tail"},{"predicate":{"custom_model_data":586},"model":"modelengine:sea_horse_red/left_fin"},{"predicate":{"custom_model_data":587},"model":"modelengine:sea_horse_red/right_fin"},{"predicate":{"custom_model_data":588},"model":"modelengine:sea_horse_red/body"},{"predicate":{"custom_model_data":589},"model":"modelengine:sea_horse_red/tail"},{"predicate":{"custom_model_data":590},"model":"modelengine:sea_horse_teal/left_fin"},{"predicate":{"custom_model_data":591},"model":"modelengine:sea_horse_teal/right_fin"},{"predicate":{"custom_model_data":592},"model":"modelengine:sea_horse_teal/body"},{"predicate":{"custom_model_data":593},"model":"modelengine:sea_horse_teal/tail"},{"predicate":{"custom_model_data":594},"model":"modelengine:sea_horse_yellow/left_fin"},{"predicate":{"custom_model_data":595},"model":"modelengine:sea_horse_yellow/right_fin"},{"predicate":{"custom_model_data":596},"model":"modelengine:sea_horse_yellow/body"},{"predicate":{"custom_model_data":597},"model":"modelengine:sea_horse_yellow/tail"},{"predicate":{"custom_model_data":598},"model":"modelengine:seahorse_blue/group"},{"predicate":{"custom_model_data":599},"model":"modelengine:seahorse_green/group"},{"predicate":{"custom_model_data":600},"model":"modelengine:seahorse_pink/group"},{"predicate":{"custom_model_data":601},"model":"modelengine:seahorse_yellow/group"},{"predicate":{"custom_model_data":602},"model":"modelengine:shark/rightfin"},{"predicate":{"custom_model_data":603},"model":"modelengine:shark/rightfin2"},{"predicate":{"custom_model_data":604},"model":"modelengine:shark/tail2"},{"predicate":{"custom_model_data":605},"model":"modelengine:shark/tail1"},{"predicate":{"custom_model_data":606},"model":"modelengine:shark/jaw"},{"predicate":{"custom_model_data":607},"model":"modelengine:shark/head"},{"predicate":{"custom_model_data":608},"model":"modelengine:shark/neck"},{"predicate":{"custom_model_data":609},"model":"modelengine:shark/body"},{"predicate":{"custom_model_data":610},"model":"modelengine:shield/shield"},{"predicate":{"custom_model_data":611},"model":"modelengine:shroom/upper_body"},{"predicate":{"custom_model_data":612},"model":"modelengine:shroom/left_arm"},{"predicate":{"custom_model_data":613},"model":"modelengine:shroom/right_arm"},{"predicate":{"custom_model_data":614},"model":"modelengine:shroom/hat"},{"predicate":{"custom_model_data":615},"model":"modelengine:shroom/left_foot"},{"predicate":{"custom_model_data":616},"model":"modelengine:shroom/right_foot"},{"predicate":{"custom_model_data":617},"model":"modelengine:skull_warrior/upper_body"},{"predicate":{"custom_model_data":618},"model":"modelengine:skull_warrior/right_hand"},{"predicate":{"custom_model_data":619},"model":"modelengine:skull_warrior/right_arm"},{"predicate":{"custom_model_data":620},"model":"modelengine:skull_warrior/left_arm"},{"predicate":{"custom_model_data":621},"model":"modelengine:skull_warrior/left_hand"},{"predicate":{"custom_model_data":622},"model":"modelengine:skull_warrior/sword"},{"predicate":{"custom_model_data":623},"model":"modelengine:skull_warrior/head"},{"predicate":{"custom_model_data":624},"model":"modelengine:skull_warrior/left_leg"},{"predicate":{"custom_model_data":625},"model":"modelengine:skull_warrior/left_foot"},{"predicate":{"custom_model_data":626},"model":"modelengine:skull_warrior/right_leg"},{"predicate":{"custom_model_data":627},"model":"modelengine:skull_warrior/right_foot"},{"predicate":{"custom_model_data":628},"model":"modelengine:slime/slime"},{"predicate":{"custom_model_data":629},"model":"modelengine:slime/slime_mid"},{"predicate":{"custom_model_data":630},"model":"modelengine:slime/slime_end"},{"predicate":{"custom_model_data":631},"model":"modelengine:snow_boar/left_leg"},{"predicate":{"custom_model_data":632},"model":"modelengine:snow_boar/left_ankle"},{"predicate":{"custom_model_data":633},"model":"modelengine:snow_boar/left_foot"},{"predicate":{"custom_model_data":634},"model":"modelengine:snow_boar/right_leg"},{"predicate":{"custom_model_data":635},"model":"modelengine:snow_boar/right_ankle"},{"predicate":{"custom_model_data":636},"model":"modelengine:snow_boar/right_foot"},{"predicate":{"custom_model_data":637},"model":"modelengine:snow_boar/upper_body"},{"predicate":{"custom_model_data":638},"model":"modelengine:snow_boar/head"},{"predicate":{"custom_model_data":639},"model":"modelengine:snow_boar/jaw"},{"predicate":{"custom_model_data":640},"model":"modelengine:snow_boar/left_ear"},{"predicate":{"custom_model_data":641},"model":"modelengine:snow_boar/right_ear"},{"predicate":{"custom_model_data":642},"model":"modelengine:snow_boar/left_arm"},{"predicate":{"custom_model_data":643},"model":"modelengine:snow_boar/left_wrist"},{"predicate":{"custom_model_data":644},"model":"modelengine:snow_boar/left_hand"},{"predicate":{"custom_model_data":645},"model":"modelengine:snow_boar/right_arm"},{"predicate":{"custom_model_data":646},"model":"modelengine:snow_boar/right_wrist"},{"predicate":{"custom_model_data":647},"model":"modelengine:snow_boar/right_hand"},{"predicate":{"custom_model_data":648},"model":"modelengine:snow_boar/lower_body"},{"predicate":{"custom_model_data":649},"model":"modelengine:spider_queen_boss/tor"},{"predicate":{"custom_model_data":650},"model":"modelengine:spider_queen_boss/potroh"},{"predicate":{"custom_model_data":651},"model":"modelengine:spider_queen_boss/body"},{"predicate":{"custom_model_data":652},"model":"modelengine:spider_queen_boss/head"},{"predicate":{"custom_model_data":653},"model":"modelengine:spider_queen_boss/boob"},{"predicate":{"custom_model_data":654},"model":"modelengine:spider_queen_boss/boob2"},{"predicate":{"custom_model_data":655},"model":"modelengine:spider_queen_boss/hand_r_u"},{"predicate":{"custom_model_data":656},"model":"modelengine:spider_queen_boss/hand_r_d"},{"predicate":{"custom_model_data":657},"model":"modelengine:spider_queen_boss/hand_l_u"},{"predicate":{"custom_model_data":658},"model":"modelengine:spider_queen_boss/hand_l_d"},{"predicate":{"custom_model_data":659},"model":"modelengine:spider_queen_boss/legg_1"},{"predicate":{"custom_model_data":660},"model":"modelengine:spider_queen_boss/legg_1_2"},{"predicate":{"custom_model_data":661},"model":"modelengine:spider_queen_boss/legg_2"},{"predicate":{"custom_model_data":662},"model":"modelengine:spider_queen_boss/legg_2_2"},{"predicate":{"custom_model_data":663},"model":"modelengine:spider_queen_boss/legg_3"},{"predicate":{"custom_model_data":664},"model":"modelengine:spider_queen_boss/legg_3_2"},{"predicate":{"custom_model_data":665},"model":"modelengine:spider_queen_boss/legg_4"},{"predicate":{"custom_model_data":666},"model":"modelengine:spider_queen_boss/legg_4_2"},{"predicate":{"custom_model_data":667},"model":"modelengine:squirrel_brown/upper_body"},{"predicate":{"custom_model_data":668},"model":"modelengine:squirrel_brown/tail"},{"predicate":{"custom_model_data":669},"model":"modelengine:squirrel_brown/head"},{"predicate":{"custom_model_data":670},"model":"modelengine:squirrel_brown/left_arm"},{"predicate":{"custom_model_data":671},"model":"modelengine:squirrel_brown/acorn"},{"predicate":{"custom_model_data":672},"model":"modelengine:squirrel_brown/right_arm"},{"predicate":{"custom_model_data":673},"model":"modelengine:squirrel_brown/left_leg"},{"predicate":{"custom_model_data":674},"model":"modelengine:squirrel_brown/left_foot"},{"predicate":{"custom_model_data":675},"model":"modelengine:squirrel_brown/right_leg"},{"predicate":{"custom_model_data":676},"model":"modelengine:squirrel_brown/right_foot"},{"predicate":{"custom_model_data":677},"model":"modelengine:squirrel_gray/upper_body"},{"predicate":{"custom_model_data":678},"model":"modelengine:squirrel_gray/tail"},{"predicate":{"custom_model_data":679},"model":"modelengine:squirrel_gray/head"},{"predicate":{"custom_model_data":680},"model":"modelengine:squirrel_gray/left_arm"},{"predicate":{"custom_model_data":681},"model":"modelengine:squirrel_gray/acorn"},{"predicate":{"custom_model_data":682},"model":"modelengine:squirrel_gray/right_arm"},{"predicate":{"custom_model_data":683},"model":"modelengine:squirrel_gray/left_leg"},{"predicate":{"custom_model_data":684},"model":"modelengine:squirrel_gray/left_foot"},{"predicate":{"custom_model_data":685},"model":"modelengine:squirrel_gray/right_leg"},{"predicate":{"custom_model_data":686},"model":"modelengine:squirrel_gray/right_foot"},{"predicate":{"custom_model_data":687},"model":"modelengine:squirrel_red/upper_body"},{"predicate":{"custom_model_data":688},"model":"modelengine:squirrel_red/tail"},{"predicate":{"custom_model_data":689},"model":"modelengine:squirrel_red/head"},{"predicate":{"custom_model_data":690},"model":"modelengine:squirrel_red/left_arm"},{"predicate":{"custom_model_data":691},"model":"modelengine:squirrel_red/acorn"},{"predicate":{"custom_model_data":692},"model":"modelengine:squirrel_red/right_arm"},{"predicate":{"custom_model_data":693},"model":"modelengine:squirrel_red/left_leg"},{"predicate":{"custom_model_data":694},"model":"modelengine:squirrel_red/left_foot"},{"predicate":{"custom_model_data":695},"model":"modelengine:squirrel_red/right_leg"},{"predicate":{"custom_model_data":696},"model":"modelengine:squirrel_red/right_foot"},{"predicate":{"custom_model_data":697},"model":"modelengine:swordfish/main"},{"predicate":{"custom_model_data":698},"model":"modelengine:swordfish/left"},{"predicate":{"custom_model_data":699},"model":"modelengine:swordfish/right"},{"predicate":{"custom_model_data":700},"model":"modelengine:swordfish/tail"},{"predicate":{"custom_model_data":701},"model":"modelengine:tumbleweed/tumbleweed"},{"predicate":{"custom_model_data":702},"model":"modelengine:viking/body"},{"predicate":{"custom_model_data":703},"model":"modelengine:viking/head"},{"predicate":{"custom_model_data":704},"model":"modelengine:viking/back"},{"predicate":{"custom_model_data":705},"model":"modelengine:viking/left_leg"},{"predicate":{"custom_model_data":706},"model":"modelengine:viking/left_foot"},{"predicate":{"custom_model_data":707},"model":"modelengine:viking/right_leg"},{"predicate":{"custom_model_data":708},"model":"modelengine:viking/right_foot"},{"predicate":{"custom_model_data":709},"model":"modelengine:viking/left_arm"},{"predicate":{"custom_model_data":710},"model":"modelengine:viking/left_hand"},{"predicate":{"custom_model_data":711},"model":"modelengine:viking/right_arm"},{"predicate":{"custom_model_data":712},"model":"modelengine:viking/right_hand"},{"predicate":{"custom_model_data":713},"model":"modelengine:viking/hip"},{"predicate":{"custom_model_data":714},"model":"modelengine:viking/hp_bar"},{"predicate":{"custom_model_data":715},"model":"modelengine:viking_decor/base"},{"predicate":{"custom_model_data":716},"model":"modelengine:viking_decor/flag1"},{"predicate":{"custom_model_data":717},"model":"modelengine:viking_decor/flag2"},{"predicate":{"custom_model_data":718},"model":"modelengine:viking_decor/flag3"},{"predicate":{"custom_model_data":719},"model":"modelengine:viking_decor/flag4"},{"predicate":{"custom_model_data":720},"model":"modelengine:viking_decor2/base"},{"predicate":{"custom_model_data":721},"model":"modelengine:viking_decor3/base"},{"predicate":{"custom_model_data":722},"model":"modelengine:viking_decor3/octagon2"},{"predicate":{"custom_model_data":723},"model":"modelengine:viking_decor3/octagon"},{"predicate":{"custom_model_data":724},"model":"modelengine:viking_decor3_parts/variation1"},{"predicate":{"custom_model_data":725},"model":"modelengine:viking_decor3_parts/variation2"},{"predicate":{"custom_model_data":726},"model":"modelengine:viking_decor4/base"},{"predicate":{"custom_model_data":727},"model":"modelengine:viking_decor4_parts/var1"},{"predicate":{"custom_model_data":728},"model":"modelengine:viking_decor4_parts/var2"},{"predicate":{"custom_model_data":729},"model":"modelengine:viking_decor4_parts/var3"},{"predicate":{"custom_model_data":730},"model":"modelengine:viking_miniboss/body"},{"predicate":{"custom_model_data":731},"model":"modelengine:viking_miniboss/cape1"},{"predicate":{"custom_model_data":732},"model":"modelengine:viking_miniboss/left_arm"},{"predicate":{"custom_model_data":733},"model":"modelengine:viking_miniboss/left_forearm"},{"predicate":{"custom_model_data":734},"model":"modelengine:viking_miniboss/left_hand"},{"predicate":{"custom_model_data":735},"model":"modelengine:viking_miniboss/right_arm"},{"predicate":{"custom_model_data":736},"model":"modelengine:viking_miniboss/right_forearm"},{"predicate":{"custom_model_data":737},"model":"modelengine:viking_miniboss/right_hand"},{"predicate":{"custom_model_data":738},"model":"modelengine:viking_miniboss/left_leg"},{"predicate":{"custom_model_data":739},"model":"modelengine:viking_miniboss/left_foot"},{"predicate":{"custom_model_data":740},"model":"modelengine:viking_miniboss/right_leg"},{"predicate":{"custom_model_data":741},"model":"modelengine:viking_miniboss/right_foot"},{"predicate":{"custom_model_data":742},"model":"modelengine:viking_miniboss/beard2"},{"predicate":{"custom_model_data":743},"model":"modelengine:viking_miniboss/beard1"},{"predicate":{"custom_model_data":744},"model":"modelengine:viking_miniboss/head"},{"predicate":{"custom_model_data":745},"model":"modelengine:viking_miniboss/left_horn"},{"predicate":{"custom_model_data":746},"model":"modelengine:viking_miniboss/right_horn"},{"predicate":{"custom_model_data":747},"model":"modelengine:viking_miniboss/hp_bar"},{"predicate":{"custom_model_data":748},"model":"modelengine:viking_miniboss_axe/axe"},{"predicate":{"custom_model_data":749},"model":"modelengine:viking_miniboss_axeland/axe"},{"predicate":{"custom_model_data":750},"model":"modelengine:viking_miniboss_door/doorleft"},{"predicate":{"custom_model_data":751},"model":"modelengine:viking_miniboss_door/doorright"},{"predicate":{"custom_model_data":752},"model":"modelengine:viking_miniboss_parts/left_empty"},{"predicate":{"custom_model_data":753},"model":"modelengine:viking_miniboss_parts/right_empty"},{"predicate":{"custom_model_data":754},"model":"modelengine:viking_miniboss_parts/axe"},{"predicate":{"custom_model_data":755},"model":"modelengine:viking_parts/head_1"},{"predicate":{"custom_model_data":756},"model":"modelengine:viking_parts/empty"},{"predicate":{"custom_model_data":757},"model":"modelengine:viking_parts/back_shieldaxe"},{"predicate":{"custom_model_data":758},"model":"modelengine:viking_parts/head_2"},{"predicate":{"custom_model_data":759},"model":"modelengine:viking_parts/head_3"},{"predicate":{"custom_model_data":760},"model":"modelengine:viking_parts/body_1"},{"predicate":{"custom_model_data":761},"model":"modelengine:viking_parts/left_arm_1"},{"predicate":{"custom_model_data":762},"model":"modelengine:viking_parts/left_hand_shield2"},{"predicate":{"custom_model_data":763},"model":"modelengine:viking_parts/right_arm_1"},{"predicate":{"custom_model_data":764},"model":"modelengine:viking_parts/right_hand_hammer"},{"predicate":{"custom_model_data":765},"model":"modelengine:viking_parts/right_hand_mace"},{"predicate":{"custom_model_data":766},"model":"modelengine:viking_parts/head_4"},{"predicate":{"custom_model_data":767},"model":"modelengine:viking_parts/head_5"},{"predicate":{"custom_model_data":768},"model":"modelengine:viking_parts/head_6"},{"predicate":{"custom_model_data":769},"model":"modelengine:viking_parts/head_7"},{"predicate":{"custom_model_data":770},"model":"modelengine:viking_parts/head_8"},{"predicate":{"custom_model_data":771},"model":"modelengine:viking_parts/back_shieldaxe2"},{"predicate":{"custom_model_data":772},"model":"modelengine:viking_parts/body_2"},{"predicate":{"custom_model_data":773},"model":"modelengine:viking_parts/body_3"},{"predicate":{"custom_model_data":774},"model":"modelengine:viking_parts/left_arm_3"},{"predicate":{"custom_model_data":775},"model":"modelengine:viking_parts/left_hand_shield1"},{"predicate":{"custom_model_data":776},"model":"modelengine:viking_parts/left_hand_axe"},{"predicate":{"custom_model_data":777},"model":"modelengine:viking_parts/right_arm_3"},{"predicate":{"custom_model_data":778},"model":"modelengine:viking_parts/right_hand_axe"},{"predicate":{"custom_model_data":779},"model":"modelengine:viking_parts/back_shieldhammer"},{"predicate":{"custom_model_data":780},"model":"modelengine:viking_parts/hip_hammer"},{"predicate":{"custom_model_data":781},"model":"modelengine:viking_parts/back_shield"},{"predicate":{"custom_model_data":782},"model":"modelengine:viking_parts/back_axe"},{"predicate":{"custom_model_data":783},"model":"modelengine:viking_parts/back_hammer"},{"predicate":{"custom_model_data":784},"model":"modelengine:viking_parts/hip_mace"},{"predicate":{"custom_model_data":785},"model":"modelengine:viking_rune_parts/speed"},{"predicate":{"custom_model_data":786},"model":"modelengine:viking_rune_parts/luck"},{"predicate":{"custom_model_data":787},"model":"modelengine:viking_rune_parts/blank"},{"predicate":{"custom_model_data":788},"model":"modelengine:viking_rune_power/base"},{"predicate":{"custom_model_data":789},"model":"modelengine:viking_stone_pile/stone"},{"predicate":{"custom_model_data":790},"model":"modelengine:vulture/vulture"},{"predicate":{"custom_model_data":791},"model":"modelengine:vulture/head"},{"predicate":{"custom_model_data":792},"model":"modelengine:vulture/rightleg"},{"predicate":{"custom_model_data":793},"model":"modelengine:vulture/leftleg"},{"predicate":{"custom_model_data":794},"model":"modelengine:vulture/rightwing"},{"predicate":{"custom_model_data":795},"model":"modelengine:vulture/leftwing3"},{"predicate":{"custom_model_data":796},"model":"modelengine:wild_boar/left_leg"},{"predicate":{"custom_model_data":797},"model":"modelengine:wild_boar/left_ankle"},{"predicate":{"custom_model_data":798},"model":"modelengine:wild_boar/left_foot"},{"predicate":{"custom_model_data":799},"model":"modelengine:wild_boar/right_leg"},{"predicate":{"custom_model_data":800},"model":"modelengine:wild_boar/right_ankle"},{"predicate":{"custom_model_data":801},"model":"modelengine:wild_boar/right_foot"},{"predicate":{"custom_model_data":802},"model":"modelengine:wild_boar/upper_body"},{"predicate":{"custom_model_data":803},"model":"modelengine:wild_boar/head"},{"predicate":{"custom_model_data":804},"model":"modelengine:wild_boar/jaw"},{"predicate":{"custom_model_data":805},"model":"modelengine:wild_boar/left_ear"},{"predicate":{"custom_model_data":806},"model":"modelengine:wild_boar/right_ear"},{"predicate":{"custom_model_data":807},"model":"modelengine:wild_boar/left_arm"},{"predicate":{"custom_model_data":808},"model":"modelengine:wild_boar/left_wrist"},{"predicate":{"custom_model_data":809},"model":"modelengine:wild_boar/left_hand"},{"predicate":{"custom_model_data":810},"model":"modelengine:wild_boar/right_arm"},{"predicate":{"custom_model_data":811},"model":"modelengine:wild_boar/right_wrist"},{"predicate":{"custom_model_data":812},"model":"modelengine:wild_boar/right_hand"},{"predicate":{"custom_model_data":813},"model":"modelengine:wild_boar/lower_body"},{"predicate":{"custom_model_data":814},"model":"modelengine:zebra_turkey_fish/jaw"},{"predicate":{"custom_model_data":815},"model":"modelengine:zebra_turkey_fish/body"},{"predicate":{"custom_model_data":816},"model":"modelengine:zebra_turkey_fish/tail"},{"predicate":{"custom_model_data":817},"model":"modelengine:zebra_turkey_fish/left_fin"},{"predicate":{"custom_model_data":818},"model":"modelengine:zebra_turkey_fish/right_fin"},{"predicate":{"custom_model_data":1000},"model":"modelengine:mso_cavepack_lava_squid/bone"},{"predicate":{"custom_model_data":1001},"model":"modelengine:mso_cavepack_lava_squid/forhead"},{"predicate":{"custom_model_data":1002},"model":"modelengine:mso_cavepack_lava_squid/bone3"},{"predicate":{"custom_model_data":1003},"model":"modelengine:mso_cavepack_lava_squid/tentacle"},{"predicate":{"custom_model_data":1004},"model":"modelengine:mso_cavepack_lava_squid/bone2"},{"predicate":{"custom_model_data":1005},"model":"modelengine:mso_cavepack_lava_squid/tentacle2"},{"predicate":{"custom_model_data":1006},"model":"modelengine:mso_cavepack_lava_squid/bone6"},{"predicate":{"custom_model_data":1007},"model":"modelengine:mso_cavepack_lava_squid/tentacle3"},{"predicate":{"custom_model_data":1008},"model":"modelengine:mso_cavepack_lava_squid/bone8"},{"predicate":{"custom_model_data":1009},"model":"modelengine:mso_cavepack_lava_squid/tentacle4"},{"predicate":{"custom_model_data":1010},"model":"modelengine:mso_cavepack_lava_squid/bone10"},{"predicate":{"custom_model_data":1011},"model":"modelengine:mso_cavepack_legless_skeleton/body"},{"predicate":{"custom_model_data":1012},"model":"modelengine:mso_cavepack_legless_skeleton/nick"},{"predicate":{"custom_model_data":1013},"model":"modelengine:mso_cavepack_legless_skeleton/head"},{"predicate":{"custom_model_data":1014},"model":"modelengine:mso_cavepack_legless_skeleton/jaw"},{"predicate":{"custom_model_data":1015},"model":"modelengine:mso_cavepack_legless_skeleton/leftarm"},{"predicate":{"custom_model_data":1016},"model":"modelengine:mso_cavepack_legless_skeleton/arm"},{"predicate":{"custom_model_data":1017},"model":"modelengine:mso_cavepack_legless_skeleton/hand"},{"predicate":{"custom_model_data":1018},"model":"modelengine:mso_cavepack_legless_skeleton/finger"},{"predicate":{"custom_model_data":1019},"model":"modelengine:mso_cavepack_legless_skeleton/finger2"},{"predicate":{"custom_model_data":1020},"model":"modelengine:mso_cavepack_legless_skeleton/finger3"},{"predicate":{"custom_model_data":1021},"model":"modelengine:mso_cavepack_legless_skeleton/rightarm"},{"predicate":{"custom_model_data":1022},"model":"modelengine:mso_cavepack_legless_skeleton/arm2"},{"predicate":{"custom_model_data":1023},"model":"modelengine:mso_cavepack_legless_skeleton/hand2"},{"predicate":{"custom_model_data":1024},"model":"modelengine:mso_cavepack_legless_skeleton/finger4"},{"predicate":{"custom_model_data":1025},"model":"modelengine:mso_cavepack_legless_skeleton/finger5"},{"predicate":{"custom_model_data":1026},"model":"modelengine:mso_cavepack_legless_skeleton/finger6"},{"predicate":{"custom_model_data":1027},"model":"modelengine:mso_cavepack_lush_spider/head"},{"predicate":{"custom_model_data":1028},"model":"modelengine:mso_cavepack_lush_spider/bone2"},{"predicate":{"custom_model_data":1029},"model":"modelengine:mso_cavepack_lush_spider/bone"},{"predicate":{"custom_model_data":1030},"model":"modelengine:mso_cavepack_lush_spider/leftleg"},{"predicate":{"custom_model_data":1031},"model":"modelengine:mso_cavepack_lush_spider/leftleg4"},{"predicate":{"custom_model_data":1032},"model":"modelengine:mso_cavepack_lush_spider/rightleg5"},{"predicate":{"custom_model_data":1033},"model":"modelengine:mso_cavepack_lush_spider/leftleg2"},{"predicate":{"custom_model_data":1034},"model":"modelengine:mso_cavepack_lush_spider/leftleg3"},{"predicate":{"custom_model_data":1035},"model":"modelengine:mso_cavepack_lush_spider/rightleg"},{"predicate":{"custom_model_data":1036},"model":"modelengine:mso_cavepack_lush_spider/rightleg2"},{"predicate":{"custom_model_data":1037},"model":"modelengine:mso_cavepack_lush_spider/rightleg3"},{"predicate":{"custom_model_data":1038},"model":"modelengine:mso_cavepack_mushroom/bone4"},{"predicate":{"custom_model_data":1039},"model":"modelengine:mso_cavepack_mushroom/bone5"},{"predicate":{"custom_model_data":1040},"model":"modelengine:mso_cavepack_mushroom/rightleg"},{"predicate":{"custom_model_data":1041},"model":"modelengine:mso_cavepack_mushroom/leftleg"},{"predicate":{"custom_model_data":1042},"model":"modelengine:mso_cavepack_mushroom_lich/bone4"},{"predicate":{"custom_model_data":1043},"model":"modelengine:mso_cavepack_mushroom_lich/bone5"},{"predicate":{"custom_model_data":1044},"model":"modelengine:mso_cavepack_mushroom_lich/rightleg"},{"predicate":{"custom_model_data":1045},"model":"modelengine:mso_cavepack_mushroom_lich/leftleg"},{"predicate":{"custom_model_data":1046},"model":"modelengine:mso_cavepack_stalagtite_man/leftleg"},{"predicate":{"custom_model_data":1047},"model":"modelengine:mso_cavepack_stalagtite_man/bone2"},{"predicate":{"custom_model_data":1048},"model":"modelengine:mso_cavepack_stalagtite_man/bone"},{"predicate":{"custom_model_data":1049},"model":"modelengine:mso_cavepack_stalagtite_man/rightarm"},{"predicate":{"custom_model_data":1050},"model":"modelengine:mso_cavepack_stalagtite_man/bone4"},{"predicate":{"custom_model_data":1051},"model":"modelengine:mso_cavepack_stalagtite_man/leftarm"},{"predicate":{"custom_model_data":1052},"model":"modelengine:mso_cavepack_stalagtite_man/bone5"},{"predicate":{"custom_model_data":1053},"model":"modelengine:mso_cavepack_stalagtite_man/head1"},{"predicate":{"custom_model_data":1054},"model":"modelengine:mso_cavepack_stalagtite_man/bone7"},{"predicate":{"custom_model_data":1055},"model":"modelengine:mso_cavepack_stalagtite_man/head2"},{"predicate":{"custom_model_data":1056},"model":"modelengine:mso_cavepack_stalagtite_man/bone6"},{"predicate":{"custom_model_data":1057},"model":"modelengine:mso_cavepack_stalagtite_man/rightleg"},{"predicate":{"custom_model_data":1058},"model":"modelengine:mso_cavepack_stalagtite_man/bone3"},{"predicate":{"custom_model_data":2000},"model":"modelengine:mso_amethyst_golem/rightleg"},{"predicate":{"custom_model_data":2001},"model":"modelengine:mso_amethyst_golem/leftleg"},{"predicate":{"custom_model_data":2002},"model":"modelengine:mso_amethyst_golem/body"},{"predicate":{"custom_model_data":2003},"model":"modelengine:mso_amethyst_golem/head"},{"predicate":{"custom_model_data":2004},"model":"modelengine:mso_amethyst_golem/leftarm"},{"predicate":{"custom_model_data":2005},"model":"modelengine:mso_amethyst_golem/rightarm"},{"predicate":{"custom_model_data":2006},"model":"modelengine:mso_cave_fly/bone3"},{"predicate":{"custom_model_data":2007},"model":"modelengine:mso_cave_fly/bone2"},{"predicate":{"custom_model_data":2008},"model":"modelengine:mso_cave_fly/general"},{"predicate":{"custom_model_data":2009},"model":"modelengine:mso_cave_fly/bone4"},{"predicate":{"custom_model_data":2010},"model":"modelengine:mso_cave_insect/general"},{"predicate":{"custom_model_data":2011},"model":"modelengine:mso_cave_insect/bone2"},{"predicate":{"custom_model_data":2012},"model":"modelengine:mso_cave_insect/bone4"},{"predicate":{"custom_model_data":2013},"model":"modelengine:mso_cave_insect/neck"},{"predicate":{"custom_model_data":2014},"model":"modelengine:mso_cave_insect/head"},{"predicate":{"custom_model_data":2015},"model":"modelengine:mso_cave_insect/bone5"},{"predicate":{"custom_model_data":2016},"model":"modelengine:mso_cave_insect/bone6"},{"predicate":{"custom_model_data":2017},"model":"modelengine:mso_cave_insect/bone3"},{"predicate":{"custom_model_data":2018},"model":"modelengine:mso_cave_insect/bone"},{"predicate":{"custom_model_data":2019},"model":"modelengine:mso_cave_insect/rightfrontleg"},{"predicate":{"custom_model_data":2020},"model":"modelengine:mso_cave_insect/leftfrontleg3"},{"predicate":{"custom_model_data":2021},"model":"modelengine:mso_cave_insect/leftfrontleg"},{"predicate":{"custom_model_data":2022},"model":"modelengine:mso_cave_insect/rightfrontleg2"},{"predicate":{"custom_model_data":2023},"model":"modelengine:mso_cave_insect/leftfrontleg2"},{"predicate":{"custom_model_data":2024},"model":"modelengine:mso_cave_insect/rightfrontleg4"},{"predicate":{"custom_model_data":2025},"model":"modelengine:mso_glowfly/bone3"},{"predicate":{"custom_model_data":2026},"model":"modelengine:mso_glowfly/bone2"},{"predicate":{"custom_model_data":2027},"model":"modelengine:mso_glowfly/general"},{"predicate":{"custom_model_data":2028},"model":"modelengine:mso_glowfly/bone4"},{"predicate":{"custom_model_data":2029},"model":"modelengine:mso_miner_dwarf/body"},{"predicate":{"custom_model_data":2030},"model":"modelengine:mso_miner_dwarf/leftarm"},{"predicate":{"custom_model_data":2031},"model":"modelengine:mso_miner_dwarf/bone6"},{"predicate":{"custom_model_data":2032},"model":"modelengine:mso_miner_dwarf/bone7"},{"predicate":{"custom_model_data":2033},"model":"modelengine:mso_miner_dwarf/pickaxe"},{"predicate":{"custom_model_data":2034},"model":"modelengine:mso_miner_dwarf/rightarm"},{"predicate":{"custom_model_data":2035},"model":"modelengine:mso_miner_dwarf/bone5"},{"predicate":{"custom_model_data":2036},"model":"modelengine:mso_miner_dwarf/bone8"},{"predicate":{"custom_model_data":2037},"model":"modelengine:mso_miner_dwarf/head"},{"predicate":{"custom_model_data":2038},"model":"modelengine:mso_miner_dwarf/bone10"},{"predicate":{"custom_model_data":2039},"model":"modelengine:mso_miner_dwarf/rightleg"},{"predicate":{"custom_model_data":2040},"model":"modelengine:mso_miner_dwarf/bone3"},{"predicate":{"custom_model_data":2041},"model":"modelengine:mso_miner_dwarf/bone4"},{"predicate":{"custom_model_data":2042},"model":"modelengine:mso_miner_dwarf/leftleg"},{"predicate":{"custom_model_data":2043},"model":"modelengine:mso_miner_dwarf/bone"},{"predicate":{"custom_model_data":2044},"model":"modelengine:mso_miner_dwarf/bone2"},{"predicate":{"custom_model_data":2045},"model":"modelengine:mso_spittleshrub/bone2"},{"predicate":{"custom_model_data":2046},"model":"modelengine:mso_spittleshrub/general"},{"predicate":{"custom_model_data":2047},"model":"modelengine:mso_spittleshrub/leftwing"},{"predicate":{"custom_model_data":2048},"model":"modelengine:mso_spittleshrub/rightwing"},{"predicate":{"custom_model_data":2049},"model":"modelengine:mso_spittleshrub/bone3"},{"predicate":{"custom_model_data":3000},"model":"modelengine:creeper_cave/leg4"},{"predicate":{"custom_model_data":3001},"model":"modelengine:creeper_cave/leg4_armor"},{"predicate":{"custom_model_data":3002},"model":"modelengine:creeper_cave/leg3"},{"predicate":{"custom_model_data":3003},"model":"modelengine:creeper_cave/leg3_armor"},{"predicate":{"custom_model_data":3004},"model":"modelengine:creeper_cave/leg2"},{"predicate":{"custom_model_data":3005},"model":"modelengine:creeper_cave/leg2_armor"},{"predicate":{"custom_model_data":3006},"model":"modelengine:creeper_cave/leg1"},{"predicate":{"custom_model_data":3007},"model":"modelengine:creeper_cave/leg1_armor"},{"predicate":{"custom_model_data":3008},"model":"modelengine:creeper_cave/body"},{"predicate":{"custom_model_data":3009},"model":"modelengine:creeper_cave/head"},{"predicate":{"custom_model_data":3010},"model":"modelengine:creeper_cave/head_armor"},{"predicate":{"custom_model_data":3011},"model":"modelengine:creeper_cave/body_armor"},{"predicate":{"custom_model_data":3012},"model":"modelengine:creeper_dark_oak/leg4"},{"predicate":{"custom_model_data":3013},"model":"modelengine:creeper_dark_oak/leg4_armor"},{"predicate":{"custom_model_data":3014},"model":"modelengine:creeper_dark_oak/leg3"},{"predicate":{"custom_model_data":3015},"model":"modelengine:creeper_dark_oak/leg3_armor"},{"predicate":{"custom_model_data":3016},"model":"modelengine:creeper_dark_oak/leg2"},{"predicate":{"custom_model_data":3017},"model":"modelengine:creeper_dark_oak/leg2_armor"},{"predicate":{"custom_model_data":3018},"model":"modelengine:creeper_dark_oak/leg1"},{"predicate":{"custom_model_data":3019},"model":"modelengine:creeper_dark_oak/leg1_armor"},{"predicate":{"custom_model_data":3020},"model":"modelengine:creeper_dark_oak/body"},{"predicate":{"custom_model_data":3021},"model":"modelengine:creeper_dark_oak/body_armor"},{"predicate":{"custom_model_data":3022},"model":"modelengine:creeper_desert/leg4"},{"predicate":{"custom_model_data":3023},"model":"modelengine:creeper_desert/leg4_armor"},{"predicate":{"custom_model_data":3024},"model":"modelengine:creeper_desert/leg3"},{"predicate":{"custom_model_data":3025},"model":"modelengine:creeper_desert/leg3_armor"},{"predicate":{"custom_model_data":3026},"model":"modelengine:creeper_desert/leg2"},{"predicate":{"custom_model_data":3027},"model":"modelengine:creeper_desert/leg2_armor"},{"predicate":{"custom_model_data":3028},"model":"modelengine:creeper_desert/leg1"},{"predicate":{"custom_model_data":3029},"model":"modelengine:creeper_desert/leg1_armor"},{"predicate":{"custom_model_data":3030},"model":"modelengine:creeper_desert/body"},{"predicate":{"custom_model_data":3031},"model":"modelengine:creeper_desert/body_armor"},{"predicate":{"custom_model_data":3032},"model":"modelengine:creeper_dripstone/leg4"},{"predicate":{"custom_model_data":3033},"model":"modelengine:creeper_dripstone/leg4_armor"},{"predicate":{"custom_model_data":3034},"model":"modelengine:creeper_dripstone/leg3"},{"predicate":{"custom_model_data":3035},"model":"modelengine:creeper_dripstone/leg3_armor"},{"predicate":{"custom_model_data":3036},"model":"modelengine:creeper_dripstone/leg2"},{"predicate":{"custom_model_data":3037},"model":"modelengine:creeper_dripstone/leg2_armor"},{"predicate":{"custom_model_data":3038},"model":"modelengine:creeper_dripstone/leg1"},{"predicate":{"custom_model_data":3039},"model":"modelengine:creeper_dripstone/leg1_armor"},{"predicate":{"custom_model_data":3040},"model":"modelengine:creeper_dripstone/body"},{"predicate":{"custom_model_data":3041},"model":"modelengine:creeper_dripstone/head"},{"predicate":{"custom_model_data":3042},"model":"modelengine:creeper_dripstone/head_armor"},{"predicate":{"custom_model_data":3043},"model":"modelengine:creeper_dripstone/body_armor"},{"predicate":{"custom_model_data":3044},"model":"modelengine:creeper_snowy/leg4"},{"predicate":{"custom_model_data":3045},"model":"modelengine:creeper_snowy/leg4_armor"},{"predicate":{"custom_model_data":3046},"model":"modelengine:creeper_snowy/leg3"},{"predicate":{"custom_model_data":3047},"model":"modelengine:creeper_snowy/leg3_armor"},{"predicate":{"custom_model_data":3048},"model":"modelengine:creeper_snowy/leg2"},{"predicate":{"custom_model_data":3049},"model":"modelengine:creeper_snowy/leg2_armor"},{"predicate":{"custom_model_data":3050},"model":"modelengine:creeper_snowy/leg1"},{"predicate":{"custom_model_data":3051},"model":"modelengine:creeper_snowy/leg1_armor"},{"predicate":{"custom_model_data":3052},"model":"modelengine:creeper_snowy/body"},{"predicate":{"custom_model_data":3053},"model":"modelengine:creeper_snowy/head"},{"predicate":{"custom_model_data":3054},"model":"modelengine:creeper_snowy/head_armor"},{"predicate":{"custom_model_data":3055},"model":"modelengine:creeper_snowy/body_armor"}]}