{"textures":{"0":"modelengine:entity/dragon_sentinel_dragonform"},"elements":[{"from":[2.2857141,13.085538,4.2114315],"to":[13.714286,25.656967,13.925718],"rotation":{"angle":22.5,"axis":"x","origin":[11.428572,18.799824,-2.0742836]},"faces":{"east":{"uv":[5.375,8.71875,5.90625,9.40625],"rotation":0,"texture":"#0","tintindex":0},"south":{"uv":[4.75,8.09375,5.375,8.78125],"rotation":0,"texture":"#0","tintindex":0},"north":{"uv":[4.125,8.09375,4.75,8.78125],"rotation":0,"texture":"#0","tintindex":0},"west":{"uv":[3.75,8.78125,4.28125,9.46875],"rotation":0,"texture":"#0","tintindex":0},"up":{"uv":[2.5625,9.5625,1.9375,9.03125],"rotation":0,"texture":"#0","tintindex":0},"down":{"uv":[3.1875,9.03125,2.5625,9.5625],"rotation":0,"texture":"#0","tintindex":0}}},{"from":[6.285714,17.442604,15.205786],"to":[9.714286,22.014032,21.4915],"rotation":{"angle":45.0,"axis":"x","origin":[8.0,24.290089,20.72335]},"faces":{"east":{"uv":[11.9375,2.65625,12.28125,2.90625],"rotation":0,"texture":"#0","tintindex":0},"south":{"uv":[12.28125,1.78125,12.46875,2.03125],"rotation":0,"texture":"#0","tintindex":0},"north":{"uv":[1.09375,12.28125,1.28125,12.53125],"rotation":0,"texture":"#0","tintindex":0},"west":{"uv":[11.9375,5.9375,12.28125,6.1875],"rotation":0,"texture":"#0","tintindex":0},"up":{"uv":[3.0,11.71875,2.8125,11.375],"rotation":0,"texture":"#0","tintindex":0},"down":{"uv":[2.125,12.0,1.9375,12.34375],"rotation":0,"texture":"#0","tintindex":0}}},{"from":[6.285714,13.582018,11.136407],"to":[9.714286,19.867733,15.707835],"rotation":{"angle":-22.5,"axis":"x","origin":[8.0,14.568884,18.396]},"faces":{"east":{"uv":[11.9375,8.625,12.1875,8.96875],"rotation":0,"texture":"#0","tintindex":0},"south":{"uv":[11.28125,12.0,11.46875,12.34375],"rotation":0,"texture":"#0","tintindex":0},"north":{"uv":[5.3125,12.0,5.5,12.34375],"rotation":0,"texture":"#0","tintindex":0},"west":{"uv":[11.9375,10.5,12.1875,10.84375],"rotation":0,"texture":"#0","tintindex":0},"up":{"uv":[12.46875,2.28125,12.28125,2.03125],"rotation":0,"texture":"#0","tintindex":0},"down":{"uv":[12.46875,2.65625,12.28125,2.90625],"rotation":0,"texture":"#0","tintindex":0}}},{"from":[3.523034,2.16426,0.9565878],"to":[13.23732,12.449975,13.528017],"rotation":{"angle":-22.5,"axis":"x","origin":[10.665892,5.5928316,6.3851595]},"faces":{"east":{"uv":[8.5625,1.0,9.25,1.5625],"rotation":0,"texture":"#0","tintindex":0},"south":{"uv":[9.34375,4.0625,9.875,4.625],"rotation":0,"texture":"#0","tintindex":0},"north":{"uv":[9.34375,0.0,9.875,0.5625],"rotation":0,"texture":"#0","tintindex":0},"west":{"uv":[6.6875,8.5625,7.375,9.125],"rotation":0,"texture":"#0","tintindex":0},"up":{"uv":[4.8125,9.46875,4.28125,8.78125],"rotation":0,"texture":"#0","tintindex":0},"down":{"uv":[5.34375,8.78125,4.8125,9.46875],"rotation":0,"texture":"#0","tintindex":0}}},{"from":[-3.1425495,5.9473677,1.2006125],"to":[6.000308,12.804511,12.057756],"rotation":{"angle":-22.5,"axis":"z","origin":[0.85745096,6.804511,6.057756]},"faces":{"east":{"uv":[10.40625,6.40625,11.0,6.78125],"rotation":0,"texture":"#0","tintindex":0},"south":{"uv":[11.03125,7.25,11.53125,7.625],"rotation":0,"texture":"#0","tintindex":0},"north":{"uv":[11.0,6.375,11.5,6.75],"rotation":0,"texture":"#0","tintindex":0},"west":{"uv":[3.6875,10.53125,4.28125,10.90625],"rotation":0,"texture":"#0","tintindex":0},"up":{"uv":[5.0625,10.0625,4.5625,9.46875],"rotation":0,"texture":"#0","tintindex":0},"down":{"uv":[10.0,3.125,9.5,3.71875],"rotation":0,"texture":"#0","tintindex":0}}},{"from":[10.043806,6.166044,1.2006125],"to":[19.186665,13.023188,12.057756],"rotation":{"angle":22.5,"axis":"z","origin":[15.714594,6.804511,6.057756]},"faces":{"east":{"uv":[10.59375,0.375,11.1875,0.75],"rotation":0,"texture":"#0","tintindex":0},"south":{"uv":[11.03125,8.28125,11.53125,8.65625],"rotation":0,"texture":"#0","tintindex":0},"north":{"uv":[11.03125,7.625,11.53125,8.0],"rotation":0,"texture":"#0","tintindex":0},"west":{"uv":[2.625,10.59375,3.21875,10.96875],"rotation":0,"texture":"#0","tintindex":0},"up":{"uv":[8.375,10.09375,7.875,9.5],"rotation":0,"texture":"#0","tintindex":0},"down":{"uv":[10.0,8.1875,9.5,8.78125],"rotation":0,"texture":"#0","tintindex":0}}},{"from":[1.7142854,19.012062,5.617619],"to":[14.285715,30.440636,15.331905],"rotation":{"angle":0.0,"axis":"y","origin":[11.428572,23.583492,-0.6680956]},"faces":{"east":{"uv":[3.1875,9.03125,3.71875,9.65625],"rotation":0,"texture":"#0","tintindex":0},"south":{"uv":[8.1875,7.6875,8.875,8.3125],"rotation":0,"texture":"#0","tintindex":0},"north":{"uv":[5.375,8.09375,6.0625,8.71875],"rotation":0,"texture":"#0","tintindex":0},"west":{"uv":[5.90625,9.0625,6.4375,9.6875],"rotation":0,"texture":"#0","tintindex":0},"up":{"uv":[9.5,8.84375,8.8125,8.3125],"rotation":0,"texture":"#0","tintindex":0},"down":{"uv":[1.9375,8.84375,1.25,9.375],"rotation":0,"texture":"#0","tintindex":0}}}],"display":{"head":{"translation":[0.0,-6.4,0.0],"scale":[4.0,4.0,4.0]}}}