{"textures":{"0":"modelengine:entity/dragon_sentinel_dragonform"},"elements":[{"from":[4.8571424,3.7142854,-5.4285717],"to":[11.142858,7.714286,8.857143],"rotation":{"angle":0.0,"axis":"y","origin":[7.714286,-21.428574,28.285715]},"faces":{"east":{"uv":[11.0625,2.03125,11.84375,2.25],"rotation":0,"texture":"#0","tintindex":0},"south":{"uv":[7.4375,12.0,7.78125,12.21875],"rotation":0,"texture":"#0","tintindex":0},"north":{"uv":[1.59375,12.0,1.9375,12.21875],"rotation":0,"texture":"#0","tintindex":0},"west":{"uv":[11.0625,2.25,11.84375,2.46875],"rotation":0,"texture":"#0","tintindex":0},"up":{"uv":[10.34375,8.59375,10.0,7.8125],"rotation":0,"texture":"#0","tintindex":0},"down":{"uv":[10.375,0.9375,10.03125,1.71875],"rotation":0,"texture":"#0","tintindex":0}}},{"from":[8.0,-0.2857151,-3.1428576],"to":[8.0,3.7142854,9.428572],"rotation":{"angle":0.0,"axis":"y","origin":[7.714286,-21.428574,28.285715]},"faces":{"east":{"uv":[8.90625,7.28125,9.59375,7.5],"rotation":0,"texture":"#0","tintindex":0},"south":{"uv":[0.0,0.0,0.0,0.21875],"rotation":0,"texture":"#0","tintindex":0},"north":{"uv":[0.0,0.0,0.0,0.21875],"rotation":0,"texture":"#0","tintindex":0},"west":{"uv":[11.21875,2.46875,11.90625,2.6875],"rotation":0,"texture":"#0","tintindex":0},"up":{"uv":[0.0,0.6875,0.0,0.0],"rotation":0,"texture":"#0","tintindex":0},"down":{"uv":[0.0,0.0,0.0,0.6875],"rotation":0,"texture":"#0","tintindex":0}}},{"from":[4.8571424,7.714286,-4.285715],"to":[4.8571424,10.571428,2.5714283],"rotation":{"angle":0.0,"axis":"y","origin":[7.714286,-21.428574,28.285715]},"faces":{"east":{"uv":[8.0,12.09375,8.375,12.25],"rotation":0,"texture":"#0","tintindex":0},"south":{"uv":[0.0,0.0,0.0,0.15625],"rotation":0,"texture":"#0","tintindex":0},"north":{"uv":[0.0,0.0,0.0,0.15625],"rotation":0,"texture":"#0","tintindex":0},"west":{"uv":[10.71875,12.09375,11.09375,12.25],"rotation":0,"texture":"#0","tintindex":0},"up":{"uv":[0.0,0.375,0.0,0.0],"rotation":0,"texture":"#0","tintindex":0},"down":{"uv":[0.0,0.0,0.0,0.375],"rotation":0,"texture":"#0","tintindex":0}}},{"from":[11.142858,7.714286,-4.285715],"to":[11.142858,10.571428,2.5714283],"rotation":{"angle":0.0,"axis":"y","origin":[10.0,-21.428574,28.285715]},"faces":{"east":{"uv":[12.09375,12.0,12.46875,12.15625],"rotation":0,"texture":"#0","tintindex":0},"south":{"uv":[0.0,0.0,0.0,0.15625],"rotation":0,"texture":"#0","tintindex":0},"north":{"uv":[0.0,0.0,0.0,0.15625],"rotation":0,"texture":"#0","tintindex":0},"west":{"uv":[12.125,5.46875,12.5,5.625],"rotation":0,"texture":"#0","tintindex":0},"up":{"uv":[0.0,0.375,0.0,0.0],"rotation":0,"texture":"#0","tintindex":0},"down":{"uv":[0.0,0.0,0.0,0.375],"rotation":0,"texture":"#0","tintindex":0}}}],"display":{"head":{"translation":[0.0,-6.4,0.0],"scale":[4.0,4.0,4.0]}}}