{"textures":{"0":"modelengine:entity/dragon_sentinel_dragonform"},"elements":[{"from":[0.85714245,12.641159,1.2117786],"to":[9.428572,16.06973,1.2117786],"rotation":{"angle":45.0,"axis":"x","origin":[5.142857,14.355444,1.2117786]},"faces":{"east":{"uv":[0.0,0.0,0.0,0.1875],"rotation":0,"texture":"#0","tintindex":0},"south":{"uv":[11.84375,2.28125,12.3125,2.46875],"rotation":0,"texture":"#0","tintindex":0},"north":{"uv":[8.71875,4.0625,9.1875,4.25],"rotation":0,"texture":"#0","tintindex":0},"west":{"uv":[0.0,0.0,0.0,0.1875],"rotation":0,"texture":"#0","tintindex":0},"up":{"uv":[0.46875,0.0,0.0,0.0],"rotation":0,"texture":"#0","tintindex":0},"down":{"uv":[0.46875,0.0,0.0,0.0],"rotation":0,"texture":"#0","tintindex":0}}},{"from":[0.85714245,13.798886,7.869508],"to":[9.428572,13.798886,11.2980795],"rotation":{"angle":-22.5,"axis":"x","origin":[5.142857,13.798886,9.583794]},"faces":{"east":{"uv":[0.0,0.0,0.1875,0.0],"rotation":0,"texture":"#0","tintindex":0},"south":{"uv":[0.0,0.0,0.46875,0.0],"rotation":0,"texture":"#0","tintindex":0},"north":{"uv":[0.0,0.0,0.46875,0.0],"rotation":0,"texture":"#0","tintindex":0},"west":{"uv":[0.0,0.0,0.1875,0.0],"rotation":0,"texture":"#0","tintindex":0},"up":{"uv":[12.34375,0.4375,11.875,0.25],"rotation":0,"texture":"#0","tintindex":0},"down":{"uv":[2.6875,11.875,2.21875,12.0625],"rotation":0,"texture":"#0","tintindex":0}}},{"from":[1.9999995,13.798886,6.155222],"to":[10.571428,13.798886,9.583794],"rotation":{"angle":-22.5,"axis":"x","origin":[6.285714,13.798886,7.869508]},"faces":{"east":{"uv":[0.0,0.0,0.1875,0.0],"rotation":0,"texture":"#0","tintindex":0},"south":{"uv":[0.0,0.0,0.46875,0.0],"rotation":0,"texture":"#0","tintindex":0},"north":{"uv":[0.0,0.0,0.46875,0.0],"rotation":0,"texture":"#0","tintindex":0},"west":{"uv":[0.0,0.0,0.1875,0.0],"rotation":0,"texture":"#0","tintindex":0},"up":{"uv":[12.34375,4.875,11.875,4.6875],"rotation":0,"texture":"#0","tintindex":0},"down":{"uv":[12.34375,6.28125,11.875,6.46875],"rotation":0,"texture":"#0","tintindex":0}}},{"from":[1.9999995,13.798886,4.440936],"to":[10.571428,13.798886,7.869508],"rotation":{"angle":-22.5,"axis":"x","origin":[6.285714,13.798886,6.155222]},"faces":{"east":{"uv":[0.0,0.0,0.1875,0.0],"rotation":0,"texture":"#0","tintindex":0},"south":{"uv":[0.0,0.0,0.46875,0.0],"rotation":0,"texture":"#0","tintindex":0},"north":{"uv":[0.0,0.0,0.46875,0.0],"rotation":0,"texture":"#0","tintindex":0},"west":{"uv":[0.0,0.0,0.1875,0.0],"rotation":0,"texture":"#0","tintindex":0},"up":{"uv":[12.34375,6.65625,11.875,6.46875],"rotation":0,"texture":"#0","tintindex":0},"down":{"uv":[12.34375,11.34375,11.875,11.53125],"rotation":0,"texture":"#0","tintindex":0}}},{"from":[4.285714,13.798886,2.155222],"to":[12.857143,13.798886,5.583793],"rotation":{"angle":-22.5,"axis":"x","origin":[8.571428,13.798886,3.8695073]},"faces":{"east":{"uv":[0.0,0.0,0.1875,0.0],"rotation":0,"texture":"#0","tintindex":0},"south":{"uv":[0.0,0.0,0.46875,0.0],"rotation":0,"texture":"#0","tintindex":0},"north":{"uv":[0.0,0.0,0.46875,0.0],"rotation":0,"texture":"#0","tintindex":0},"west":{"uv":[0.0,0.0,0.1875,0.0],"rotation":0,"texture":"#0","tintindex":0},"up":{"uv":[12.375,1.34375,11.90625,1.15625],"rotation":0,"texture":"#0","tintindex":0},"down":{"uv":[12.375,2.46875,11.90625,2.65625],"rotation":0,"texture":"#0","tintindex":0}}},{"from":[3.0582566,2.8571424,2.7266507],"to":[3.0582566,11.428572,6.155222],"rotation":{"angle":-22.5,"axis":"y","origin":[3.0582566,7.142857,4.440936]},"faces":{"east":{"uv":[3.53125,9.65625,3.71875,10.125],"rotation":0,"texture":"#0","tintindex":0},"south":{"uv":[0.0,0.0,0.0,0.46875],"rotation":0,"texture":"#0","tintindex":0},"north":{"uv":[0.0,0.0,0.0,0.46875],"rotation":0,"texture":"#0","tintindex":0},"west":{"uv":[4.3125,11.78125,4.5,12.25],"rotation":0,"texture":"#0","tintindex":0},"up":{"uv":[0.0,0.1875,0.0,0.0],"rotation":0,"texture":"#0","tintindex":0},"down":{"uv":[0.0,0.0,0.0,0.1875],"rotation":0,"texture":"#0","tintindex":0}}},{"from":[3.0582566,5.142857,0.4409361],"to":[3.0582566,13.714286,3.8695073],"rotation":{"angle":-22.5,"axis":"y","origin":[3.0582566,9.428572,2.155222]},"faces":{"east":{"uv":[10.09375,11.84375,10.28125,12.3125],"rotation":0,"texture":"#0","tintindex":0},"south":{"uv":[0.0,0.0,0.0,0.46875],"rotation":0,"texture":"#0","tintindex":0},"north":{"uv":[0.0,0.0,0.0,0.46875],"rotation":0,"texture":"#0","tintindex":0},"west":{"uv":[11.09375,11.84375,11.28125,12.3125],"rotation":0,"texture":"#0","tintindex":0},"up":{"uv":[0.0,0.1875,0.0,0.0],"rotation":0,"texture":"#0","tintindex":0},"down":{"uv":[0.0,0.0,0.0,0.1875],"rotation":0,"texture":"#0","tintindex":0}}},{"from":[0.78741264,1.7142854,-0.5025072],"to":[4.2159843,10.285714,-0.5025072],"rotation":{"angle":45.0,"axis":"y","origin":[2.5016985,6.0,-0.5025072]},"faces":{"east":{"uv":[0.0,0.0,0.0,0.46875],"rotation":0,"texture":"#0","tintindex":0},"south":{"uv":[9.0,11.875,9.1875,12.34375],"rotation":0,"texture":"#0","tintindex":0},"north":{"uv":[4.78125,11.875,4.96875,12.34375],"rotation":0,"texture":"#0","tintindex":0},"west":{"uv":[0.0,0.0,0.0,0.46875],"rotation":0,"texture":"#0","tintindex":0},"up":{"uv":[0.1875,0.0,0.0,0.0],"rotation":0,"texture":"#0","tintindex":0},"down":{"uv":[0.1875,0.0,0.0,0.0],"rotation":0,"texture":"#0","tintindex":0}}},{"from":[3.0582566,1.7142854,6.155222],"to":[3.0582566,10.285714,9.583794],"rotation":{"angle":-22.5,"axis":"y","origin":[3.0582566,6.0,7.869508]},"faces":{"east":{"uv":[11.9375,5.46875,12.125,5.9375],"rotation":0,"texture":"#0","tintindex":0},"south":{"uv":[0.0,0.0,0.0,0.46875],"rotation":0,"texture":"#0","tintindex":0},"north":{"uv":[0.0,0.0,0.0,0.46875],"rotation":0,"texture":"#0","tintindex":0},"west":{"uv":[11.9375,7.0625,12.125,7.53125],"rotation":0,"texture":"#0","tintindex":0},"up":{"uv":[0.0,0.1875,0.0,0.0],"rotation":0,"texture":"#0","tintindex":0},"down":{"uv":[0.0,0.0,0.0,0.1875],"rotation":0,"texture":"#0","tintindex":0}}},{"from":[12.941744,2.8571424,2.7266507],"to":[12.941744,11.428572,6.155222],"rotation":{"angle":22.5,"axis":"y","origin":[12.941744,7.142857,4.440936]},"faces":{"east":{"uv":[8.375,11.9375,8.5625,12.40625],"rotation":0,"texture":"#0","tintindex":0},"south":{"uv":[0.0,0.0,0.0,0.46875],"rotation":0,"texture":"#0","tintindex":0},"north":{"uv":[0.0,0.0,0.0,0.46875],"rotation":0,"texture":"#0","tintindex":0},"west":{"uv":[8.5625,11.9375,8.75,12.40625],"rotation":0,"texture":"#0","tintindex":0},"up":{"uv":[0.0,0.1875,0.0,0.0],"rotation":0,"texture":"#0","tintindex":0},"down":{"uv":[0.0,0.0,0.0,0.1875],"rotation":0,"texture":"#0","tintindex":0}}},{"from":[12.941744,5.142857,0.4409361],"to":[12.941744,13.714286,3.8695073],"rotation":{"angle":22.5,"axis":"y","origin":[12.941744,9.428572,2.155222]},"faces":{"east":{"uv":[9.1875,11.9375,9.375,12.40625],"rotation":0,"texture":"#0","tintindex":0},"south":{"uv":[0.0,0.0,0.0,0.46875],"rotation":0,"texture":"#0","tintindex":0},"north":{"uv":[0.0,0.0,0.0,0.46875],"rotation":0,"texture":"#0","tintindex":0},"west":{"uv":[9.375,11.9375,9.5625,12.40625],"rotation":0,"texture":"#0","tintindex":0},"up":{"uv":[0.0,0.1875,0.0,0.0],"rotation":0,"texture":"#0","tintindex":0},"down":{"uv":[0.0,0.0,0.0,0.1875],"rotation":0,"texture":"#0","tintindex":0}}},{"from":[11.784016,1.7142854,-0.5025072],"to":[15.212587,10.285714,-0.5025072],"rotation":{"angle":-45.0,"axis":"y","origin":[13.4983015,6.0,-0.5025072]},"faces":{"east":{"uv":[0.0,0.0,0.0,0.46875],"rotation":0,"texture":"#0","tintindex":0},"south":{"uv":[9.75,11.9375,9.9375,12.40625],"rotation":0,"texture":"#0","tintindex":0},"north":{"uv":[9.5625,11.9375,9.75,12.40625],"rotation":0,"texture":"#0","tintindex":0},"west":{"uv":[0.0,0.0,0.0,0.46875],"rotation":0,"texture":"#0","tintindex":0},"up":{"uv":[0.1875,0.0,0.0,0.0],"rotation":0,"texture":"#0","tintindex":0},"down":{"uv":[0.1875,0.0,0.0,0.0],"rotation":0,"texture":"#0","tintindex":0}}},{"from":[12.941744,1.7142854,6.155222],"to":[12.941744,10.285714,9.583794],"rotation":{"angle":22.5,"axis":"y","origin":[12.941744,6.0,7.869508]},"faces":{"east":{"uv":[0.0,11.96875,0.1875,12.4375],"rotation":0,"texture":"#0","tintindex":0},"south":{"uv":[0.0,0.0,0.0,0.46875],"rotation":0,"texture":"#0","tintindex":0},"north":{"uv":[0.0,0.0,0.0,0.46875],"rotation":0,"texture":"#0","tintindex":0},"west":{"uv":[0.1875,11.96875,0.375,12.4375],"rotation":0,"texture":"#0","tintindex":0},"up":{"uv":[0.0,0.1875,0.0,0.0],"rotation":0,"texture":"#0","tintindex":0},"down":{"uv":[0.0,0.0,0.0,0.1875],"rotation":0,"texture":"#0","tintindex":0}}},{"from":[3.7142854,4.0,-4.5714293],"to":[12.285715,13.142858,8.0],"rotation":{"angle":0.0,"axis":"y","origin":[8.857143,8.571428,7.428571]},"faces":{"east":{"uv":[8.90625,6.78125,9.59375,7.28125],"rotation":0,"texture":"#0","tintindex":0},"south":{"uv":[10.40625,4.90625,10.875,5.40625],"rotation":0,"texture":"#0","tintindex":0},"north":{"uv":[10.40625,4.40625,10.875,4.90625],"rotation":0,"texture":"#0","tintindex":0},"west":{"uv":[8.03125,9.0,8.71875,9.5],"rotation":0,"texture":"#0","tintindex":0},"up":{"uv":[6.90625,9.8125,6.4375,9.125],"rotation":0,"texture":"#0","tintindex":0},"down":{"uv":[7.375,9.125,6.90625,9.8125],"rotation":0,"texture":"#0","tintindex":0}}},{"from":[5.428571,1.1428566,-4.5714293],"to":[10.571428,4.0,8.0],"rotation":{"angle":0.0,"axis":"y","origin":[8.857143,0.0,7.428571]},"faces":{"east":{"uv":[11.65625,9.0,12.34375,9.15625],"rotation":0,"texture":"#0","tintindex":0},"south":{"uv":[10.75,8.28125,11.03125,8.4375],"rotation":0,"texture":"#0","tintindex":0},"north":{"uv":[2.625,10.4375,2.90625,10.59375],"rotation":0,"texture":"#0","tintindex":0},"west":{"uv":[11.65625,9.15625,12.34375,9.3125],"rotation":0,"texture":"#0","tintindex":0},"up":{"uv":[8.125,11.5625,7.84375,10.875],"rotation":0,"texture":"#0","tintindex":0},"down":{"uv":[3.875,10.90625,3.59375,11.59375],"rotation":0,"texture":"#0","tintindex":0}}},{"from":[8.0,-1.7142859,-4.5714293],"to":[8.0,1.1428566,8.0],"rotation":{"angle":0.0,"axis":"y","origin":[8.571428,0.0,7.428571]},"faces":{"east":{"uv":[11.6875,4.125,12.375,4.28125],"rotation":0,"texture":"#0","tintindex":0},"south":{"uv":[0.0,0.0,0.0,0.15625],"rotation":0,"texture":"#0","tintindex":0},"north":{"uv":[0.0,0.0,0.0,0.15625],"rotation":0,"texture":"#0","tintindex":0},"west":{"uv":[11.6875,4.28125,12.375,4.4375],"rotation":0,"texture":"#0","tintindex":0},"up":{"uv":[0.0,0.6875,0.0,0.0],"rotation":0,"texture":"#0","tintindex":0},"down":{"uv":[0.0,0.0,0.0,0.6875],"rotation":0,"texture":"#0","tintindex":0}}}],"display":{"head":{"translation":[0.0,-6.4,0.0],"scale":[4.0,4.0,4.0]}}}