{"textures":{"0":"modelengine:entity/dragon_sentinel_dragonform"},"elements":[{"from":[16.463234,0.85714245,17.51523],"to":[20.463234,3.7142854,19.229515],"rotation":{"angle":-45.0,"axis":"y","origin":[18.463234,2.2857141,18.372372]},"faces":{"east":{"uv":[11.59375,3.71875,11.6875,3.875],"rotation":0,"texture":"#0","tintindex":0},"south":{"uv":[3.1875,12.46875,3.40625,12.625],"rotation":0,"texture":"#0","tintindex":0},"north":{"uv":[2.96875,12.46875,3.1875,12.625],"rotation":0,"texture":"#0","tintindex":0},"west":{"uv":[6.0,11.84375,6.09375,12.0],"rotation":0,"texture":"#0","tintindex":0},"up":{"uv":[10.53125,4.0625,10.3125,3.96875],"rotation":0,"texture":"#0","tintindex":0},"down":{"uv":[9.40625,10.34375,9.1875,10.4375],"rotation":0,"texture":"#0","tintindex":0}}},{"from":[10.79797,0.0,13.494925],"to":[17.655113,4.5714283,18.066353],"rotation":{"angle":0.0,"axis":"y","origin":[5.083684,0.5714283,15.780638]},"faces":{"east":{"uv":[12.03125,11.53125,12.28125,11.78125],"rotation":0,"texture":"#0","tintindex":0},"south":{"uv":[7.0625,11.84375,7.4375,12.09375],"rotation":0,"texture":"#0","tintindex":0},"north":{"uv":[6.6875,11.84375,7.0625,12.09375],"rotation":0,"texture":"#0","tintindex":0},"west":{"uv":[2.125,12.0625,2.375,12.3125],"rotation":0,"texture":"#0","tintindex":0},"up":{"uv":[8.375,12.09375,8.0,11.84375],"rotation":0,"texture":"#0","tintindex":0},"down":{"uv":[11.09375,11.84375,10.71875,12.09375],"rotation":0,"texture":"#0","tintindex":0}}},{"from":[4.512255,0.0,12.923495],"to":[10.79797,7.428571,18.637781],"rotation":{"angle":0.0,"axis":"y","origin":[5.083684,9.142858,15.780638]},"faces":{"east":{"uv":[0.75,11.5625,1.0625,11.96875],"rotation":0,"texture":"#0","tintindex":0},"south":{"uv":[10.09375,11.4375,10.4375,11.84375],"rotation":0,"texture":"#0","tintindex":0},"north":{"uv":[11.4375,9.6875,11.78125,10.09375],"rotation":0,"texture":"#0","tintindex":0},"west":{"uv":[1.0625,11.5625,1.375,11.96875],"rotation":0,"texture":"#0","tintindex":0},"up":{"uv":[11.6875,12.0,11.34375,11.6875],"rotation":0,"texture":"#0","tintindex":0},"down":{"uv":[12.03125,11.6875,11.6875,12.0],"rotation":0,"texture":"#0","tintindex":0}}},{"from":[3.9408264,7.428571,4.9234953],"to":[10.79797,13.714286,18.637781],"rotation":{"angle":0.0,"axis":"y","origin":[5.083684,9.142858,15.780638]},"faces":{"east":{"uv":[10.34375,2.71875,11.09375,3.0625],"rotation":0,"texture":"#0","tintindex":0},"south":{"uv":[11.5,6.375,11.875,6.71875],"rotation":0,"texture":"#0","tintindex":0},"north":{"uv":[11.5,4.6875,11.875,5.03125],"rotation":0,"texture":"#0","tintindex":0},"west":{"uv":[10.34375,6.90625,11.09375,7.25],"rotation":0,"texture":"#0","tintindex":0},"up":{"uv":[9.125,10.34375,8.75,9.59375],"rotation":0,"texture":"#0","tintindex":0},"down":{"uv":[9.5,9.59375,9.125,10.34375],"rotation":0,"texture":"#0","tintindex":0}}}],"display":{"head":{"translation":[0.0,-6.4,0.0],"scale":[4.0,4.0,4.0]}}}