{"textures":{"0":"minecraft:item/anchor"},"elements":[{"from":[7.428571,3.4285712,7.6285715],"to":[8.571428,4.5714283,8.3714285],"rotation":{"angle":0.0,"axis":"y","origin":[12.571428,3.4285712,3.4285712]},"faces":{"east":{"uv":[13.0,0.0,14.0,1.0],"rotation":0,"texture":"#0","tintindex":0},"south":{"uv":[13.0,1.0,14.0,2.0],"rotation":0,"texture":"#0","tintindex":0},"north":{"uv":[13.0,3.0,14.0,4.0],"rotation":0,"texture":"#0","tintindex":0},"west":{"uv":[13.0,2.0,14.0,3.0],"rotation":0,"texture":"#0","tintindex":0},"up":{"uv":[5.0,14.0,4.0,13.0],"rotation":90,"texture":"#0","tintindex":0},"down":{"uv":[14.0,4.0,13.0,5.0],"rotation":270,"texture":"#0","tintindex":0}}},{"from":[6.857143,4.5714283,7.714286],"to":[9.142858,12.571428,8.285714],"rotation":{"angle":0.0,"axis":"y","origin":[12.571428,3.4285712,3.4285712]},"faces":{"east":{"uv":[4.0,0.0,5.0,7.0],"rotation":0,"texture":"#0","tintindex":0},"south":{"uv":[0.0,0.0,2.0,7.0],"rotation":0,"texture":"#0","tintindex":0},"north":{"uv":[2.0,0.0,4.0,7.0],"rotation":0,"texture":"#0","tintindex":0},"west":{"uv":[5.0,0.0,6.0,7.0],"rotation":0,"texture":"#0","tintindex":0},"up":{"uv":[10.0,13.0,9.0,11.0],"rotation":90,"texture":"#0","tintindex":0},"down":{"uv":[2.0,11.5,1.0,13.5],"rotation":270,"texture":"#0","tintindex":0}}},{"from":[6.285714,4.428571,7.5714283],"to":[9.714286,6.285714,8.428572],"rotation":{"angle":0.0,"axis":"y","origin":[8.0,5.0714283,8.0]},"faces":{"east":{"uv":[4.0,11.5,5.0,13.0],"rotation":0,"texture":"#0","tintindex":0},"south":{"uv":[6.0,4.0,9.0,5.5],"rotation":0,"texture":"#0","tintindex":0},"north":{"uv":[6.0,5.5,9.0,7.0],"rotation":0,"texture":"#0","tintindex":0},"west":{"uv":[5.0,11.5,6.0,13.0],"rotation":0,"texture":"#0","tintindex":0},"up":{"uv":[10.5,3.0,9.5,0.0],"rotation":90,"texture":"#0","tintindex":0},"down":{"uv":[1.0,10.0,0.0,13.0],"rotation":270,"texture":"#0","tintindex":0}}},{"from":[9.337783,5.0356655,7.6285715],"to":[12.766355,6.8928084,8.3714285],"rotation":{"angle":22.5,"axis":"z","origin":[11.052069,5.6785226,8.0]},"faces":{"east":{"uv":[2.5,10.0,3.0,11.5],"rotation":0,"texture":"#0","tintindex":0},"south":{"uv":[0.0,7.0,3.0,8.5],"rotation":0,"texture":"#0","tintindex":0},"north":{"uv":[3.0,7.0,6.0,8.5],"rotation":0,"texture":"#0","tintindex":0},"west":{"uv":[0.5,13.0,1.0,14.5],"rotation":0,"texture":"#0","tintindex":0},"up":{"uv":[6.5,14.5,6.0,11.5],"rotation":90,"texture":"#0","tintindex":0},"down":{"uv":[7.0,11.5,6.5,14.5],"rotation":270,"texture":"#0","tintindex":0}}},{"from":[11.729693,5.8561473,7.6857142],"to":[13.586836,7.570433,8.314285],"rotation":{"angle":-22.5,"axis":"z","origin":[12.943979,7.570433,8.0]},"faces":{"east":{"uv":[5.0,13.0,5.5,14.5],"rotation":0,"texture":"#0","tintindex":0},"south":{"uv":[1.0,10.0,2.5,11.5],"rotation":0,"texture":"#0","tintindex":0},"north":{"uv":[10.0,7.0,11.5,8.5],"rotation":0,"texture":"#0","tintindex":0},"west":{"uv":[13.0,5.0,13.5,6.5],"rotation":0,"texture":"#0","tintindex":0},"up":{"uv":[6.0,14.5,5.5,13.0],"rotation":90,"texture":"#0","tintindex":0},"down":{"uv":[13.5,6.5,13.0,8.0],"rotation":270,"texture":"#0","tintindex":0}}},{"from":[11.729693,7.570433,7.6857142],"to":[13.015408,9.284719,8.314285],"rotation":{"angle":-22.5,"axis":"z","origin":[12.943979,7.570433,8.0]},"faces":{"east":{"uv":[7.0,13.0,7.5,14.5],"rotation":0,"texture":"#0","tintindex":0},"south":{"uv":[7.0,11.5,8.0,13.0],"rotation":0,"texture":"#0","tintindex":0},"north":{"uv":[11.5,7.0,12.5,8.5],"rotation":0,"texture":"#0","tintindex":0},"west":{"uv":[7.5,13.0,8.0,14.5],"rotation":0,"texture":"#0","tintindex":0},"up":{"uv":[12.5,4.0,12.0,3.0],"rotation":90,"texture":"#0","tintindex":0},"down":{"uv":[1.5,13.5,1.0,14.5],"rotation":270,"texture":"#0","tintindex":0}}},{"from":[3.2336454,5.0356655,7.6285715],"to":[6.662217,6.8928084,8.3714285],"rotation":{"angle":-22.5,"axis":"z","origin":[4.9479313,5.6785226,8.0]},"faces":{"east":{"uv":[13.0,8.0,13.5,9.5],"rotation":0,"texture":"#0","tintindex":0},"south":{"uv":[6.0,7.0,9.0,8.5],"rotation":0,"texture":"#0","tintindex":0},"north":{"uv":[0.0,8.5,3.0,10.0],"rotation":0,"texture":"#0","tintindex":0},"west":{"uv":[9.0,13.0,9.5,14.5],"rotation":0,"texture":"#0","tintindex":0},"up":{"uv":[8.5,14.5,8.0,11.5],"rotation":90,"texture":"#0","tintindex":0},"down":{"uv":[9.0,11.5,8.5,14.5],"rotation":270,"texture":"#0","tintindex":0}}},{"from":[2.4131637,5.8561473,7.6857142],"to":[4.2703066,7.570433,8.314285],"rotation":{"angle":22.5,"axis":"z","origin":[3.0560207,7.570433,8.0]},"faces":{"east":{"uv":[9.5,13.0,10.0,14.5],"rotation":0,"texture":"#0","tintindex":0},"south":{"uv":[10.0,8.5,11.5,10.0],"rotation":0,"texture":"#0","tintindex":0},"north":{"uv":[10.0,10.0,11.5,11.5],"rotation":0,"texture":"#0","tintindex":0},"west":{"uv":[13.0,9.5,13.5,11.0],"rotation":0,"texture":"#0","tintindex":0},"up":{"uv":[10.5,14.5,10.0,13.0],"rotation":90,"texture":"#0","tintindex":0},"down":{"uv":[11.0,13.0,10.5,14.5],"rotation":270,"texture":"#0","tintindex":0}}},{"from":[2.9845924,7.570433,7.6857142],"to":[4.2703066,9.284719,8.314285],"rotation":{"angle":22.5,"axis":"z","origin":[3.0560207,7.570433,8.0]},"faces":{"east":{"uv":[11.0,13.0,11.5,14.5],"rotation":0,"texture":"#0","tintindex":0},"south":{"uv":[11.5,8.5,12.5,10.0],"rotation":0,"texture":"#0","tintindex":0},"north":{"uv":[10.0,11.5,11.0,13.0],"rotation":0,"texture":"#0","tintindex":0},"west":{"uv":[13.0,11.0,13.5,12.5],"rotation":0,"texture":"#0","tintindex":0},"up":{"uv":[2.0,14.5,1.5,13.5],"rotation":90,"texture":"#0","tintindex":0},"down":{"uv":[2.5,13.5,2.0,14.5],"rotation":270,"texture":"#0","tintindex":0}}},{"from":[10.0,16.57143,7.714286],"to":[12.857143,17.714287,8.285714],"rotation":{"angle":0.0,"axis":"y","origin":[12.571428,3.4285712,3.4285712]},"faces":{"east":{"uv":[2.5,13.5,3.0,14.5],"rotation":0,"texture":"#0","tintindex":0},"south":{"uv":[9.5,3.0,12.0,4.0],"rotation":0,"texture":"#0","tintindex":0},"north":{"uv":[10.0,4.0,12.5,5.0],"rotation":0,"texture":"#0","tintindex":0},"west":{"uv":[3.0,13.5,3.5,14.5],"rotation":0,"texture":"#0","tintindex":0},"up":{"uv":[13.0,8.5,12.5,6.0],"rotation":90,"texture":"#0","tintindex":0},"down":{"uv":[13.0,8.5,12.5,11.0],"rotation":270,"texture":"#0","tintindex":0}}},{"from":[10.714286,16.428572,7.5714283],"to":[12.142858,17.857143,8.428572],"rotation":{"angle":0.0,"axis":"y","origin":[12.571428,3.4285712,3.4285712]},"faces":{"east":{"uv":[11.5,10.0,12.5,11.5],"rotation":0,"texture":"#0","tintindex":0},"south":{"uv":[10.5,0.0,12.0,1.5],"rotation":0,"texture":"#0","tintindex":0},"north":{"uv":[10.5,1.5,12.0,3.0],"rotation":0,"texture":"#0","tintindex":0},"west":{"uv":[11.0,11.5,12.0,13.0],"rotation":0,"texture":"#0","tintindex":0},"up":{"uv":[13.0,1.5,12.0,0.0],"rotation":90,"texture":"#0","tintindex":0},"down":{"uv":[13.0,1.5,12.0,3.0],"rotation":270,"texture":"#0","tintindex":0}}},{"from":[6.0,16.0,7.428571],"to":[10.0,18.285715,8.571428],"rotation":{"angle":0.0,"axis":"y","origin":[12.571428,3.4285712,3.4285712]},"faces":{"east":{"uv":[2.0,11.5,3.0,13.5],"rotation":0,"texture":"#0","tintindex":0},"south":{"uv":[6.0,0.0,9.5,2.0],"rotation":0,"texture":"#0","tintindex":0},"north":{"uv":[6.0,2.0,9.5,4.0],"rotation":0,"texture":"#0","tintindex":0},"west":{"uv":[3.0,11.5,4.0,13.5],"rotation":0,"texture":"#0","tintindex":0},"up":{"uv":[10.0,7.5,9.0,4.0],"rotation":90,"texture":"#0","tintindex":0},"down":{"uv":[10.0,7.5,9.0,11.0],"rotation":270,"texture":"#0","tintindex":0}}},{"from":[10.714286,13.285715,8.0],"to":[12.142858,16.428572,8.0],"rotation":{"angle":0.0,"axis":"y","origin":[12.571428,3.4285712,3.4285712]},"faces":{"east":{"uv":[0.0,0.0,0.0,3.0],"rotation":0,"texture":"#0","tintindex":0},"south":{"uv":[3.0,8.5,4.5,11.5],"rotation":0,"texture":"#0","tintindex":0},"north":{"uv":[4.5,8.5,6.0,11.5],"rotation":0,"texture":"#0","tintindex":0},"west":{"uv":[0.0,0.0,0.0,3.0],"rotation":0,"texture":"#0","tintindex":0},"up":{"uv":[0.0,1.5,0.0,0.0],"rotation":90,"texture":"#0","tintindex":0},"down":{"uv":[0.0,0.0,0.0,1.5],"rotation":270,"texture":"#0","tintindex":0}}},{"from":[3.142857,16.57143,7.714286],"to":[6.0,17.714287,8.285714],"rotation":{"angle":0.0,"axis":"y","origin":[3.4285712,3.4285712,3.4285712]},"faces":{"east":{"uv":[3.5,13.5,4.0,14.5],"rotation":0,"texture":"#0","tintindex":0},"south":{"uv":[10.0,5.0,12.5,6.0],"rotation":0,"texture":"#0","tintindex":0},"north":{"uv":[10.0,6.0,12.5,7.0],"rotation":0,"texture":"#0","tintindex":0},"west":{"uv":[13.5,5.0,14.0,6.0],"rotation":0,"texture":"#0","tintindex":0},"up":{"uv":[13.0,13.5,12.5,11.0],"rotation":90,"texture":"#0","tintindex":0},"down":{"uv":[0.5,13.0,0.0,15.5],"rotation":270,"texture":"#0","tintindex":0}}},{"from":[7.285714,12.571428,7.714286],"to":[8.714286,16.0,8.285714],"rotation":{"angle":0.0,"axis":"y","origin":[12.571428,3.4285712,3.4285712]},"faces":{"east":{"uv":[12.0,11.5,12.5,14.5],"rotation":0,"texture":"#0","tintindex":0},"south":{"uv":[6.0,8.5,7.5,11.5],"rotation":0,"texture":"#0","tintindex":0},"north":{"uv":[7.5,8.5,9.0,11.5],"rotation":0,"texture":"#0","tintindex":0},"west":{"uv":[12.5,3.0,13.0,6.0],"rotation":0,"texture":"#0","tintindex":0},"up":{"uv":[12.0,14.5,11.5,13.0],"rotation":90,"texture":"#0","tintindex":0},"down":{"uv":[13.5,12.5,13.0,14.0],"rotation":270,"texture":"#0","tintindex":0}}}],"display":{"head":{"translation":[0.0,-6.4,0.0],"scale":[4.0,4.0,4.0]}}}