{"textures":{"0":"modelengine:entity/cursed_shroom"},"elements":[{"from":[4.342857,7.7714286,4.342857],"to":[11.657143,10.514286,11.657143],"rotation":{"angle":0.0,"axis":"y","origin":[8.0,9.142858,8.0]},"faces":{"east":{"uv":[8.03,0.03,11.97,1.47],"rotation":0,"texture":"#0","tintindex":0},"south":{"uv":[8.03,2.03,11.97,3.47],"rotation":0,"texture":"#0","tintindex":0},"north":{"uv":[4.53,7.03,8.47,8.47],"rotation":0,"texture":"#0","tintindex":0},"west":{"uv":[8.03,4.03,11.97,5.47],"rotation":0,"texture":"#0","tintindex":0},"up":{"uv":[3.97,3.97,0.03,0.03],"rotation":0,"texture":"#0","tintindex":0},"down":{"uv":[3.97,4.53,0.03,8.47],"rotation":0,"texture":"#0","tintindex":0}}},{"from":[5.2571425,10.514286,5.2571425],"to":[10.742857,12.342857,10.742857],"rotation":{"angle":0.0,"axis":"y","origin":[8.0,11.428572,8.0]},"faces":{"east":{"uv":[7.53,11.53,10.47,12.47],"rotation":0,"texture":"#0","tintindex":0},"south":{"uv":[11.53,7.53,14.47,8.47],"rotation":0,"texture":"#0","tintindex":0},"north":{"uv":[11.53,6.03,14.47,6.97],"rotation":0,"texture":"#0","tintindex":0},"west":{"uv":[11.03,11.53,13.97,12.47],"rotation":0,"texture":"#0","tintindex":0},"up":{"uv":[7.47,2.97,4.53,0.03],"rotation":0,"texture":"#0","tintindex":0},"down":{"uv":[7.47,3.53,4.53,6.47],"rotation":0,"texture":"#0","tintindex":0}}}],"display":{"head":{"translation":[0.0,-6.4,0.0],"scale":[4.0,4.0,4.0]}}}