{"textures":{"0":"modelengine:entity/cursed_shroom"},"elements":[{"from":[7.542857,7.3142858,5.2571425],"to":[9.3714285,8.228572,8.914286],"rotation":{"angle":-22.5,"axis":"y","origin":[8.457143,7.7714286,7.0857143]},"faces":{"east":{"uv":[14.47,1.03,12.53,1.47],"rotation":0,"texture":"#0","tintindex":0},"south":{"uv":[14.47,4.03,13.53,4.47],"rotation":0,"texture":"#0","tintindex":0},"north":{"uv":[12.97,13.03,12.03,13.47],"rotation":0,"texture":"#0","tintindex":0},"west":{"uv":[14.47,0.03,12.53,0.47],"rotation":0,"texture":"#0","tintindex":0},"up":{"uv":[0.03,13.97,0.97,12.03],"rotation":0,"texture":"#0","tintindex":0},"down":{"uv":[1.53,12.03,2.47,13.97],"rotation":0,"texture":"#0","tintindex":0}}}],"display":{"head":{"translation":[0.0,-6.4,0.0],"scale":[4.0,4.0,4.0]}}}