{"textures":{"0":"modelengine:entity/firefly"},"elements":[{"from":[7.428571,7.428571,6.857143],"to":[8.571428,8.571428,9.142858],"rotation":{"angle":0.0,"axis":"y","origin":[8.0,8.0,8.0]},"faces":{"east":{"uv":[0.0,6.0,4.0,8.0],"rotation":0,"texture":"#0","tintindex":0},"south":{"uv":[9.0,9.0,11.0,11.0],"rotation":0,"texture":"#0","tintindex":0},"north":{"uv":[6.0,9.0,8.0,11.0],"rotation":0,"texture":"#0","tintindex":0},"west":{"uv":[5.0,6.0,9.0,8.0],"rotation":0,"texture":"#0","tintindex":0},"up":{"uv":[2.0,13.0,0.0,9.0],"rotation":0,"texture":"#0","tintindex":0},"down":{"uv":[5.0,9.0,3.0,13.0],"rotation":0,"texture":"#0","tintindex":0}}}],"display":{"head":{"translation":[0.0,-6.4,0.0],"scale":[4.0,4.0,4.0]}}}