{"textures":{"0":"modelengine:entity/firefly"},"elements":[{"from":[5.8,8.0,6.5714283],"to":[8.085714,8.0,9.428572],"rotation":{"angle":0.0,"axis":"y","origin":[6.942857,8.0,8.0]},"faces":{"east":{"uv":[10.0,1.0,15.0,1.0],"rotation":0,"texture":"#0","tintindex":0},"south":{"uv":[10.0,2.0,14.0,2.0],"rotation":0,"texture":"#0","tintindex":0},"north":{"uv":[10.0,0.0,14.0,0.0],"rotation":0,"texture":"#0","tintindex":0},"west":{"uv":[10.0,3.0,15.0,3.0],"rotation":0,"texture":"#0","tintindex":0},"up":{"uv":[4.0,5.0,0.0,0.0],"rotation":0,"texture":"#0","tintindex":0},"down":{"uv":[4.0,0.0,0.0,5.0],"rotation":0,"texture":"#0","tintindex":0}}}],"display":{"head":{"translation":[0.0,-6.4,0.0],"scale":[4.0,4.0,4.0]}}}