{"textures":{"0":"modelengine:entity/firefly"},"elements":[{"from":[7.9142857,8.0,6.5714283],"to":[10.2,8.0,9.428572],"rotation":{"angle":0.0,"axis":"y","origin":[9.057143,8.0,8.0]},"faces":{"east":{"uv":[15.0,3.0,10.0,3.0],"rotation":0,"texture":"#0","tintindex":0},"south":{"uv":[14.0,2.0,10.0,2.0],"rotation":0,"texture":"#0","tintindex":0},"north":{"uv":[14.0,0.0,10.0,0.0],"rotation":0,"texture":"#0","tintindex":0},"west":{"uv":[15.0,1.0,10.0,1.0],"rotation":0,"texture":"#0","tintindex":0},"up":{"uv":[0.0,5.0,4.0,0.0],"rotation":0,"texture":"#0","tintindex":0},"down":{"uv":[0.0,0.0,4.0,5.0],"rotation":0,"texture":"#0","tintindex":0}}}],"display":{"head":{"translation":[0.0,-6.4,0.0],"scale":[4.0,4.0,4.0]}}}