{"textures":{"0":"modelengine:entity/armadillo"},"elements":[{"from":[8.470413,8.39625,7.5531273],"to":[10.184699,10.110536,7.5531273],"rotation":{"angle":-45.0,"axis":"y","origin":[9.428572,9.253393,7.452112]},"faces":{"east":{"uv":[0.0,0.0,0.0,1.5],"rotation":0,"texture":"#0","tintindex":0},"south":{"uv":[14.5,6.5,13.0,8.0],"rotation":0,"texture":"#0","tintindex":0},"north":{"uv":[13.0,6.5,14.5,8.0],"rotation":0,"texture":"#0","tintindex":0},"west":{"uv":[0.0,0.0,0.0,1.5],"rotation":0,"texture":"#0","tintindex":0},"up":{"uv":[1.5,0.0,0.0,0.0],"rotation":0,"texture":"#0","tintindex":0},"down":{"uv":[1.5,0.0,0.0,0.0],"rotation":0,"texture":"#0","tintindex":0}}},{"from":[5.815301,8.39625,7.5531273],"to":[7.529587,10.110536,7.5531273],"rotation":{"angle":45.0,"axis":"y","origin":[6.5714283,9.253393,7.452112]},"faces":{"east":{"uv":[0.0,0.0,0.0,1.5],"rotation":0,"texture":"#0","tintindex":0},"south":{"uv":[13.0,6.5,14.5,8.0],"rotation":0,"texture":"#0","tintindex":0},"north":{"uv":[14.5,6.5,13.0,8.0],"rotation":0,"texture":"#0","tintindex":0},"west":{"uv":[0.0,0.0,0.0,1.5],"rotation":0,"texture":"#0","tintindex":0},"up":{"uv":[0.0,0.0,1.5,0.0],"rotation":0,"texture":"#0","tintindex":0},"down":{"uv":[0.0,0.0,1.5,0.0],"rotation":0,"texture":"#0","tintindex":0}}},{"from":[6.857143,7.2533927,6.3092546],"to":[9.142858,8.967678,8.594969],"rotation":{"angle":0.0,"axis":"y","origin":[6.857143,7.2533927,13.737826]},"faces":{"east":{"uv":[10.0,12.5,12.0,14.0],"rotation":0,"texture":"#0","tintindex":0},"south":{"uv":[12.0,12.5,14.0,14.0],"rotation":0,"texture":"#0","tintindex":0},"north":{"uv":[8.0,12.5,10.0,14.0],"rotation":0,"texture":"#0","tintindex":0},"west":{"uv":[13.0,5.0,15.0,6.5],"rotation":0,"texture":"#0","tintindex":0},"up":{"uv":[6.0,14.5,4.0,12.5],"rotation":0,"texture":"#0","tintindex":0},"down":{"uv":[8.0,12.5,6.0,14.5],"rotation":0,"texture":"#0","tintindex":0}}},{"from":[7.428571,7.7235465,5.174203],"to":[8.571428,8.409261,6.31706],"rotation":{"angle":0.0,"axis":"y","origin":[6.857143,7.237832,13.174204]},"faces":{"east":{"uv":[11.5,14.0,12.5,14.5],"rotation":0,"texture":"#0","tintindex":0},"south":{"uv":[14.0,11.5,15.0,12.0],"rotation":0,"texture":"#0","tintindex":0},"north":{"uv":[14.0,11.0,15.0,11.5],"rotation":0,"texture":"#0","tintindex":0},"west":{"uv":[12.5,14.0,13.5,14.5],"rotation":0,"texture":"#0","tintindex":0},"up":{"uv":[14.0,12.0,13.0,11.0],"rotation":0,"texture":"#0","tintindex":0},"down":{"uv":[1.0,14.0,0.0,15.0],"rotation":0,"texture":"#0","tintindex":0}}},{"from":[7.428571,7.428571,5.342857],"to":[8.571428,8.0,6.5714283],"rotation":{"angle":22.5,"axis":"x","origin":[8.0,8.0,6.0]},"faces":{"east":{"uv":[14.0,10.0,15.0,10.5],"rotation":0,"texture":"#0","tintindex":0},"south":{"uv":[10.5,14.0,11.5,14.5],"rotation":0,"texture":"#0","tintindex":0},"north":{"uv":[14.0,9.5,15.0,10.0],"rotation":0,"texture":"#0","tintindex":0},"west":{"uv":[14.0,10.5,15.0,11.0],"rotation":0,"texture":"#0","tintindex":0},"up":{"uv":[9.0,4.5,8.0,3.5],"rotation":0,"texture":"#0","tintindex":0},"down":{"uv":[13.0,5.0,12.0,6.0],"rotation":0,"texture":"#0","tintindex":0}}}],"display":{"head":{"translation":[0.0,-6.4,0.0],"scale":[4.0,4.0,4.0]}}}