{"textures":{"0":"modelengine:entity/cursed_shroom"},"elements":[{"from":[8.091429,6.0571427,7.542857],"to":[9.005714,8.8,8.457143],"rotation":{"angle":45.0,"axis":"z","origin":[8.548572,7.428571,8.0]},"faces":{"east":{"uv":[7.47,13.03,7.03,14.47],"rotation":0,"texture":"#0","tintindex":0},"south":{"uv":[12.97,9.03,12.53,10.47],"rotation":0,"texture":"#0","tintindex":0},"north":{"uv":[6.47,12.03,6.03,13.47],"rotation":0,"texture":"#0","tintindex":0},"west":{"uv":[12.97,4.03,12.53,5.47],"rotation":0,"texture":"#0","tintindex":0},"up":{"uv":[8.03,6.47,8.47,6.03],"rotation":0,"texture":"#0","tintindex":0},"down":{"uv":[13.53,10.03,13.97,10.47],"rotation":0,"texture":"#0","tintindex":0}}}],"display":{"head":{"translation":[0.0,-6.4,0.0],"scale":[4.0,4.0,4.0]}}}