{"textures":{"0":"modelengine:entity/cursed_shroom"},"elements":[{"from":[6.1714287,7.542857,6.1714287],"to":[9.828571,12.114286,9.828571],"rotation":{"angle":0.0,"axis":"y","origin":[8.0,9.828571,8.0]},"faces":{"east":{"uv":[2.53,9.03,4.47,11.47],"rotation":0,"texture":"#0","tintindex":0},"south":{"uv":[5.03,9.03,6.97,11.47],"rotation":0,"texture":"#0","tintindex":0},"north":{"uv":[0.03,9.03,1.97,11.47],"rotation":0,"texture":"#0","tintindex":0},"west":{"uv":[9.03,6.03,10.97,8.47],"rotation":0,"texture":"#0","tintindex":0},"up":{"uv":[9.47,10.97,7.53,9.03],"rotation":0,"texture":"#0","tintindex":0},"down":{"uv":[11.97,9.03,10.03,10.97],"rotation":0,"texture":"#0","tintindex":0}}}],"display":{"head":{"translation":[0.0,-6.4,0.0],"scale":[4.0,4.0,4.0]}}}