{"textures":{"0":"modelengine:entity/crocodile_cuban"},"elements":[{"from":[6.5714283,6.0,6.285714],"to":[8.285714,8.857143,8.571428],"rotation":{"angle":45.0,"axis":"x","origin":[7.428571,7.428571,7.428571]},"faces":{"east":{"uv":[5.125,7.5,5.625,8.125],"rotation":0,"texture":"#0","tintindex":0},"south":{"uv":[3.0,8.375,3.375,9.0],"rotation":0,"texture":"#0","tintindex":0},"north":{"uv":[2.5,8.375,2.875,9.0],"rotation":0,"texture":"#0","tintindex":0},"west":{"uv":[0.0,7.875,0.5,8.5],"rotation":0,"texture":"#0","tintindex":0},"up":{"uv":[8.875,8.25,8.5,7.75],"rotation":0,"texture":"#0","tintindex":0},"down":{"uv":[8.875,8.375,8.5,8.875],"rotation":0,"texture":"#0","tintindex":0}}}],"display":{"head":{"translation":[0.0,-6.4,0.0],"scale":[4.0,4.0,4.0]}}}