{"textures":{"0":"modelengine:entity/crocodile_cuban"},"elements":[{"from":[7.7274866,5.881282,6.8408017],"to":[9.441772,8.166996,8.555087],"rotation":{"angle":22.5,"axis":"z","origin":[8.013201,6.738425,7.6979446]},"faces":{"east":{"uv":[1.375,8.625,1.0,9.125],"rotation":0,"texture":"#0","tintindex":0},"south":{"uv":[0.875,8.625,0.5,9.125],"rotation":0,"texture":"#0","tintindex":0},"north":{"uv":[0.375,8.625,0.0,9.125],"rotation":0,"texture":"#0","tintindex":0},"west":{"uv":[9.0,0.375,8.625,0.875],"rotation":0,"texture":"#0","tintindex":0},"up":{"uv":[7.75,9.0,8.125,8.625],"rotation":0,"texture":"#0","tintindex":0},"down":{"uv":[3.5,8.75,3.875,9.125],"rotation":0,"texture":"#0","tintindex":0}}}],"display":{"head":{"translation":[0.0,-6.4,0.0],"scale":[4.0,4.0,4.0]}}}