{"textures":{"1":"modelengine:entity/crocodile_saddle"},"elements":[{"from":[4.5714283,10.857143,0.4761901],"to":[11.428572,10.857143,7.3333335],"rotation":{"angle":0.0,"axis":"y","origin":[8.0,8.0,4.4761906]},"faces":{"east":{"uv":[5.25,2.25,8.25,2.25],"rotation":0,"texture":"#1","tintindex":0},"south":{"uv":[5.25,2.5,8.25,2.5],"rotation":0,"texture":"#1","tintindex":0},"north":{"uv":[5.25,2.0,8.25,2.0],"rotation":0,"texture":"#1","tintindex":0},"west":{"uv":[5.25,2.75,8.25,2.75],"rotation":0,"texture":"#1","tintindex":0},"up":{"uv":[3.0,3.0,0.0,0.0],"rotation":0,"texture":"#1","tintindex":0},"down":{"uv":[3.0,0.0,0.0,3.0],"rotation":0,"texture":"#1","tintindex":0}}},{"from":[4.5714283,9.142858,0.4761901],"to":[4.5714283,10.857143,7.3333335],"rotation":{"angle":0.0,"axis":"y","origin":[8.0,8.0,4.4761906]},"faces":{"east":{"uv":[6.25,1.0,3.25,1.75],"rotation":0,"texture":"#1","tintindex":0},"south":{"uv":[4.75,2.0,4.75,2.75],"rotation":0,"texture":"#1","tintindex":0},"north":{"uv":[4.5,4.0,4.5,4.75],"rotation":0,"texture":"#1","tintindex":0},"west":{"uv":[3.25,1.0,6.25,1.75],"rotation":0,"texture":"#1","tintindex":0},"up":{"uv":[4.75,6.0,4.75,3.0],"rotation":0,"texture":"#1","tintindex":0},"down":{"uv":[5.0,2.0,5.0,5.0],"rotation":0,"texture":"#1","tintindex":0}}},{"from":[4.5714283,6.285714,2.7619042],"to":[4.5714283,9.142858,4.4761906],"rotation":{"angle":0.0,"axis":"y","origin":[8.0,8.0,4.4761906]},"faces":{"east":{"uv":[4.0,3.5,3.25,4.75],"rotation":0,"texture":"#1","tintindex":0},"south":{"uv":[4.25,3.5,4.25,4.75],"rotation":0,"texture":"#1","tintindex":0},"north":{"uv":[4.25,2.0,4.25,3.25],"rotation":0,"texture":"#1","tintindex":0},"west":{"uv":[3.25,3.5,4.0,4.75],"rotation":0,"texture":"#1","tintindex":0},"up":{"uv":[4.5,2.75,4.5,2.0],"rotation":0,"texture":"#1","tintindex":0},"down":{"uv":[4.5,3.0,4.5,3.75],"rotation":0,"texture":"#1","tintindex":0}}},{"from":[11.428572,6.285714,2.7619042],"to":[11.428572,9.142858,4.4761906],"rotation":{"angle":0.0,"axis":"y","origin":[8.0,8.0,4.4761906]},"faces":{"east":{"uv":[4.0,3.5,3.25,4.75],"rotation":0,"texture":"#1","tintindex":0},"south":{"uv":[4.25,3.5,4.25,4.75],"rotation":0,"texture":"#1","tintindex":0},"north":{"uv":[4.25,2.0,4.25,3.25],"rotation":0,"texture":"#1","tintindex":0},"west":{"uv":[3.25,3.5,4.0,4.75],"rotation":0,"texture":"#1","tintindex":0},"up":{"uv":[4.5,2.75,4.5,2.0],"rotation":0,"texture":"#1","tintindex":0},"down":{"uv":[4.5,3.0,4.5,3.75],"rotation":0,"texture":"#1","tintindex":0}}},{"from":[11.428572,9.142858,0.4761901],"to":[11.428572,10.857143,7.3333335],"rotation":{"angle":0.0,"axis":"y","origin":[8.0,8.0,4.4761906]},"faces":{"east":{"uv":[6.25,1.0,3.25,1.75],"rotation":0,"texture":"#1","tintindex":0},"south":{"uv":[4.75,2.0,4.75,2.75],"rotation":0,"texture":"#1","tintindex":0},"north":{"uv":[4.5,4.0,4.5,4.75],"rotation":0,"texture":"#1","tintindex":0},"west":{"uv":[3.25,1.0,6.25,1.75],"rotation":0,"texture":"#1","tintindex":0},"up":{"uv":[4.75,6.0,4.75,3.0],"rotation":0,"texture":"#1","tintindex":0},"down":{"uv":[5.0,2.0,5.0,5.0],"rotation":0,"texture":"#1","tintindex":0}}}],"display":{"head":{"translation":[0.0,-6.4,0.0],"scale":[4.0,4.0,4.0]}}}