{"textures":{"0":"modelengine:entity/crocodile_cuban"},"elements":[{"from":[6.0,6.6,8.085714],"to":[10.0,9.457143,16.657143],"rotation":{"angle":0.0,"axis":"y","origin":[8.285714,8.314285,2.9428568]},"faces":{"east":{"uv":[2.5,5.125,4.375,5.75],"rotation":0,"texture":"#0","tintindex":0},"south":{"uv":[0.625,6.75,1.5,7.375],"rotation":0,"texture":"#0","tintindex":0},"north":{"uv":[3.0,2.0,3.875,2.625],"rotation":0,"texture":"#0","tintindex":0},"west":{"uv":[4.5,5.125,6.375,5.75],"rotation":0,"texture":"#0","tintindex":0},"up":{"uv":[3.875,1.875,3.0,0.0],"rotation":0,"texture":"#0","tintindex":0},"down":{"uv":[0.875,3.75,0.0,5.625],"rotation":0,"texture":"#0","tintindex":0}}},{"from":[7.142857,9.457143,8.085714],"to":[7.142857,11.171429,15.514286],"rotation":{"angle":0.0,"axis":"y","origin":[8.285714,8.314285,2.9428568]},"faces":{"east":{"uv":[5.875,6.375,7.5,6.75],"rotation":0,"texture":"#0","tintindex":0},"south":{"uv":[4.875,9.0,4.875,9.375],"rotation":0,"texture":"#0","tintindex":0},"north":{"uv":[4.75,9.0,4.75,9.375],"rotation":0,"texture":"#0","tintindex":0},"west":{"uv":[6.5,2.375,8.125,2.75],"rotation":0,"texture":"#0","tintindex":0},"up":{"uv":[9.0,9.375,9.0,7.75],"rotation":0,"texture":"#0","tintindex":0},"down":{"uv":[8.5,9.0,8.5,10.625],"rotation":0,"texture":"#0","tintindex":0}}},{"from":[8.857143,9.457143,8.085714],"to":[8.857143,11.171429,15.514286],"rotation":{"angle":0.0,"axis":"y","origin":[7.714286,8.314285,2.9428568]},"faces":{"east":{"uv":[6.5,2.875,8.125,3.25],"rotation":0,"texture":"#0","tintindex":0},"south":{"uv":[9.0,6.125,9.0,6.5],"rotation":0,"texture":"#0","tintindex":0},"north":{"uv":[9.0,5.625,9.0,6.0],"rotation":0,"texture":"#0","tintindex":0},"west":{"uv":[6.5,5.125,8.125,5.5],"rotation":0,"texture":"#0","tintindex":0},"up":{"uv":[8.625,10.625,8.625,9.0],"rotation":0,"texture":"#0","tintindex":0},"down":{"uv":[8.75,9.0,8.75,10.625],"rotation":0,"texture":"#0","tintindex":0}}}],"display":{"head":{"translation":[0.0,-6.4,0.0],"scale":[4.0,4.0,4.0]}}}