{"textures":{"0":"modelengine:entity/crocodile_cuban"},"elements":[{"from":[6.857143,7.0,8.0],"to":[9.142858,8.714286,17.142857],"rotation":{"angle":0.0,"axis":"y","origin":[8.0,8.142858,-5.714287]},"faces":{"east":{"uv":[6.125,4.625,8.125,5.0],"rotation":0,"texture":"#0","tintindex":0},"south":{"uv":[8.5,6.75,9.0,7.125],"rotation":0,"texture":"#0","tintindex":0},"north":{"uv":[8.375,5.875,8.875,6.25],"rotation":0,"texture":"#0","tintindex":0},"west":{"uv":[6.25,0.0,8.25,0.375],"rotation":0,"texture":"#0","tintindex":0},"up":{"uv":[0.5,7.75,0.0,5.75],"rotation":0,"texture":"#0","tintindex":0},"down":{"uv":[3.0,5.875,2.5,7.875],"rotation":0,"texture":"#0","tintindex":0}}},{"from":[8.0,8.714286,9.714286],"to":[8.0,10.428572,17.142857],"rotation":{"angle":0.0,"axis":"y","origin":[8.0,8.142858,-5.714287]},"faces":{"east":{"uv":[6.625,1.125,8.25,1.5],"rotation":0,"texture":"#0","tintindex":0},"south":{"uv":[9.125,0.375,9.125,0.75],"rotation":0,"texture":"#0","tintindex":0},"north":{"uv":[8.875,9.0,8.875,9.375],"rotation":0,"texture":"#0","tintindex":0},"west":{"uv":[6.625,1.625,8.25,2.0],"rotation":0,"texture":"#0","tintindex":0},"up":{"uv":[2.0,10.75,2.0,9.125],"rotation":0,"texture":"#0","tintindex":0},"down":{"uv":[2.125,9.125,2.125,10.75],"rotation":0,"texture":"#0","tintindex":0}}}],"display":{"head":{"translation":[0.0,-6.4,0.0],"scale":[4.0,4.0,4.0]}}}