{"textures":{"0":"modelengine:entity/crocodile_cuban"},"elements":[{"from":[4.8571424,6.6666665,-1.8095236],"to":[11.142858,10.666667,10.190476],"rotation":{"angle":0.0,"axis":"y","origin":[8.285714,8.952381,5.047619]},"faces":{"east":{"uv":[0.0,2.75,2.625,3.625],"rotation":0,"texture":"#0","tintindex":0},"south":{"uv":[5.125,1.375,6.5,2.25],"rotation":0,"texture":"#0","tintindex":0},"north":{"uv":[1.0,5.125,2.375,6.0],"rotation":0,"texture":"#0","tintindex":0},"west":{"uv":[2.75,2.75,5.375,3.625],"rotation":0,"texture":"#0","tintindex":0},"up":{"uv":[1.375,2.625,0.0,0.0],"rotation":0,"texture":"#0","tintindex":0},"down":{"uv":[2.875,0.0,1.5,2.625],"rotation":0,"texture":"#0","tintindex":0}}},{"from":[6.0,10.666667,-1.8095236],"to":[6.0,12.380953,9.619047],"rotation":{"angle":0.0,"axis":"y","origin":[8.285714,8.952381,5.047619]},"faces":{"east":{"uv":[3.125,5.875,5.625,6.25],"rotation":0,"texture":"#0","tintindex":0},"south":{"uv":[2.375,6.75,2.375,7.125],"rotation":0,"texture":"#0","tintindex":0},"north":{"uv":[2.25,6.75,2.25,7.125],"rotation":0,"texture":"#0","tintindex":0},"west":{"uv":[5.75,5.875,8.25,6.25],"rotation":0,"texture":"#0","tintindex":0},"up":{"uv":[8.25,11.125,8.25,8.625],"rotation":0,"texture":"#0","tintindex":0},"down":{"uv":[8.375,8.625,8.375,11.125],"rotation":0,"texture":"#0","tintindex":0}}},{"from":[10.0,10.666667,-1.8095236],"to":[10.0,12.380953,9.619047],"rotation":{"angle":0.0,"axis":"y","origin":[7.714286,8.952381,5.047619]},"faces":{"east":{"uv":[6.125,3.625,8.625,4.0],"rotation":0,"texture":"#0","tintindex":0},"south":{"uv":[2.375,7.25,2.375,7.625],"rotation":0,"texture":"#0","tintindex":0},"north":{"uv":[2.25,7.25,2.25,7.625],"rotation":0,"texture":"#0","tintindex":0},"west":{"uv":[6.125,4.125,8.625,4.5],"rotation":0,"texture":"#0","tintindex":0},"up":{"uv":[4.5,11.5,4.5,9.0],"rotation":0,"texture":"#0","tintindex":0},"down":{"uv":[4.625,9.0,4.625,11.5],"rotation":0,"texture":"#0","tintindex":0}}}],"display":{"head":{"translation":[0.0,-6.4,0.0],"scale":[4.0,4.0,4.0]}}}