{"textures":{"2":"modelengine:entity/creeper_armor_2"},"elements":[{"from":[4.5714283,6.857143,5.142857],"to":[11.428572,13.714286,10.857143],"rotation":{"angle":0.0,"axis":"y","origin":[8.0,2.8571424,8.0]},"faces":{"east":{"uv":[0.0,6.0,1.5,8.0],"rotation":0,"texture":"#2","tintindex":0},"south":{"uv":[5.0,6.0,7.0,8.0],"rotation":0,"texture":"#2","tintindex":0},"north":{"uv":[1.5,6.0,3.5,8.0],"rotation":0,"texture":"#2","tintindex":0},"west":{"uv":[3.5,6.0,5.0,8.0],"rotation":0,"texture":"#2","tintindex":0},"up":{"uv":[3.5,6.0,1.5,4.5],"rotation":0,"texture":"#2","tintindex":0},"down":{"uv":[5.5,4.5,3.5,6.0],"rotation":0,"texture":"#2","tintindex":0}}},{"from":[11.428572,13.714286,10.857143],"to":[4.5714283,6.857143,5.142857],"rotation":{"angle":0.0,"axis":"y","origin":[8.0,2.8571424,8.0]},"faces":{"east":{"uv":[3.5,8.0,5.0,6.0],"rotation":0,"texture":"#2","tintindex":0},"south":{"uv":[1.5,8.0,3.5,6.0],"rotation":0,"texture":"#2","tintindex":0},"north":{"uv":[5.0,8.0,7.0,6.0],"rotation":0,"texture":"#2","tintindex":0},"west":{"uv":[0.0,8.0,1.5,6.0],"rotation":0,"texture":"#2","tintindex":0},"up":{"uv":[3.5,4.5,5.5,6.0],"rotation":0,"texture":"#2","tintindex":0},"down":{"uv":[1.5,6.0,3.5,4.5],"rotation":0,"texture":"#2","tintindex":0}}}],"display":{"head":{"translation":[0.0,-6.4,0.0],"scale":[4.0,4.0,4.0]}}}