{"textures":{"0":"modelengine:entity/cave_creeper"},"elements":[{"from":[5.142857,8.0,5.428571],"to":[10.857143,13.142858,10.571428],"rotation":{"angle":0.0,"axis":"y","origin":[8.0,-2.285715,8.0]},"faces":{"east":{"uv":[0.0,2.25,2.25,4.5],"rotation":0,"texture":"#0","tintindex":0},"south":{"uv":[7.0,2.25,9.5,4.5],"rotation":0,"texture":"#0","tintindex":0},"north":{"uv":[2.25,2.25,4.75,4.5],"rotation":0,"texture":"#0","tintindex":0},"west":{"uv":[4.75,2.25,7.0,4.5],"rotation":0,"texture":"#0","tintindex":0},"up":{"uv":[4.75,2.25,2.25,0.0],"rotation":0,"texture":"#0","tintindex":0},"down":{"uv":[7.25,0.0,4.75,2.25],"rotation":0,"texture":"#0","tintindex":0}}}],"display":{"head":{"translation":[0.0,-6.4,0.0],"scale":[4.0,4.0,4.0]}}}