{"textures":{"2":"modelengine:entity/creeper_armor_2"},"elements":[{"from":[4.0,6.857143,4.285714],"to":[12.0,14.285715,11.714286],"rotation":{"angle":0.0,"axis":"y","origin":[8.0,-2.285715,8.0]},"faces":{"east":{"uv":[0.0,2.25,2.25,4.5],"rotation":0,"texture":"#2","tintindex":0},"south":{"uv":[7.0,2.25,9.5,4.5],"rotation":0,"texture":"#2","tintindex":0},"north":{"uv":[2.25,2.25,4.75,4.5],"rotation":0,"texture":"#2","tintindex":0},"west":{"uv":[4.75,2.25,7.0,4.5],"rotation":0,"texture":"#2","tintindex":0},"up":{"uv":[4.75,2.25,2.25,0.0],"rotation":0,"texture":"#2","tintindex":0},"down":{"uv":[7.25,0.0,4.75,2.25],"rotation":0,"texture":"#2","tintindex":0}}},{"from":[12.0,14.285715,11.714286],"to":[4.0,6.857143,4.285714],"rotation":{"angle":0.0,"axis":"y","origin":[8.0,-2.285715,8.0]},"faces":{"east":{"uv":[4.75,4.5,7.0,2.25],"rotation":0,"texture":"#2","tintindex":0},"south":{"uv":[2.25,4.5,4.75,2.25],"rotation":0,"texture":"#2","tintindex":0},"north":{"uv":[7.0,4.5,9.5,2.25],"rotation":0,"texture":"#2","tintindex":0},"west":{"uv":[0.0,4.5,2.25,2.25],"rotation":0,"texture":"#2","tintindex":0},"up":{"uv":[4.75,0.0,7.25,2.25],"rotation":0,"texture":"#2","tintindex":0},"down":{"uv":[2.25,2.25,4.75,0.0],"rotation":0,"texture":"#2","tintindex":0}}}],"display":{"head":{"translation":[0.0,-6.4,0.0],"scale":[4.0,4.0,4.0]}}}