{"textures":{"2":"modelengine:entity/creeper_armor_2"},"elements":[{"from":[5.714286,2.2857141,5.714286],"to":[10.857143,10.285714,10.857143],"rotation":{"angle":0.0,"axis":"y","origin":[6.857143,3.4285712,5.714286]},"faces":{"east":{"uv":[9.5,5.0,10.75,7.5],"rotation":0,"texture":"#2","tintindex":0},"south":{"uv":[13.25,5.0,14.5,7.5],"rotation":0,"texture":"#2","tintindex":0},"north":{"uv":[10.75,5.0,12.0,7.5],"rotation":0,"texture":"#2","tintindex":0},"west":{"uv":[12.0,5.0,13.25,7.5],"rotation":0,"texture":"#2","tintindex":0},"up":{"uv":[12.0,5.0,10.75,3.75],"rotation":0,"texture":"#2","tintindex":0},"down":{"uv":[13.25,3.75,12.0,5.0],"rotation":0,"texture":"#2","tintindex":0}}},{"from":[10.857143,10.285714,10.857143],"to":[5.714286,2.2857141,5.714286],"rotation":{"angle":0.0,"axis":"y","origin":[6.857143,3.4285712,5.714286]},"faces":{"east":{"uv":[12.0,7.5,13.25,5.0],"rotation":0,"texture":"#2","tintindex":0},"south":{"uv":[10.75,7.5,12.0,5.0],"rotation":0,"texture":"#2","tintindex":0},"north":{"uv":[13.25,7.5,14.5,5.0],"rotation":0,"texture":"#2","tintindex":0},"west":{"uv":[9.5,7.5,10.75,5.0],"rotation":0,"texture":"#2","tintindex":0},"up":{"uv":[12.0,3.75,13.25,5.0],"rotation":0,"texture":"#2","tintindex":0},"down":{"uv":[10.75,5.0,12.0,3.75],"rotation":0,"texture":"#2","tintindex":0}}}],"display":{"head":{"translation":[0.0,-6.4,0.0],"scale":[4.0,4.0,4.0]}}}