{"textures":{"0":"modelengine:entity/cave_creeper"},"elements":[{"from":[6.857143,3.4285712,6.857143],"to":[9.714286,9.142858,9.714286],"rotation":{"angle":0.0,"axis":"y","origin":[6.857143,3.4285712,5.714286]},"faces":{"east":{"uv":[9.5,5.0,10.75,7.5],"rotation":0,"texture":"#0","tintindex":0},"south":{"uv":[13.25,5.0,14.5,7.5],"rotation":0,"texture":"#0","tintindex":0},"north":{"uv":[10.75,5.0,12.0,7.5],"rotation":0,"texture":"#0","tintindex":0},"west":{"uv":[12.0,5.0,13.25,7.5],"rotation":0,"texture":"#0","tintindex":0},"up":{"uv":[12.0,5.0,10.75,3.75],"rotation":0,"texture":"#0","tintindex":0},"down":{"uv":[13.25,3.75,12.0,5.0],"rotation":0,"texture":"#0","tintindex":0}}}],"display":{"head":{"translation":[0.0,-6.4,0.0],"scale":[4.0,4.0,4.0]}}}