{"textures":{"0":"modelengine:entity/cave_creeper"},"elements":[{"from":[6.285714,3.4285712,6.857143],"to":[9.142858,9.142858,9.714286],"rotation":{"angle":0.0,"axis":"y","origin":[9.142858,3.4285712,5.714286]},"faces":{"east":{"uv":[9.5,1.25,10.75,3.75],"rotation":0,"texture":"#0","tintindex":0},"south":{"uv":[13.25,1.25,14.5,3.75],"rotation":0,"texture":"#0","tintindex":0},"north":{"uv":[10.75,1.25,12.0,3.75],"rotation":0,"texture":"#0","tintindex":0},"west":{"uv":[12.0,1.25,13.25,3.75],"rotation":0,"texture":"#0","tintindex":0},"up":{"uv":[12.0,1.25,10.75,0.0],"rotation":0,"texture":"#0","tintindex":0},"down":{"uv":[13.25,0.0,12.0,1.25],"rotation":0,"texture":"#0","tintindex":0}}}],"display":{"head":{"translation":[0.0,-6.4,0.0],"scale":[4.0,4.0,4.0]}}}