{"textures":{"2":"modelengine:entity/creeper_armor_2"},"elements":[{"from":[5.142857,2.2857141,5.714286],"to":[10.285714,10.285714,10.857143],"rotation":{"angle":0.0,"axis":"y","origin":[9.142858,3.4285712,5.714286]},"faces":{"east":{"uv":[9.5,1.25,10.75,3.75],"rotation":0,"texture":"#2","tintindex":0},"south":{"uv":[13.25,1.25,14.5,3.75],"rotation":0,"texture":"#2","tintindex":0},"north":{"uv":[10.75,1.25,12.0,3.75],"rotation":0,"texture":"#2","tintindex":0},"west":{"uv":[12.0,1.25,13.25,3.75],"rotation":0,"texture":"#2","tintindex":0},"up":{"uv":[12.0,1.25,10.75,0.0],"rotation":0,"texture":"#2","tintindex":0},"down":{"uv":[13.25,0.0,12.0,1.25],"rotation":0,"texture":"#2","tintindex":0}}},{"from":[10.285714,10.285714,10.857143],"to":[5.142857,2.2857141,5.714286],"rotation":{"angle":0.0,"axis":"y","origin":[9.142858,3.4285712,5.714286]},"faces":{"east":{"uv":[12.0,3.75,13.25,1.25],"rotation":0,"texture":"#2","tintindex":0},"south":{"uv":[10.75,3.75,12.0,1.25],"rotation":0,"texture":"#2","tintindex":0},"north":{"uv":[13.25,3.75,14.5,1.25],"rotation":0,"texture":"#2","tintindex":0},"west":{"uv":[9.5,3.75,10.75,1.25],"rotation":0,"texture":"#2","tintindex":0},"up":{"uv":[12.0,0.0,13.25,1.25],"rotation":0,"texture":"#2","tintindex":0},"down":{"uv":[10.75,1.25,12.0,0.0],"rotation":0,"texture":"#2","tintindex":0}}}],"display":{"head":{"translation":[0.0,-6.4,0.0],"scale":[4.0,4.0,4.0]}}}