{"textures":{"0":"modelengine:entity/cave_creeper"},"elements":[{"from":[6.857143,3.4285712,6.285714],"to":[9.714286,9.142858,9.142858],"rotation":{"angle":0.0,"axis":"y","origin":[6.857143,3.4285712,10.285714]},"faces":{"east":{"uv":[0.0,9.25,1.25,11.75],"rotation":0,"texture":"#0","tintindex":0},"south":{"uv":[3.75,9.25,5.0,11.75],"rotation":0,"texture":"#0","tintindex":0},"north":{"uv":[1.25,9.25,2.5,11.75],"rotation":0,"texture":"#0","tintindex":0},"west":{"uv":[2.5,9.25,3.75,11.75],"rotation":0,"texture":"#0","tintindex":0},"up":{"uv":[2.5,9.25,1.25,8.0],"rotation":0,"texture":"#0","tintindex":0},"down":{"uv":[3.75,8.0,2.5,9.25],"rotation":0,"texture":"#0","tintindex":0}}}],"display":{"head":{"translation":[0.0,-6.4,0.0],"scale":[4.0,4.0,4.0]}}}