{"textures":{"2":"modelengine:entity/creeper_armor_2"},"elements":[{"from":[5.142857,2.2857141,5.142857],"to":[10.285714,10.285714,10.285714],"rotation":{"angle":0.0,"axis":"y","origin":[9.142858,3.4285712,10.285714]},"faces":{"east":{"uv":[5.75,8.0,7.0,10.5],"rotation":0,"texture":"#2","tintindex":0},"south":{"uv":[9.5,8.0,10.75,10.5],"rotation":0,"texture":"#2","tintindex":0},"north":{"uv":[7.0,8.0,8.25,10.5],"rotation":0,"texture":"#2","tintindex":0},"west":{"uv":[8.25,8.0,9.5,10.5],"rotation":0,"texture":"#2","tintindex":0},"up":{"uv":[8.25,8.0,7.0,6.75],"rotation":0,"texture":"#2","tintindex":0},"down":{"uv":[9.5,6.75,8.25,8.0],"rotation":0,"texture":"#2","tintindex":0}}},{"from":[10.285714,10.285714,10.285714],"to":[5.142857,2.2857141,5.142857],"rotation":{"angle":0.0,"axis":"y","origin":[9.142858,3.4285712,10.285714]},"faces":{"east":{"uv":[8.25,10.5,9.5,8.0],"rotation":0,"texture":"#2","tintindex":0},"south":{"uv":[7.0,10.5,8.25,8.0],"rotation":0,"texture":"#2","tintindex":0},"north":{"uv":[9.5,10.5,10.75,8.0],"rotation":0,"texture":"#2","tintindex":0},"west":{"uv":[5.75,10.5,7.0,8.0],"rotation":0,"texture":"#2","tintindex":0},"up":{"uv":[8.25,6.75,9.5,8.0],"rotation":0,"texture":"#2","tintindex":0},"down":{"uv":[7.0,8.0,8.25,6.75],"rotation":0,"texture":"#2","tintindex":0}}}],"display":{"head":{"translation":[0.0,-6.4,0.0],"scale":[4.0,4.0,4.0]}}}