{"textures":{"0":"modelengine:entity/cave_creeper"},"elements":[{"from":[6.285714,3.4285712,6.285714],"to":[9.142858,9.142858,9.142858],"rotation":{"angle":0.0,"axis":"y","origin":[9.142858,3.4285712,10.285714]},"faces":{"east":{"uv":[5.75,8.0,7.0,10.5],"rotation":0,"texture":"#0","tintindex":0},"south":{"uv":[9.5,8.0,10.75,10.5],"rotation":0,"texture":"#0","tintindex":0},"north":{"uv":[7.0,8.0,8.25,10.5],"rotation":0,"texture":"#0","tintindex":0},"west":{"uv":[8.25,8.0,9.5,10.5],"rotation":0,"texture":"#0","tintindex":0},"up":{"uv":[8.25,8.0,7.0,6.75],"rotation":0,"texture":"#0","tintindex":0},"down":{"uv":[9.5,6.75,8.25,8.0],"rotation":0,"texture":"#0","tintindex":0}}}],"display":{"head":{"translation":[0.0,-6.4,0.0],"scale":[4.0,4.0,4.0]}}}