{"textures":{"0":"modelengine:entity/crab"},"elements":[{"from":[7.5714283,8.8,6.7285714],"to":[10.571428,8.8,8.442857],"rotation":{"angle":22.5,"axis":"y","origin":[9.142858,8.0,7.5857143]},"faces":{"east":{"uv":[0.0,0.0,0.75,0.0],"rotation":0,"texture":"#0","tintindex":0},"south":{"uv":[0.0,0.0,1.25,0.0],"rotation":0,"texture":"#0","tintindex":0},"north":{"uv":[0.0,0.0,1.25,0.0],"rotation":0,"texture":"#0","tintindex":0},"west":{"uv":[0.0,0.0,0.75,0.0],"rotation":0,"texture":"#0","tintindex":0},"up":{"uv":[4.25,5.5,3.0,4.75],"rotation":0,"texture":"#0","tintindex":0},"down":{"uv":[5.5,4.75,4.25,5.5],"rotation":0,"texture":"#0","tintindex":0}}},{"from":[7.5714283,7.6571426,6.7285714],"to":[7.5714283,8.8,8.442857],"rotation":{"angle":22.5,"axis":"y","origin":[9.142858,8.0,7.5857143]},"faces":{"east":{"uv":[2.25,7.5,3.0,8.0],"rotation":0,"texture":"#0","tintindex":0},"south":{"uv":[0.0,0.0,0.0,0.5],"rotation":0,"texture":"#0","tintindex":0},"north":{"uv":[0.0,0.0,0.0,0.5],"rotation":0,"texture":"#0","tintindex":0},"west":{"uv":[4.75,7.5,5.5,8.0],"rotation":0,"texture":"#0","tintindex":0},"up":{"uv":[0.0,0.75,0.0,0.0],"rotation":0,"texture":"#0","tintindex":0},"down":{"uv":[0.0,0.0,0.0,0.75],"rotation":0,"texture":"#0","tintindex":0}}},{"from":[10.571428,7.6571426,6.7285714],"to":[10.571428,8.8,8.442857],"rotation":{"angle":22.5,"axis":"y","origin":[9.142858,8.0,7.5857143]},"faces":{"east":{"uv":[5.5,7.5,6.25,8.0],"rotation":0,"texture":"#0","tintindex":0},"south":{"uv":[0.0,0.0,0.0,0.5],"rotation":0,"texture":"#0","tintindex":0},"north":{"uv":[0.0,0.0,0.0,0.5],"rotation":0,"texture":"#0","tintindex":0},"west":{"uv":[7.5,5.75,8.25,6.25],"rotation":0,"texture":"#0","tintindex":0},"up":{"uv":[0.0,0.75,0.0,0.0],"rotation":0,"texture":"#0","tintindex":0},"down":{"uv":[0.0,0.0,0.0,0.75],"rotation":0,"texture":"#0","tintindex":0}}},{"from":[7.5714283,7.6571426,8.442857],"to":[10.571428,8.8,8.442857],"rotation":{"angle":22.5,"axis":"y","origin":[9.142858,8.0,7.5857143]},"faces":{"east":{"uv":[0.0,0.0,0.0,0.5],"rotation":0,"texture":"#0","tintindex":0},"south":{"uv":[5.5,4.75,6.75,5.25],"rotation":0,"texture":"#0","tintindex":0},"north":{"uv":[5.5,4.25,6.75,4.75],"rotation":0,"texture":"#0","tintindex":0},"west":{"uv":[0.0,0.0,0.0,0.5],"rotation":0,"texture":"#0","tintindex":0},"up":{"uv":[1.25,0.0,0.0,0.0],"rotation":0,"texture":"#0","tintindex":0},"down":{"uv":[1.25,0.0,0.0,0.0],"rotation":0,"texture":"#0","tintindex":0}}},{"from":[7.5714283,7.6571426,6.7285714],"to":[10.571428,8.8,6.7285714],"rotation":{"angle":22.5,"axis":"y","origin":[9.142858,8.0,7.5857143]},"faces":{"east":{"uv":[0.0,0.0,0.0,0.5],"rotation":0,"texture":"#0","tintindex":0},"south":{"uv":[0.0,5.75,1.25,6.25],"rotation":0,"texture":"#0","tintindex":0},"north":{"uv":[5.0,5.5,6.25,6.0],"rotation":0,"texture":"#0","tintindex":0},"west":{"uv":[0.0,0.0,0.0,0.5],"rotation":0,"texture":"#0","tintindex":0},"up":{"uv":[1.25,0.0,0.0,0.0],"rotation":0,"texture":"#0","tintindex":0},"down":{"uv":[1.25,0.0,0.0,0.0],"rotation":0,"texture":"#0","tintindex":0}}}],"display":{"head":{"translation":[0.0,-6.4,0.0],"scale":[4.0,4.0,4.0]}}}