{"textures":{"0":"modelengine:entity/crab"},"elements":[{"from":[7.190737,7.714286,8.446791],"to":[8.333593,8.285714,8.446791],"rotation":{"angle":-22.5,"axis":"y","origin":[8.905023,6.857143,10.161077]},"faces":{"east":{"uv":[0.0,0.0,0.0,0.25],"rotation":0,"texture":"#0","tintindex":0},"south":{"uv":[9.0,0.25,8.5,0.5],"rotation":0,"texture":"#0","tintindex":0},"north":{"uv":[9.0,0.0,8.5,0.25],"rotation":0,"texture":"#0","tintindex":0},"west":{"uv":[0.0,0.0,0.0,0.25],"rotation":0,"texture":"#0","tintindex":0},"up":{"uv":[0.0,0.0,0.5,0.0],"rotation":0,"texture":"#0","tintindex":0},"down":{"uv":[0.0,0.0,0.5,0.0],"rotation":0,"texture":"#0","tintindex":0}}},{"from":[7.762165,6.0,7.875362],"to":[8.905023,7.714286,9.018219],"rotation":{"angle":-22.5,"axis":"y","origin":[8.905023,6.857143,10.161077]},"faces":{"east":{"uv":[3.0,6.75,2.5,7.5],"rotation":0,"texture":"#0","tintindex":0},"south":{"uv":[7.25,2.0,6.75,2.75],"rotation":0,"texture":"#0","tintindex":0},"north":{"uv":[2.0,6.75,1.5,7.5],"rotation":0,"texture":"#0","tintindex":0},"west":{"uv":[2.5,6.75,2.0,7.5],"rotation":0,"texture":"#0","tintindex":0},"up":{"uv":[7.0,8.25,7.5,7.75],"rotation":0,"texture":"#0","tintindex":0},"down":{"uv":[7.5,7.75,8.0,8.25],"rotation":0,"texture":"#0","tintindex":0}}},{"from":[7.762165,5.428571,8.446791],"to":[8.905023,6.0,8.446791],"rotation":{"angle":-22.5,"axis":"y","origin":[8.905023,6.857143,10.161077]},"faces":{"east":{"uv":[0.0,0.0,0.0,0.25],"rotation":0,"texture":"#0","tintindex":0},"south":{"uv":[0.5,8.5,0.0,8.75],"rotation":0,"texture":"#0","tintindex":0},"north":{"uv":[8.75,8.25,8.25,8.5],"rotation":0,"texture":"#0","tintindex":0},"west":{"uv":[0.0,0.0,0.0,0.25],"rotation":0,"texture":"#0","tintindex":0},"up":{"uv":[0.0,0.0,0.5,0.0],"rotation":0,"texture":"#0","tintindex":0},"down":{"uv":[0.0,0.0,0.5,0.0],"rotation":0,"texture":"#0","tintindex":0}}}],"display":{"head":{"translation":[0.0,-6.4,0.0],"scale":[4.0,4.0,4.0]}}}