{"textures":{"0":"modelengine:entity/crab"},"elements":[{"from":[8.428572,5.428571,8.314285],"to":[9.571428,6.0,8.314285],"rotation":{"angle":-22.5,"axis":"y","origin":[8.857143,6.857143,8.314285]},"faces":{"east":{"uv":[0.0,0.0,0.0,0.25],"rotation":0,"texture":"#0","tintindex":0},"south":{"uv":[0.5,8.5,0.0,8.75],"rotation":0,"texture":"#0","tintindex":0},"north":{"uv":[8.75,8.25,8.25,8.5],"rotation":0,"texture":"#0","tintindex":0},"west":{"uv":[0.0,0.0,0.0,0.25],"rotation":0,"texture":"#0","tintindex":0},"up":{"uv":[0.0,0.0,0.5,0.0],"rotation":0,"texture":"#0","tintindex":0},"down":{"uv":[0.0,0.0,0.5,0.0],"rotation":0,"texture":"#0","tintindex":0}}},{"from":[7.857143,7.714286,8.314285],"to":[9.0,8.285714,8.314285],"rotation":{"angle":-22.5,"axis":"y","origin":[8.857143,6.857143,8.314285]},"faces":{"east":{"uv":[0.0,0.0,0.0,0.25],"rotation":0,"texture":"#0","tintindex":0},"south":{"uv":[9.0,0.25,8.5,0.5],"rotation":0,"texture":"#0","tintindex":0},"north":{"uv":[9.0,0.0,8.5,0.25],"rotation":0,"texture":"#0","tintindex":0},"west":{"uv":[0.0,0.0,0.0,0.25],"rotation":0,"texture":"#0","tintindex":0},"up":{"uv":[0.0,0.0,0.5,0.0],"rotation":0,"texture":"#0","tintindex":0},"down":{"uv":[0.0,0.0,0.5,0.0],"rotation":0,"texture":"#0","tintindex":0}}},{"from":[8.428572,6.0,7.742857],"to":[9.571428,7.714286,8.885715],"rotation":{"angle":-22.5,"axis":"y","origin":[8.857143,6.857143,8.314285]},"faces":{"east":{"uv":[3.0,6.75,2.5,7.5],"rotation":0,"texture":"#0","tintindex":0},"south":{"uv":[7.25,2.0,6.75,2.75],"rotation":0,"texture":"#0","tintindex":0},"north":{"uv":[2.0,6.75,1.5,7.5],"rotation":0,"texture":"#0","tintindex":0},"west":{"uv":[2.5,6.75,2.0,7.5],"rotation":0,"texture":"#0","tintindex":0},"up":{"uv":[7.0,8.25,7.5,7.75],"rotation":0,"texture":"#0","tintindex":0},"down":{"uv":[7.5,7.75,8.0,8.25],"rotation":0,"texture":"#0","tintindex":0}}}],"display":{"head":{"translation":[0.0,-6.4,0.0],"scale":[4.0,4.0,4.0]}}}