{"textures":{"0":"modelengine:entity/dripstone_creeper"},"elements":[{"from":[6.285714,8.0,6.857143],"to":[9.714286,13.714286,9.142858],"rotation":{"angle":0.0,"axis":"y","origin":[8.0,4.5714283,8.0]},"faces":{"east":{"uv":[0.0,4.5,1.0,7.0],"rotation":0,"texture":"#0","tintindex":0},"south":{"uv":[3.5,4.5,5.0,7.0],"rotation":0,"texture":"#0","tintindex":0},"north":{"uv":[1.0,4.5,2.5,7.0],"rotation":0,"texture":"#0","tintindex":0},"west":{"uv":[2.5,4.5,3.5,7.0],"rotation":0,"texture":"#0","tintindex":0},"up":{"uv":[2.5,4.5,1.0,3.5],"rotation":0,"texture":"#0","tintindex":0},"down":{"uv":[4.0,3.5,2.5,4.5],"rotation":0,"texture":"#0","tintindex":0}}}],"display":{"head":{"translation":[0.0,-6.4,0.0],"scale":[4.0,4.0,4.0]}}}