{"textures":{"0":"modelengine:entity/dripstone_creeper"},"elements":[{"from":[5.714286,8.0,5.714286],"to":[10.285714,11.428572,10.285714],"rotation":{"angle":0.0,"axis":"y","origin":[8.0,-2.285715,8.0]},"faces":{"east":{"uv":[0.0,2.0,2.0,3.5],"rotation":0,"texture":"#0","tintindex":0},"south":{"uv":[6.0,2.0,8.0,3.5],"rotation":0,"texture":"#0","tintindex":0},"north":{"uv":[2.0,2.0,4.0,3.5],"rotation":0,"texture":"#0","tintindex":0},"west":{"uv":[4.0,2.0,6.0,3.5],"rotation":0,"texture":"#0","tintindex":0},"up":{"uv":[4.0,2.0,2.0,0.0],"rotation":0,"texture":"#0","tintindex":0},"down":{"uv":[6.0,0.0,4.0,2.0],"rotation":0,"texture":"#0","tintindex":0}}},{"from":[6.857143,11.428572,8.0],"to":[9.142858,15.428572,8.0],"rotation":{"angle":0.0,"axis":"y","origin":[8.0,11.428572,8.0]},"faces":{"east":{"uv":[0.0,9.5,0.0,11.25],"rotation":0,"texture":"#0","tintindex":0},"south":{"uv":[1.0,9.5,0.0,11.25],"rotation":0,"texture":"#0","tintindex":0},"north":{"uv":[0.0,9.5,1.0,11.25],"rotation":0,"texture":"#0","tintindex":0},"west":{"uv":[1.0,9.5,1.0,11.25],"rotation":0,"texture":"#0","tintindex":0},"up":{"uv":[1.0,9.5,0.0,9.5],"rotation":0,"texture":"#0","tintindex":0},"down":{"uv":[2.0,9.5,1.0,9.5],"rotation":0,"texture":"#0","tintindex":0}}},{"from":[6.857143,11.428572,8.0],"to":[9.142858,15.428572,8.0],"rotation":{"angle":45.0,"axis":"y","origin":[8.0,11.428572,8.0]},"faces":{"east":{"uv":[0.0,9.5,0.0,11.25],"rotation":0,"texture":"#0","tintindex":0},"south":{"uv":[1.0,9.5,0.0,11.25],"rotation":0,"texture":"#0","tintindex":0},"north":{"uv":[0.0,9.5,1.0,11.25],"rotation":0,"texture":"#0","tintindex":0},"west":{"uv":[1.0,9.5,1.0,11.25],"rotation":0,"texture":"#0","tintindex":0},"up":{"uv":[1.0,9.5,0.0,9.5],"rotation":0,"texture":"#0","tintindex":0},"down":{"uv":[2.0,9.5,1.0,9.5],"rotation":0,"texture":"#0","tintindex":0}}}],"display":{"head":{"translation":[0.0,-6.4,0.0],"scale":[4.0,4.0,4.0]}}}