{"textures":{"0":"modelengine:entity/dripstone_creeper"},"elements":[{"from":[6.857143,4.5714283,8.0],"to":[9.142858,8.0,10.285714],"rotation":{"angle":0.0,"axis":"y","origin":[6.857143,4.5714283,6.857143]},"faces":{"east":{"uv":[7.0,8.5,8.0,10.0],"rotation":0,"texture":"#0","tintindex":0},"south":{"uv":[10.0,8.5,11.0,10.0],"rotation":0,"texture":"#0","tintindex":0},"north":{"uv":[8.0,8.5,9.0,10.0],"rotation":0,"texture":"#0","tintindex":0},"west":{"uv":[9.0,8.5,10.0,10.0],"rotation":0,"texture":"#0","tintindex":0},"up":{"uv":[9.0,8.5,8.0,7.5],"rotation":0,"texture":"#0","tintindex":0},"down":{"uv":[10.0,7.5,9.0,8.5],"rotation":0,"texture":"#0","tintindex":0}}}],"display":{"head":{"translation":[0.0,-6.4,0.0],"scale":[4.0,4.0,4.0]}}}