{"textures":{"2":"modelengine:entity/creeper_armor_2"},"elements":[{"from":[5.714286,3.4285712,6.857143],"to":[10.285714,9.142858,11.428572],"rotation":{"angle":0.0,"axis":"y","origin":[6.857143,4.5714283,6.857143]},"faces":{"east":{"uv":[7.0,8.5,8.0,10.0],"rotation":0,"texture":"#2","tintindex":0},"south":{"uv":[10.0,8.5,11.0,10.0],"rotation":0,"texture":"#2","tintindex":0},"north":{"uv":[8.0,8.5,9.0,10.0],"rotation":0,"texture":"#2","tintindex":0},"west":{"uv":[9.0,8.5,10.0,10.0],"rotation":0,"texture":"#2","tintindex":0},"up":{"uv":[9.0,8.5,8.0,7.5],"rotation":0,"texture":"#2","tintindex":0},"down":{"uv":[10.0,7.5,9.0,8.5],"rotation":0,"texture":"#2","tintindex":0}}},{"from":[10.285714,9.142858,11.428572],"to":[5.714286,3.4285712,6.857143],"rotation":{"angle":0.0,"axis":"y","origin":[6.857143,4.5714283,6.857143]},"faces":{"east":{"uv":[9.0,10.0,10.0,8.5],"rotation":0,"texture":"#2","tintindex":0},"south":{"uv":[8.0,10.0,9.0,8.5],"rotation":0,"texture":"#2","tintindex":0},"north":{"uv":[10.0,10.0,11.0,8.5],"rotation":0,"texture":"#2","tintindex":0},"west":{"uv":[7.0,10.0,8.0,8.5],"rotation":0,"texture":"#2","tintindex":0},"up":{"uv":[9.0,7.5,10.0,8.5],"rotation":0,"texture":"#2","tintindex":0},"down":{"uv":[8.0,8.5,9.0,7.5],"rotation":0,"texture":"#2","tintindex":0}}}],"display":{"head":{"translation":[0.0,-6.4,0.0],"scale":[4.0,4.0,4.0]}}}