{"textures":{"0":"modelengine:entity/dripstone_creeper"},"elements":[{"from":[6.857143,4.5714283,8.0],"to":[9.142858,8.0,10.285714],"rotation":{"angle":0.0,"axis":"y","origin":[9.142858,4.5714283,6.857143]},"faces":{"east":{"uv":[0.0,8.0,1.0,9.5],"rotation":0,"texture":"#0","tintindex":0},"south":{"uv":[3.0,8.0,4.0,9.5],"rotation":0,"texture":"#0","tintindex":0},"north":{"uv":[1.0,8.0,2.0,9.5],"rotation":0,"texture":"#0","tintindex":0},"west":{"uv":[2.0,8.0,3.0,9.5],"rotation":0,"texture":"#0","tintindex":0},"up":{"uv":[2.0,8.0,1.0,7.0],"rotation":0,"texture":"#0","tintindex":0},"down":{"uv":[3.0,7.0,2.0,8.0],"rotation":0,"texture":"#0","tintindex":0}}}],"display":{"head":{"translation":[0.0,-6.4,0.0],"scale":[4.0,4.0,4.0]}}}