{"textures":{"2":"modelengine:entity/creeper_armor_2"},"elements":[{"from":[5.714286,3.4285712,6.857143],"to":[10.285714,9.142858,11.428572],"rotation":{"angle":0.0,"axis":"y","origin":[9.142858,4.5714283,6.857143]},"faces":{"east":{"uv":[0.0,8.0,1.0,9.5],"rotation":0,"texture":"#2","tintindex":0},"south":{"uv":[3.0,8.0,4.0,9.5],"rotation":0,"texture":"#2","tintindex":0},"north":{"uv":[1.0,8.0,2.0,9.5],"rotation":0,"texture":"#2","tintindex":0},"west":{"uv":[2.0,8.0,3.0,9.5],"rotation":0,"texture":"#2","tintindex":0},"up":{"uv":[2.0,8.0,1.0,7.0],"rotation":0,"texture":"#2","tintindex":0},"down":{"uv":[3.0,7.0,2.0,8.0],"rotation":0,"texture":"#2","tintindex":0}}},{"from":[10.285714,9.142858,11.428572],"to":[5.714286,3.4285712,6.857143],"rotation":{"angle":0.0,"axis":"y","origin":[9.142858,4.5714283,6.857143]},"faces":{"east":{"uv":[2.0,9.5,3.0,8.0],"rotation":0,"texture":"#2","tintindex":0},"south":{"uv":[1.0,9.5,2.0,8.0],"rotation":0,"texture":"#2","tintindex":0},"north":{"uv":[3.0,9.5,4.0,8.0],"rotation":0,"texture":"#2","tintindex":0},"west":{"uv":[0.0,9.5,1.0,8.0],"rotation":0,"texture":"#2","tintindex":0},"up":{"uv":[2.0,7.0,3.0,8.0],"rotation":0,"texture":"#2","tintindex":0},"down":{"uv":[1.0,8.0,2.0,7.0],"rotation":0,"texture":"#2","tintindex":0}}}],"display":{"head":{"translation":[0.0,-6.4,0.0],"scale":[4.0,4.0,4.0]}}}