{"textures":{"2":"modelengine:entity/creeper_armor_2"},"elements":[{"from":[5.714286,3.4285712,4.5714283],"to":[10.285714,9.142858,9.142858],"rotation":{"angle":0.0,"axis":"y","origin":[9.142858,4.5714283,9.142858]},"faces":{"east":{"uv":[5.0,4.5,6.0,6.0],"rotation":0,"texture":"#2","tintindex":0},"south":{"uv":[8.0,4.5,9.0,6.0],"rotation":0,"texture":"#2","tintindex":0},"north":{"uv":[6.0,4.5,7.0,6.0],"rotation":0,"texture":"#2","tintindex":0},"west":{"uv":[7.0,4.5,8.0,6.0],"rotation":0,"texture":"#2","tintindex":0},"up":{"uv":[7.0,4.5,6.0,3.5],"rotation":0,"texture":"#2","tintindex":0},"down":{"uv":[8.0,3.5,7.0,4.5],"rotation":0,"texture":"#2","tintindex":0}}},{"from":[10.285714,9.142858,9.142858],"to":[5.714286,3.4285712,4.5714283],"rotation":{"angle":0.0,"axis":"y","origin":[9.142858,4.5714283,9.142858]},"faces":{"east":{"uv":[7.0,6.0,8.0,4.5],"rotation":0,"texture":"#2","tintindex":0},"south":{"uv":[6.0,6.0,7.0,4.5],"rotation":0,"texture":"#2","tintindex":0},"north":{"uv":[8.0,6.0,9.0,4.5],"rotation":0,"texture":"#2","tintindex":0},"west":{"uv":[5.0,6.0,6.0,4.5],"rotation":0,"texture":"#2","tintindex":0},"up":{"uv":[7.0,3.5,8.0,4.5],"rotation":0,"texture":"#2","tintindex":0},"down":{"uv":[6.0,4.5,7.0,3.5],"rotation":0,"texture":"#2","tintindex":0}}}],"display":{"head":{"translation":[0.0,-6.4,0.0],"scale":[4.0,4.0,4.0]}}}