{"textures":{"0":"modelengine:entity/dragon_sentinel_full"},"elements":[{"from":[5.0,8.992146,5.1843977],"to":[10.571428,12.024289,8.21654],"rotation":{"angle":-22.5,"axis":"x","origin":[7.785714,10.749289,6.470112]},"faces":{"east":{"uv":[1.5,7.9375,1.9375,8.375],"rotation":0,"texture":"#0","tintindex":0},"south":{"uv":[6.375,4.0625,7.1875,4.5],"rotation":0,"texture":"#0","tintindex":0},"north":{"uv":[6.375,3.625,7.1875,4.0625],"rotation":0,"texture":"#0","tintindex":0},"west":{"uv":[3.75,8.0,4.1875,8.4375],"rotation":0,"texture":"#0","tintindex":0},"up":{"uv":[7.1875,4.9375,6.375,4.5],"rotation":0,"texture":"#0","tintindex":0},"down":{"uv":[5.5,6.375,4.6875,6.8125],"rotation":0,"texture":"#0","tintindex":0}}},{"from":[6.714286,11.042857,5.9214287],"to":[8.857143,13.614286,8.064285],"rotation":{"angle":0.0,"axis":"y","origin":[8.0,-9.957144,6.35]},"faces":{"east":{"uv":[6.8125,8.8125,7.125,9.1875],"rotation":0,"texture":"#0","tintindex":0},"south":{"uv":[0.375,8.875,0.6875,9.25],"rotation":0,"texture":"#0","tintindex":0},"north":{"uv":[6.5,8.8125,6.8125,9.1875],"rotation":0,"texture":"#0","tintindex":0},"west":{"uv":[1.3125,8.875,1.625,9.25],"rotation":0,"texture":"#0","tintindex":0},"up":{"uv":[3.5625,9.3125,3.25,9.0],"rotation":0,"texture":"#0","tintindex":0},"down":{"uv":[4.4375,9.0,4.125,9.3125],"rotation":0,"texture":"#0","tintindex":0}}},{"from":[5.0,7.6142855,3.7785711],"to":[10.571428,10.614285,8.064285],"rotation":{"angle":22.5,"axis":"x","origin":[7.785714,8.471429,6.35]},"faces":{"east":{"uv":[7.0625,2.0,7.6875,2.4375],"rotation":0,"texture":"#0","tintindex":0},"south":{"uv":[3.1875,6.3125,4.0,6.75],"rotation":0,"texture":"#0","tintindex":0},"north":{"uv":[6.25,2.125,7.0625,2.5625],"rotation":0,"texture":"#0","tintindex":0},"west":{"uv":[7.1875,0.0,7.8125,0.4375],"rotation":0,"texture":"#0","tintindex":0},"up":{"uv":[6.25,2.0,5.4375,1.375],"rotation":0,"texture":"#0","tintindex":0},"down":{"uv":[6.25,2.0,5.4375,2.625],"rotation":0,"texture":"#0","tintindex":0}}},{"from":[10.614285,7.6142855,3.7785711],"to":[10.614285,12.757143,8.064285],"rotation":{"angle":22.5,"axis":"x","origin":[7.785714,8.471429,6.35]},"faces":{"east":{"uv":[5.5,5.6875,6.125,6.4375],"rotation":0,"texture":"#0","tintindex":0},"south":{"uv":[0.0,0.0,0.0,0.75],"rotation":0,"texture":"#0","tintindex":0},"north":{"uv":[0.0,0.0,0.0,0.75],"rotation":0,"texture":"#0","tintindex":0},"west":{"uv":[5.75,3.625,6.375,4.375],"rotation":0,"texture":"#0","tintindex":0},"up":{"uv":[0.0,0.625,0.0,0.0],"rotation":0,"texture":"#0","tintindex":0},"down":{"uv":[0.0,0.0,0.0,0.625],"rotation":0,"texture":"#0","tintindex":0}}},{"from":[4.957143,7.6142855,3.7785711],"to":[4.957143,12.757143,8.064285],"rotation":{"angle":22.5,"axis":"x","origin":[8.0,8.471429,6.35]},"faces":{"east":{"uv":[5.75,4.375,6.375,5.125],"rotation":0,"texture":"#0","tintindex":0},"south":{"uv":[0.0,0.0,0.0,0.75],"rotation":0,"texture":"#0","tintindex":0},"north":{"uv":[0.0,0.0,0.0,0.75],"rotation":0,"texture":"#0","tintindex":0},"west":{"uv":[0.0,6.125,0.625,6.875],"rotation":0,"texture":"#0","tintindex":0},"up":{"uv":[0.0,0.625,0.0,0.0],"rotation":0,"texture":"#0","tintindex":0},"down":{"uv":[0.0,0.0,0.0,0.625],"rotation":0,"texture":"#0","tintindex":0}}}],"display":{"head":{"translation":[0.0,-6.4,0.0],"scale":[4.0,4.0,4.0]}}}