{"textures":{"0":"modelengine:entity/dragon_sentinel_full"},"elements":[{"from":[6.5,5.428571,8.0],"to":[9.5,8.0,8.0],"rotation":{"angle":0.0,"axis":"y","origin":[8.0,-4.4285717,10.142858]},"faces":{"east":{"uv":[0.0,0.0,0.0,0.375],"rotation":0,"texture":"#0","tintindex":0},"south":{"uv":[8.1875,2.8125,8.625,3.1875],"rotation":0,"texture":"#0","tintindex":0},"north":{"uv":[2.8125,8.1875,3.25,8.5625],"rotation":0,"texture":"#0","tintindex":0},"west":{"uv":[0.0,0.0,0.0,0.375],"rotation":0,"texture":"#0","tintindex":0},"up":{"uv":[0.4375,0.0,0.0,0.0],"rotation":0,"texture":"#0","tintindex":0},"down":{"uv":[0.4375,0.0,0.0,0.0],"rotation":0,"texture":"#0","tintindex":0}}}],"display":{"head":{"translation":[0.0,-6.4,0.0],"scale":[4.0,4.0,4.0]}}}