{"textures":{"0":"modelengine:entity/dragon_sentinel_full"},"elements":[{"from":[12.285715,6.714286,6.714286],"to":[14.857143,9.285714,6.714286],"rotation":{"angle":-45.0,"axis":"y","origin":[12.285715,8.0,6.714286]},"faces":{"east":{"uv":[0.0,0.0,0.0,0.375],"rotation":0,"texture":"#0","tintindex":0},"south":{"uv":[0.0,8.5625,0.375,8.9375],"rotation":0,"texture":"#0","tintindex":0},"north":{"uv":[0.375,8.5,0.75,8.875],"rotation":0,"texture":"#0","tintindex":0},"west":{"uv":[0.0,0.0,0.0,0.375],"rotation":0,"texture":"#0","tintindex":0},"up":{"uv":[0.375,0.0,0.0,0.0],"rotation":0,"texture":"#0","tintindex":0},"down":{"uv":[0.375,0.0,0.0,0.0],"rotation":0,"texture":"#0","tintindex":0}}},{"from":[10.692305,5.943268,7.694945],"to":[14.549447,8.514697,7.694945],"rotation":{"angle":-22.5,"axis":"y","origin":[12.1748295,6.8170505,8.245799]},"faces":{"east":{"uv":[0.0,0.0,0.0,0.375],"rotation":0,"texture":"#0","tintindex":0},"south":{"uv":[7.875,2.4375,8.4375,2.8125],"rotation":0,"texture":"#0","tintindex":0},"north":{"uv":[7.875,0.5,8.4375,0.875],"rotation":0,"texture":"#0","tintindex":0},"west":{"uv":[0.0,0.0,0.0,0.375],"rotation":0,"texture":"#0","tintindex":0},"up":{"uv":[0.5625,0.0,0.0,0.0],"rotation":0,"texture":"#0","tintindex":0},"down":{"uv":[0.5625,0.0,0.0,0.0],"rotation":0,"texture":"#0","tintindex":0}}},{"from":[8.0,6.714286,6.714286],"to":[12.285715,9.285714,9.285714],"rotation":{"angle":0.0,"axis":"y","origin":[9.285714,-8.714287,6.285714]},"faces":{"east":{"uv":[5.1875,8.4375,5.5625,8.8125],"rotation":0,"texture":"#0","tintindex":0},"south":{"uv":[7.5625,2.875,8.1875,3.25],"rotation":0,"texture":"#0","tintindex":0},"north":{"uv":[7.5,3.8125,8.125,4.1875],"rotation":0,"texture":"#0","tintindex":0},"west":{"uv":[6.0,8.4375,6.375,8.8125],"rotation":0,"texture":"#0","tintindex":0},"up":{"uv":[8.1875,5.25,7.5625,4.875],"rotation":0,"texture":"#0","tintindex":0},"down":{"uv":[8.25,6.0,7.625,6.375],"rotation":0,"texture":"#0","tintindex":0}}}],"display":{"head":{"translation":[0.0,-6.4,0.0],"scale":[4.0,4.0,4.0]}}}