{"textures":{"0":"modelengine:entity/dragon_sentinel_full"},"elements":[{"from":[5.984947,8.214286,5.428571],"to":[8.127805,11.642858,6.285714],"rotation":{"angle":22.5,"axis":"y","origin":[6.6278043,11.214286,5.8571424]},"faces":{"east":{"uv":[4.5625,6.875,4.6875,7.375],"rotation":0,"texture":"#0","tintindex":0},"south":{"uv":[8.25,7.9375,8.5625,8.4375],"rotation":0,"texture":"#0","tintindex":0},"north":{"uv":[5.625,7.25,5.9375,7.75],"rotation":0,"texture":"#0","tintindex":0},"west":{"uv":[2.375,7.6875,2.5,8.1875],"rotation":0,"texture":"#0","tintindex":0},"up":{"uv":[5.75,3.75,5.4375,3.625],"rotation":0,"texture":"#0","tintindex":0},"down":{"uv":[7.0,2.0,6.6875,2.125],"rotation":0,"texture":"#0","tintindex":0}}},{"from":[5.8698745,8.214286,5.7072053],"to":[9.83416,11.642858,8.278634],"rotation":{"angle":0.0,"axis":"y","origin":[6.5127316,11.214286,6.1357765]},"faces":{"east":{"uv":[5.25,7.9375,5.625,8.4375],"rotation":0,"texture":"#0","tintindex":0},"south":{"uv":[0.5625,7.0625,1.125,7.5625],"rotation":0,"texture":"#0","tintindex":0},"north":{"uv":[2.5,7.0,3.0625,7.5],"rotation":0,"texture":"#0","tintindex":0},"west":{"uv":[0.8125,8.0625,1.1875,8.5625],"rotation":0,"texture":"#0","tintindex":0},"up":{"uv":[8.4375,4.875,7.875,4.5],"rotation":0,"texture":"#0","tintindex":0},"down":{"uv":[8.5625,3.25,8.0,3.625],"rotation":0,"texture":"#0","tintindex":0}}},{"from":[7.5714283,8.214286,5.428571],"to":[9.714286,11.642858,6.285714],"rotation":{"angle":-22.5,"axis":"y","origin":[9.071428,11.214286,5.8571424]},"faces":{"east":{"uv":[4.6875,9.25,4.8125,9.75],"rotation":0,"texture":"#0","tintindex":0},"south":{"uv":[6.8125,8.3125,7.125,8.8125],"rotation":0,"texture":"#0","tintindex":0},"north":{"uv":[6.5,8.3125,6.8125,8.8125],"rotation":0,"texture":"#0","tintindex":0},"west":{"uv":[4.3125,9.3125,4.4375,9.8125],"rotation":0,"texture":"#0","tintindex":0},"up":{"uv":[7.375,2.5625,7.0625,2.4375],"rotation":0,"texture":"#0","tintindex":0},"down":{"uv":[7.6875,2.4375,7.375,2.5625],"rotation":0,"texture":"#0","tintindex":0}}},{"from":[7.6353307,9.285714,4.8871694],"to":[8.063902,10.142858,5.3157406],"rotation":{"angle":22.5,"axis":"x","origin":[8.063902,9.714286,5.1014547]},"faces":{"east":{"uv":[4.8125,5.5,4.875,5.625],"rotation":0,"texture":"#0","tintindex":0},"south":{"uv":[4.0625,5.625,4.125,5.75],"rotation":0,"texture":"#0","tintindex":0},"north":{"uv":[4.8125,5.375,4.875,5.5],"rotation":0,"texture":"#0","tintindex":0},"west":{"uv":[4.0625,5.75,4.125,5.875],"rotation":0,"texture":"#0","tintindex":0},"up":{"uv":[4.875,5.6875,4.8125,5.625],"rotation":0,"texture":"#0","tintindex":0},"down":{"uv":[4.125,5.875,4.0625,5.9375],"rotation":0,"texture":"#0","tintindex":0}}},{"from":[5.0,10.357143,5.428571],"to":[6.714286,12.5,8.857143],"rotation":{"angle":-22.5,"axis":"z","origin":[5.8571424,11.642858,7.142857]},"faces":{"east":{"uv":[8.25,6.0,8.75,6.3125],"rotation":0,"texture":"#0","tintindex":0},"south":{"uv":[0.375,9.25,0.625,9.5625],"rotation":0,"texture":"#0","tintindex":0},"north":{"uv":[9.125,9.1875,9.375,9.5],"rotation":0,"texture":"#0","tintindex":0},"west":{"uv":[8.3125,1.375,8.8125,1.6875],"rotation":0,"texture":"#0","tintindex":0},"up":{"uv":[9.0,6.25,8.75,5.75],"rotation":0,"texture":"#0","tintindex":0},"down":{"uv":[9.0625,3.875,8.8125,4.375],"rotation":0,"texture":"#0","tintindex":0}}},{"from":[5.428571,8.214286,6.714286],"to":[10.142858,12.928572,10.142858],"rotation":{"angle":-22.5,"axis":"x","origin":[7.785714,11.428572,8.214286]},"faces":{"east":{"uv":[5.9375,6.4375,6.4375,7.125],"rotation":0,"texture":"#0","tintindex":0},"south":{"uv":[2.6875,5.625,3.375,6.3125],"rotation":0,"texture":"#0","tintindex":0},"north":{"uv":[2.0,5.625,2.6875,6.3125],"rotation":0,"texture":"#0","tintindex":0},"west":{"uv":[6.4375,6.4375,6.9375,7.125],"rotation":0,"texture":"#0","tintindex":0},"up":{"uv":[7.1875,0.5,6.5,0.0],"rotation":0,"texture":"#0","tintindex":0},"down":{"uv":[7.375,1.1875,6.6875,1.6875],"rotation":0,"texture":"#0","tintindex":0}}},{"from":[5.428571,14.461258,9.045754],"to":[10.142858,14.461258,11.617183],"rotation":{"angle":-45.0,"axis":"x","origin":[7.785714,14.461258,10.331469]},"faces":{"east":{"uv":[0.0,0.0,0.375,0.0],"rotation":0,"texture":"#0","tintindex":0},"south":{"uv":[0.0,0.0,0.6875,0.0],"rotation":0,"texture":"#0","tintindex":0},"north":{"uv":[0.0,0.0,0.6875,0.0],"rotation":0,"texture":"#0","tintindex":0},"west":{"uv":[0.0,0.0,0.375,0.0],"rotation":0,"texture":"#0","tintindex":0},"up":{"uv":[7.875,4.875,7.1875,4.5],"rotation":0,"texture":"#0","tintindex":0},"down":{"uv":[3.75,7.25,3.0625,7.625],"rotation":0,"texture":"#0","tintindex":0}}},{"from":[5.428571,5.7684193,11.225678],"to":[10.142858,9.196991,11.225678],"rotation":{"angle":22.5,"axis":"x","origin":[7.785714,9.196991,11.225678]},"faces":{"east":{"uv":[0.0,0.0,0.0,0.5],"rotation":0,"texture":"#0","tintindex":0},"south":{"uv":[6.75,5.75,7.4375,6.25],"rotation":0,"texture":"#0","tintindex":0},"north":{"uv":[3.1875,6.75,3.875,7.25],"rotation":0,"texture":"#0","tintindex":0},"west":{"uv":[0.0,0.0,0.0,0.5],"rotation":0,"texture":"#0","tintindex":0},"up":{"uv":[0.6875,0.0,0.0,0.0],"rotation":0,"texture":"#0","tintindex":0},"down":{"uv":[0.6875,0.0,0.0,0.0],"rotation":0,"texture":"#0","tintindex":0}}},{"from":[9.714286,7.785714,8.857143],"to":[9.714286,13.357143,14.0],"rotation":{"angle":22.5,"axis":"y","origin":[9.714286,10.571428,8.857143]},"faces":{"east":{"uv":[4.125,3.75,4.875,4.5625],"rotation":0,"texture":"#0","tintindex":0},"south":{"uv":[0.0,0.0,0.0,0.8125],"rotation":0,"texture":"#0","tintindex":0},"north":{"uv":[0.0,0.0,0.0,0.8125],"rotation":0,"texture":"#0","tintindex":0},"west":{"uv":[4.125,4.5625,4.875,5.375],"rotation":0,"texture":"#0","tintindex":0},"up":{"uv":[0.0,0.75,0.0,0.0],"rotation":0,"texture":"#0","tintindex":0},"down":{"uv":[0.0,0.0,0.0,0.75],"rotation":0,"texture":"#0","tintindex":0}}},{"from":[5.8897657,7.785714,9.021151],"to":[5.8897657,13.357143,14.164007],"rotation":{"angle":-22.5,"axis":"y","origin":[6.285714,10.571428,8.857143]},"faces":{"east":{"uv":[4.875,4.5625,4.125,5.375],"rotation":0,"texture":"#0","tintindex":0},"south":{"uv":[0.0,0.0,0.0,0.8125],"rotation":0,"texture":"#0","tintindex":0},"north":{"uv":[0.0,0.0,0.0,0.8125],"rotation":0,"texture":"#0","tintindex":0},"west":{"uv":[4.875,3.75,4.125,4.5625],"rotation":0,"texture":"#0","tintindex":0},"up":{"uv":[0.0,0.75,0.0,0.0],"rotation":0,"texture":"#0","tintindex":0},"down":{"uv":[0.0,0.0,0.0,0.75],"rotation":0,"texture":"#0","tintindex":0}}}],"display":{"head":{"translation":[0.0,-6.4,0.0],"scale":[4.0,4.0,4.0]}}}