{"textures":{"0":"modelengine:entity/dragon_sentinel_full"},"elements":[{"from":[4.678571,8.0,6.0714283],"to":[7.25,10.571428,8.642858],"rotation":{"angle":-45.0,"axis":"y","origin":[5.3214283,8.428572,8.0]},"faces":{"east":{"uv":[2.875,8.5625,2.5,8.9375],"rotation":0,"texture":"#0","tintindex":0},"south":{"uv":[2.5,8.5625,2.125,8.9375],"rotation":0,"texture":"#0","tintindex":0},"north":{"uv":[1.125,8.5625,0.75,8.9375],"rotation":0,"texture":"#0","tintindex":0},"west":{"uv":[2.125,8.5625,1.75,8.9375],"rotation":0,"texture":"#0","tintindex":0},"up":{"uv":[2.875,8.9375,3.25,8.5625],"rotation":0,"texture":"#0","tintindex":0},"down":{"uv":[8.5625,3.1875,8.9375,3.5625],"rotation":0,"texture":"#0","tintindex":0}}},{"from":[3.392857,7.142857,5.642857],"to":[8.535714,8.857143,9.928572],"rotation":{"angle":-22.5,"axis":"z","origin":[8.535714,8.0,7.785714]},"faces":{"east":{"uv":[9.0625,2.4375,8.4375,2.6875],"rotation":0,"texture":"#0","tintindex":0},"south":{"uv":[7.25,8.0625,6.5,8.3125],"rotation":0,"texture":"#0","tintindex":0},"north":{"uv":[8.8125,4.1875,8.0625,4.4375],"rotation":0,"texture":"#0","tintindex":0},"west":{"uv":[9.0,2.1875,8.375,2.4375],"rotation":0,"texture":"#0","tintindex":0},"up":{"uv":[6.125,1.1875,6.875,0.5625],"rotation":0,"texture":"#0","tintindex":0},"down":{"uv":[6.125,5.125,6.875,5.75],"rotation":0,"texture":"#0","tintindex":0}}},{"from":[1.6633425,7.142857,8.0],"to":[4.234771,11.857143,8.0],"rotation":{"angle":0.0,"axis":"y","origin":[2.3061996,9.714286,6.0714283]},"faces":{"east":{"uv":[0.0,0.0,0.0,0.6875],"rotation":0,"texture":"#0","tintindex":0},"south":{"uv":[2.875,7.5,2.5,8.1875],"rotation":0,"texture":"#0","tintindex":0},"north":{"uv":[7.8125,7.375,7.4375,8.0625],"rotation":0,"texture":"#0","tintindex":0},"west":{"uv":[0.0,0.0,0.0,0.6875],"rotation":0,"texture":"#0","tintindex":0},"up":{"uv":[0.0,0.0,0.375,0.0],"rotation":0,"texture":"#0","tintindex":0},"down":{"uv":[0.0,0.0,0.375,0.0],"rotation":0,"texture":"#0","tintindex":0}}},{"from":[3.8214283,6.714286,6.0714283],"to":[7.678571,8.0,9.928572],"rotation":{"angle":-45.0,"axis":"y","origin":[5.75,7.5714283,8.0]},"faces":{"east":{"uv":[9.5,7.75,8.9375,7.9375],"rotation":0,"texture":"#0","tintindex":0},"south":{"uv":[9.5,7.5625,8.9375,7.75],"rotation":0,"texture":"#0","tintindex":0},"north":{"uv":[9.3125,2.0,8.75,2.1875],"rotation":0,"texture":"#0","tintindex":0},"west":{"uv":[9.5,7.375,8.9375,7.5625],"rotation":0,"texture":"#0","tintindex":0},"up":{"uv":[4.6875,7.375,5.25,6.8125],"rotation":0,"texture":"#0","tintindex":0},"down":{"uv":[0.0,6.875,0.5625,7.4375],"rotation":0,"texture":"#0","tintindex":0}}}],"display":{"head":{"translation":[0.0,-6.4,0.0],"scale":[4.0,4.0,4.0]}}}