{"textures":{"0":"modelengine:entity/dragon_sentinel_full"},"elements":[{"from":[8.0,6.0714283,8.0],"to":[8.0,9.928572,15.285715],"rotation":{"angle":0.0,"axis":"y","origin":[8.0,8.214286,8.053572]},"faces":{"east":{"uv":[6.5,0.0,5.4375,0.5625],"rotation":0,"texture":"#0","tintindex":0},"south":{"uv":[0.0,0.0,0.0,0.5625],"rotation":0,"texture":"#0","tintindex":0},"north":{"uv":[0.0,0.0,0.0,0.5625],"rotation":0,"texture":"#0","tintindex":0},"west":{"uv":[5.9375,5.125,4.875,5.6875],"rotation":0,"texture":"#0","tintindex":0},"up":{"uv":[0.0,1.0625,0.0,0.0],"rotation":0,"texture":"#0","tintindex":0},"down":{"uv":[0.0,0.0,0.0,1.0625],"rotation":0,"texture":"#0","tintindex":0}}}],"display":{"head":{"translation":[0.0,-6.4,0.0],"scale":[4.0,4.0,4.0]}}}