{"textures":{"0":"modelengine:entity/dragon_sentinel_full"},"elements":[{"from":[4.3326683,5.428571,6.9070344],"to":[4.3326683,10.142858,9.628464],"rotation":{"angle":45.0,"axis":"y","origin":[5.3398113,8.214286,8.192749]},"faces":{"east":{"uv":[5.625,7.25,5.25,7.9375],"rotation":0,"texture":"#0","tintindex":0},"south":{"uv":[0.0,0.0,0.0,0.6875],"rotation":0,"texture":"#0","tintindex":0},"north":{"uv":[0.0,0.0,0.0,0.6875],"rotation":0,"texture":"#0","tintindex":0},"west":{"uv":[1.9375,7.25,1.5625,7.9375],"rotation":0,"texture":"#0","tintindex":0},"up":{"uv":[0.0,0.375,0.0,0.0],"rotation":0,"texture":"#0","tintindex":0},"down":{"uv":[0.0,0.0,0.0,0.375],"rotation":0,"texture":"#0","tintindex":0}}},{"from":[4.3329716,5.428571,6.363378],"to":[4.3329716,10.142858,9.084806],"rotation":{"angle":-45.0,"axis":"y","origin":[5.3401146,8.214286,7.7990923]},"faces":{"east":{"uv":[7.75,6.6875,7.375,7.375],"rotation":0,"texture":"#0","tintindex":0},"south":{"uv":[0.0,0.0,0.0,0.6875],"rotation":0,"texture":"#0","tintindex":0},"north":{"uv":[0.0,0.0,0.0,0.6875],"rotation":0,"texture":"#0","tintindex":0},"west":{"uv":[7.0625,7.375,6.6875,8.0625],"rotation":0,"texture":"#0","tintindex":0},"up":{"uv":[0.0,0.375,0.0,0.0],"rotation":0,"texture":"#0","tintindex":0},"down":{"uv":[0.0,0.0,0.0,0.375],"rotation":0,"texture":"#0","tintindex":0}}},{"from":[1.4256587,5.428571,7.995769],"to":[3.7185163,11.428572,7.995769],"rotation":{"angle":0.0,"axis":"y","origin":[5.432802,8.214286,8.274341]},"faces":{"east":{"uv":[0.0,0.0,0.0,0.875],"rotation":0,"texture":"#0","tintindex":0},"south":{"uv":[7.5,3.3125,7.1875,4.1875],"rotation":0,"texture":"#0","tintindex":0},"north":{"uv":[6.6875,7.125,6.375,8.0],"rotation":0,"texture":"#0","tintindex":0},"west":{"uv":[0.0,0.0,0.0,0.875],"rotation":0,"texture":"#0","tintindex":0},"up":{"uv":[0.0,0.0,0.3125,0.0],"rotation":0,"texture":"#0","tintindex":0},"down":{"uv":[0.0,0.0,0.3125,0.0],"rotation":0,"texture":"#0","tintindex":0}}},{"from":[5.642857,7.142857,6.0714283],"to":[8.642858,9.285714,9.928572],"rotation":{"angle":0.0,"axis":"y","origin":[8.214286,7.142857,6.928571]},"faces":{"east":{"uv":[8.6875,3.625,8.125,3.9375],"rotation":0,"texture":"#0","tintindex":0},"south":{"uv":[8.1875,8.5625,7.75,8.875],"rotation":0,"texture":"#0","tintindex":0},"north":{"uv":[4.9375,8.5625,4.5,8.875],"rotation":0,"texture":"#0","tintindex":0},"west":{"uv":[7.8125,8.0625,7.25,8.375],"rotation":0,"texture":"#0","tintindex":0},"up":{"uv":[2.875,8.1875,3.3125,7.625],"rotation":0,"texture":"#0","tintindex":0},"down":{"uv":[3.3125,7.625,3.75,8.1875],"rotation":0,"texture":"#0","tintindex":0}}}],"display":{"head":{"translation":[0.0,-6.4,0.0],"scale":[4.0,4.0,4.0]}}}