{"textures":{"0":"modelengine:entity/dragon_sentinel_full"},"elements":[{"from":[-6.1428576,-6.785715,8.0],"to":[8.0,12.5,8.0],"rotation":{"angle":0.0,"axis":"y","origin":[3.5,-2.285715,8.0]},"faces":{"east":{"uv":[0.0,0.0,0.0,2.8125],"rotation":0,"texture":"#0","tintindex":0},"south":{"uv":[4.125,2.8125,2.0625,5.625],"rotation":0,"texture":"#0","tintindex":0},"north":{"uv":[2.0625,2.8125,0.0,5.625],"rotation":0,"texture":"#0","tintindex":0},"west":{"uv":[0.0,0.0,0.0,2.8125],"rotation":0,"texture":"#0","tintindex":0},"up":{"uv":[0.0,0.0,2.0625,0.0],"rotation":0,"texture":"#0","tintindex":0},"down":{"uv":[0.0,0.0,2.0625,0.0],"rotation":0,"texture":"#0","tintindex":0}}}],"display":{"head":{"translation":[0.0,-6.4,0.0],"scale":[4.0,4.0,4.0]}}}