{"textures":{"0":"modelengine:entity/dragon_sentinel_full"},"elements":[{"from":[1.3876004,7.91124,8.0],"to":[3.1018858,9.625525,8.0],"rotation":{"angle":45.0,"axis":"z","origin":[8.0304575,7.6969543,10.142858]},"faces":{"east":{"uv":[0.0,0.0,0.0,0.25],"rotation":0,"texture":"#0","tintindex":0},"south":{"uv":[9.625,0.0,9.375,0.25],"rotation":0,"texture":"#0","tintindex":0},"north":{"uv":[0.25,9.375,0.0,9.625],"rotation":0,"texture":"#0","tintindex":0},"west":{"uv":[0.0,0.0,0.0,0.25],"rotation":0,"texture":"#0","tintindex":0},"up":{"uv":[0.0,0.0,0.25,0.0],"rotation":0,"texture":"#0","tintindex":0},"down":{"uv":[0.0,0.0,0.25,0.0],"rotation":0,"texture":"#0","tintindex":0}}},{"from":[3.1018858,7.91124,7.357143],"to":[6.1018863,9.625525,8.642858],"rotation":{"angle":45.0,"axis":"z","origin":[8.0304575,7.6969543,10.357143]},"faces":{"east":{"uv":[9.625,6.0,9.4375,6.25],"rotation":0,"texture":"#0","tintindex":0},"south":{"uv":[9.375,6.625,8.9375,6.875],"rotation":0,"texture":"#0","tintindex":0},"north":{"uv":[9.375,4.375,8.9375,4.625],"rotation":0,"texture":"#0","tintindex":0},"west":{"uv":[6.0625,9.4375,5.875,9.6875],"rotation":0,"texture":"#0","tintindex":0},"up":{"uv":[2.3125,9.375,2.75,9.1875],"rotation":0,"texture":"#0","tintindex":0},"down":{"uv":[9.1875,6.25,9.625,6.4375],"rotation":0,"texture":"#0","tintindex":0}}},{"from":[5.0,5.8571424,7.142857],"to":[8.0,8.0,8.857143],"rotation":{"angle":0.0,"axis":"y","origin":[9.928572,5.642857,10.142858]},"faces":{"east":{"uv":[8.9375,9.25,8.6875,9.5625],"rotation":0,"texture":"#0","tintindex":0},"south":{"uv":[9.1875,1.6875,8.75,2.0],"rotation":0,"texture":"#0","tintindex":0},"north":{"uv":[6.0,8.6875,5.5625,9.0],"rotation":0,"texture":"#0","tintindex":0},"west":{"uv":[9.5,8.625,9.25,8.9375],"rotation":0,"texture":"#0","tintindex":0},"up":{"uv":[8.9375,7.125,9.375,6.875],"rotation":0,"texture":"#0","tintindex":0},"down":{"uv":[8.9375,7.125,9.375,7.375],"rotation":0,"texture":"#0","tintindex":0}}},{"from":[5.0,8.0,8.0],"to":[8.0,9.285714,8.0],"rotation":{"angle":0.0,"axis":"y","origin":[9.928572,5.642857,10.142858]},"faces":{"east":{"uv":[0.0,0.0,0.0,0.1875],"rotation":0,"texture":"#0","tintindex":0},"south":{"uv":[6.9375,9.1875,6.5,9.375],"rotation":0,"texture":"#0","tintindex":0},"north":{"uv":[9.625,6.4375,9.1875,6.625],"rotation":0,"texture":"#0","tintindex":0},"west":{"uv":[0.0,0.0,0.0,0.1875],"rotation":0,"texture":"#0","tintindex":0},"up":{"uv":[0.0,0.0,0.4375,0.0],"rotation":0,"texture":"#0","tintindex":0},"down":{"uv":[0.0,0.0,0.4375,0.0],"rotation":0,"texture":"#0","tintindex":0}}}],"display":{"head":{"translation":[0.0,-6.4,0.0],"scale":[4.0,4.0,4.0]}}}