{"textures":{"0":"modelengine:entity/dragon_sentinel_full"},"elements":[{"from":[2.4299212,3.017857,11.694624],"to":[2.4299212,6.4464283,15.123196],"rotation":{"angle":-45.0,"axis":"y","origin":[2.4299212,4.089286,13.408911]},"faces":{"east":{"uv":[0.875,7.5625,0.375,8.0625],"rotation":0,"texture":"#0","tintindex":0},"south":{"uv":[0.0,0.0,0.0,0.5],"rotation":0,"texture":"#0","tintindex":0},"north":{"uv":[0.0,0.0,0.0,0.5],"rotation":0,"texture":"#0","tintindex":0},"west":{"uv":[8.0,3.3125,7.5,3.8125],"rotation":0,"texture":"#0","tintindex":0},"up":{"uv":[0.0,0.5,0.0,0.0],"rotation":0,"texture":"#0","tintindex":0},"down":{"uv":[0.0,0.0,0.0,0.5],"rotation":0,"texture":"#0","tintindex":0}}},{"from":[3.642407,3.017857,10.911316],"to":[9.213836,5.160714,12.19703],"rotation":{"angle":0.0,"axis":"y","origin":[9.213836,4.7321424,10.911316]},"faces":{"east":{"uv":[9.5625,0.5625,9.375,0.875],"rotation":0,"texture":"#0","tintindex":0},"south":{"uv":[8.25,5.6875,7.4375,6.0],"rotation":0,"texture":"#0","tintindex":0},"north":{"uv":[8.1875,1.125,7.375,1.4375],"rotation":0,"texture":"#0","tintindex":0},"west":{"uv":[9.5625,0.25,9.375,0.5625],"rotation":0,"texture":"#0","tintindex":0},"up":{"uv":[8.4375,5.4375,9.25,5.25],"rotation":0,"texture":"#0","tintindex":0},"down":{"uv":[8.25,8.4375,9.0625,8.625],"rotation":0,"texture":"#0","tintindex":0}}},{"from":[7.0709786,4.7321424,10.482744],"to":[9.213836,8.160714,12.625602],"rotation":{"angle":0.0,"axis":"y","origin":[9.213836,4.7321424,10.911316]},"faces":{"east":{"uv":[8.75,1.6875,8.4375,2.1875],"rotation":0,"texture":"#0","tintindex":0},"south":{"uv":[7.75,8.375,7.4375,8.875],"rotation":0,"texture":"#0","tintindex":0},"north":{"uv":[1.75,8.375,1.4375,8.875],"rotation":0,"texture":"#0","tintindex":0},"west":{"uv":[7.4375,8.375,7.125,8.875],"rotation":0,"texture":"#0","tintindex":0},"up":{"uv":[8.9375,8.9375,9.25,8.625],"rotation":0,"texture":"#0","tintindex":0},"down":{"uv":[8.8125,8.9375,9.125,9.25],"rotation":0,"texture":"#0","tintindex":0}}},{"from":[6.6424074,6.4464283,7.911316],"to":[9.642407,9.017858,12.19703],"rotation":{"angle":0.0,"axis":"y","origin":[9.213836,6.4464283,8.339888]},"faces":{"east":{"uv":[8.3125,1.4375,7.6875,1.8125],"rotation":0,"texture":"#0","tintindex":0},"south":{"uv":[2.8125,8.1875,2.375,8.5625],"rotation":0,"texture":"#0","tintindex":0},"north":{"uv":[2.375,8.1875,1.9375,8.5625],"rotation":0,"texture":"#0","tintindex":0},"west":{"uv":[1.5,7.6875,0.875,8.0625],"rotation":0,"texture":"#0","tintindex":0},"up":{"uv":[1.125,7.6875,1.5625,7.0625],"rotation":0,"texture":"#0","tintindex":0},"down":{"uv":[5.9375,7.125,6.375,7.75],"rotation":0,"texture":"#0","tintindex":0}}}],"display":{"head":{"translation":[0.0,-6.4,0.0],"scale":[4.0,4.0,4.0]}}}