{"textures":{"2":"modelengine:entity/dragon_sentinel_polearm"},"elements":[{"from":[7.6,7.6,-6.4000006],"to":[8.4,8.4,20.400002],"rotation":{"angle":0.0,"axis":"y","origin":[-0.40000057,-2.8000002,9.6]},"faces":{"east":{"uv":[6.3125,3.0,10.5,3.125],"rotation":0,"texture":"#2","tintindex":0},"south":{"uv":[6.8125,4.375,6.9375,4.5],"rotation":0,"texture":"#2","tintindex":0},"north":{"uv":[6.8125,4.25,6.9375,4.375],"rotation":0,"texture":"#2","tintindex":0},"west":{"uv":[6.3125,3.125,10.5,3.25],"rotation":0,"texture":"#2","tintindex":0},"up":{"uv":[6.4375,7.4375,6.3125,3.25],"rotation":0,"texture":"#2","tintindex":0},"down":{"uv":[6.5625,3.25,6.4375,7.4375],"rotation":0,"texture":"#2","tintindex":0}}},{"from":[8.0,8.4,-10.800001],"to":[8.0,14.0,-2.4000006],"rotation":{"angle":0.0,"axis":"y","origin":[-0.40000057,-2.8000002,9.6]},"faces":{"east":{"uv":[5.0,2.0,6.3125,2.875],"rotation":0,"texture":"#2","tintindex":0},"south":{"uv":[0.0,0.0,0.0,0.875],"rotation":0,"texture":"#2","tintindex":0},"north":{"uv":[0.0,0.0,0.0,0.875],"rotation":0,"texture":"#2","tintindex":0},"west":{"uv":[2.5,5.0,3.8125,5.875],"rotation":0,"texture":"#2","tintindex":0},"up":{"uv":[0.0,1.3125,0.0,0.0],"rotation":0,"texture":"#2","tintindex":0},"down":{"uv":[0.0,0.0,0.0,1.3125],"rotation":0,"texture":"#2","tintindex":0}}},{"from":[8.0,2.0,-10.800001],"to":[8.0,7.6,-2.4000006],"rotation":{"angle":0.0,"axis":"y","origin":[-0.40000057,-2.8000002,9.6]},"faces":{"east":{"uv":[5.0,2.875,6.3125,3.75],"rotation":0,"texture":"#2","tintindex":0},"south":{"uv":[0.0,0.0,0.0,0.875],"rotation":0,"texture":"#2","tintindex":0},"north":{"uv":[0.0,0.0,0.0,0.875],"rotation":0,"texture":"#2","tintindex":0},"west":{"uv":[5.0,3.75,6.3125,4.625],"rotation":0,"texture":"#2","tintindex":0},"up":{"uv":[0.0,1.3125,0.0,0.0],"rotation":0,"texture":"#2","tintindex":0},"down":{"uv":[0.0,0.0,0.0,1.3125],"rotation":0,"texture":"#2","tintindex":0}}},{"from":[7.6,5.6,-10.4],"to":[8.4,7.2,-7.6000004],"rotation":{"angle":0.0,"axis":"y","origin":[-0.40000057,-2.8000002,9.6]},"faces":{"east":{"uv":[2.75,6.625,3.1875,6.875],"rotation":0,"texture":"#2","tintindex":0},"south":{"uv":[4.25,6.8125,4.375,7.0625],"rotation":0,"texture":"#2","tintindex":0},"north":{"uv":[4.125,6.8125,4.25,7.0625],"rotation":0,"texture":"#2","tintindex":0},"west":{"uv":[3.1875,6.625,3.625,6.875],"rotation":0,"texture":"#2","tintindex":0},"up":{"uv":[3.75,7.0625,3.625,6.625],"rotation":0,"texture":"#2","tintindex":0},"down":{"uv":[3.875,6.8125,3.75,7.25],"rotation":0,"texture":"#2","tintindex":0}}},{"from":[7.2,7.2,20.400002],"to":[8.8,8.8,24.4],"rotation":{"angle":0.0,"axis":"y","origin":[-0.40000057,-2.8000002,9.6]},"faces":{"east":{"uv":[6.5625,3.5625,7.1875,3.8125],"rotation":0,"texture":"#2","tintindex":0},"south":{"uv":[1.75,6.75,2.0,7.0],"rotation":0,"texture":"#2","tintindex":0},"north":{"uv":[1.5,6.75,1.75,7.0],"rotation":0,"texture":"#2","tintindex":0},"west":{"uv":[6.5625,3.8125,7.1875,4.0625],"rotation":0,"texture":"#2","tintindex":0},"up":{"uv":[6.8125,4.6875,6.5625,4.0625],"rotation":0,"texture":"#2","tintindex":0},"down":{"uv":[6.8125,4.6875,6.5625,5.3125],"rotation":0,"texture":"#2","tintindex":0}}},{"from":[7.0,7.0,-10.800001],"to":[9.0,9.0,-6.4000006],"rotation":{"angle":0.0,"axis":"y","origin":[-0.40000057,-2.8000002,9.6]},"faces":{"east":{"uv":[3.75,6.5,4.4375,6.8125],"rotation":0,"texture":"#2","tintindex":0},"south":{"uv":[0.3125,6.75,0.625,7.0625],"rotation":0,"texture":"#2","tintindex":0},"north":{"uv":[0.0,6.75,0.3125,7.0625],"rotation":0,"texture":"#2","tintindex":0},"west":{"uv":[6.5625,3.25,7.25,3.5625],"rotation":0,"texture":"#2","tintindex":0},"up":{"uv":[4.75,7.1875,4.4375,6.5],"rotation":0,"texture":"#2","tintindex":0},"down":{"uv":[5.0625,6.5,4.75,7.1875],"rotation":0,"texture":"#2","tintindex":0}}},{"from":[7.2,8.0,-9.200001],"to":[8.8,12.0,-7.6000004],"rotation":{"angle":22.5,"axis":"x","origin":[8.0,8.4,-8.4]},"faces":{"east":{"uv":[6.5625,5.9375,6.8125,6.5625],"rotation":0,"texture":"#2","tintindex":0},"south":{"uv":[6.5625,6.5625,6.8125,7.1875],"rotation":0,"texture":"#2","tintindex":0},"north":{"uv":[6.5625,5.3125,6.8125,5.9375],"rotation":0,"texture":"#2","tintindex":0},"west":{"uv":[2.5,6.625,2.75,7.25],"rotation":0,"texture":"#2","tintindex":0},"up":{"uv":[2.25,7.0,2.0,6.75],"rotation":0,"texture":"#2","tintindex":0},"down":{"uv":[2.5,6.75,2.25,7.0],"rotation":0,"texture":"#2","tintindex":0}}},{"from":[7.2,8.4,-7.6000004],"to":[8.8,10.8,-6.4000006],"rotation":{"angle":22.5,"axis":"x","origin":[8.0,8.4,-8.4]},"faces":{"east":{"uv":[1.125,6.75,1.3125,7.125],"rotation":0,"texture":"#2","tintindex":0},"south":{"uv":[0.875,6.75,1.125,7.125],"rotation":0,"texture":"#2","tintindex":0},"north":{"uv":[0.625,6.75,0.875,7.125],"rotation":0,"texture":"#2","tintindex":0},"west":{"uv":[1.3125,6.75,1.5,7.125],"rotation":0,"texture":"#2","tintindex":0},"up":{"uv":[4.125,7.0,3.875,6.8125],"rotation":0,"texture":"#2","tintindex":0},"down":{"uv":[7.0625,4.0625,6.8125,4.25],"rotation":0,"texture":"#2","tintindex":0}}}],"display":{"head":{"translation":[0.0,-6.4,0.0],"scale":[4.0,4.0,4.0]}}}