{"textures":{"0":"modelengine:entity/dragon_sentinel_full"},"elements":[{"from":[11.667332,5.428571,6.9070344],"to":[11.667332,10.142858,9.628464],"rotation":{"angle":-45.0,"axis":"y","origin":[10.660189,8.214286,8.192749]},"faces":{"east":{"uv":[1.5625,7.25,1.9375,7.9375],"rotation":0,"texture":"#0","tintindex":0},"south":{"uv":[0.0,0.0,0.0,0.6875],"rotation":0,"texture":"#0","tintindex":0},"north":{"uv":[0.0,0.0,0.0,0.6875],"rotation":0,"texture":"#0","tintindex":0},"west":{"uv":[5.25,7.25,5.625,7.9375],"rotation":0,"texture":"#0","tintindex":0},"up":{"uv":[0.0,0.375,0.0,0.0],"rotation":0,"texture":"#0","tintindex":0},"down":{"uv":[0.0,0.0,0.0,0.375],"rotation":0,"texture":"#0","tintindex":0}}},{"from":[11.667028,5.428571,6.363378],"to":[11.667028,10.142858,9.084806],"rotation":{"angle":45.0,"axis":"y","origin":[10.659885,8.214286,7.7990923]},"faces":{"east":{"uv":[6.6875,7.375,7.0625,8.0625],"rotation":0,"texture":"#0","tintindex":0},"south":{"uv":[0.0,0.0,0.0,0.6875],"rotation":0,"texture":"#0","tintindex":0},"north":{"uv":[0.0,0.0,0.0,0.6875],"rotation":0,"texture":"#0","tintindex":0},"west":{"uv":[7.375,6.6875,7.75,7.375],"rotation":0,"texture":"#0","tintindex":0},"up":{"uv":[0.0,0.375,0.0,0.0],"rotation":0,"texture":"#0","tintindex":0},"down":{"uv":[0.0,0.0,0.0,0.375],"rotation":0,"texture":"#0","tintindex":0}}},{"from":[12.281484,5.428571,7.995769],"to":[14.574341,11.428572,7.995769],"rotation":{"angle":0.0,"axis":"y","origin":[10.567198,8.214286,8.274341]},"faces":{"east":{"uv":[0.0,0.0,0.0,0.875],"rotation":0,"texture":"#0","tintindex":0},"south":{"uv":[7.1875,3.3125,7.5,4.1875],"rotation":0,"texture":"#0","tintindex":0},"north":{"uv":[6.375,7.125,6.6875,8.0],"rotation":0,"texture":"#0","tintindex":0},"west":{"uv":[0.0,0.0,0.0,0.875],"rotation":0,"texture":"#0","tintindex":0},"up":{"uv":[0.3125,0.0,0.0,0.0],"rotation":0,"texture":"#0","tintindex":0},"down":{"uv":[0.3125,0.0,0.0,0.0],"rotation":0,"texture":"#0","tintindex":0}}},{"from":[7.357143,7.142857,6.0714283],"to":[10.357143,9.285714,9.928572],"rotation":{"angle":0.0,"axis":"y","origin":[7.785714,7.142857,6.928571]},"faces":{"east":{"uv":[7.25,8.0625,7.8125,8.375],"rotation":0,"texture":"#0","tintindex":0},"south":{"uv":[7.75,8.5625,8.1875,8.875],"rotation":0,"texture":"#0","tintindex":0},"north":{"uv":[4.5,8.5625,4.9375,8.875],"rotation":0,"texture":"#0","tintindex":0},"west":{"uv":[8.125,3.625,8.6875,3.9375],"rotation":0,"texture":"#0","tintindex":0},"up":{"uv":[3.3125,8.1875,2.875,7.625],"rotation":0,"texture":"#0","tintindex":0},"down":{"uv":[3.75,7.625,3.3125,8.1875],"rotation":0,"texture":"#0","tintindex":0}}}],"display":{"head":{"translation":[0.0,-6.4,0.0],"scale":[4.0,4.0,4.0]}}}