{"textures":{"0":"modelengine:entity/dragon_sentinel_full"},"elements":[{"from":[6.928571,5.8571424,5.0],"to":[9.5,7.5714283,8.428572],"rotation":{"angle":-45.0,"axis":"x","origin":[7.785714,7.582832,7.016726]},"faces":{"east":{"uv":[8.8125,1.375,9.3125,1.625],"rotation":0,"texture":"#0","tintindex":0},"south":{"uv":[9.0625,8.375,9.4375,8.625],"rotation":0,"texture":"#0","tintindex":0},"north":{"uv":[8.0625,9.0625,8.4375,9.3125],"rotation":0,"texture":"#0","tintindex":0},"west":{"uv":[6.0,8.8125,6.5,9.0625],"rotation":0,"texture":"#0","tintindex":0},"up":{"uv":[4.5625,8.5625,4.1875,8.0625],"rotation":0,"texture":"#0","tintindex":0},"down":{"uv":[4.9375,8.0625,4.5625,8.5625],"rotation":0,"texture":"#0","tintindex":0}}},{"from":[8.428572,5.0,3.7142854],"to":[9.714286,6.714286,6.285714],"rotation":{"angle":-22.5,"axis":"y","origin":[9.071428,5.8571424,6.285714]},"faces":{"east":{"uv":[9.125,3.4375,9.5,3.6875],"rotation":0,"texture":"#0","tintindex":0},"south":{"uv":[9.375,3.1875,9.5625,3.4375],"rotation":0,"texture":"#0","tintindex":0},"north":{"uv":[7.4375,6.0,7.625,6.25],"rotation":0,"texture":"#0","tintindex":0},"west":{"uv":[7.125,9.125,7.5,9.375],"rotation":0,"texture":"#0","tintindex":0},"up":{"uv":[3.3125,9.6875,3.125,9.3125],"rotation":0,"texture":"#0","tintindex":0},"down":{"uv":[3.5,9.3125,3.3125,9.6875],"rotation":0,"texture":"#0","tintindex":0}}},{"from":[9.071428,5.0,2.4285712],"to":[9.071428,6.714286,3.7142854],"rotation":{"angle":-22.5,"axis":"y","origin":[9.071428,5.8571424,6.285714]},"faces":{"east":{"uv":[9.375,3.875,9.5625,4.125],"rotation":0,"texture":"#0","tintindex":0},"south":{"uv":[0.0,0.0,0.0,0.25],"rotation":0,"texture":"#0","tintindex":0},"north":{"uv":[0.0,0.0,0.0,0.25],"rotation":0,"texture":"#0","tintindex":0},"west":{"uv":[9.375,7.0,9.5625,7.25],"rotation":0,"texture":"#0","tintindex":0},"up":{"uv":[0.0,0.1875,0.0,0.0],"rotation":0,"texture":"#0","tintindex":0},"down":{"uv":[0.0,0.0,0.0,0.1875],"rotation":0,"texture":"#0","tintindex":0}}},{"from":[6.7510514,5.0,3.7142854],"to":[8.036766,6.714286,6.285714],"rotation":{"angle":22.5,"axis":"y","origin":[7.3939085,5.8571424,6.285714]},"faces":{"east":{"uv":[0.6875,9.1875,1.0625,9.4375],"rotation":0,"texture":"#0","tintindex":0},"south":{"uv":[1.75,9.4375,1.9375,9.6875],"rotation":0,"texture":"#0","tintindex":0},"north":{"uv":[1.5625,9.4375,1.75,9.6875],"rotation":0,"texture":"#0","tintindex":0},"west":{"uv":[1.625,9.1875,2.0,9.4375],"rotation":0,"texture":"#0","tintindex":0},"up":{"uv":[7.6875,9.6875,7.5,9.3125],"rotation":0,"texture":"#0","tintindex":0},"down":{"uv":[7.875,9.3125,7.6875,9.6875],"rotation":0,"texture":"#0","tintindex":0}}},{"from":[7.3939085,5.0,2.4285712],"to":[7.3939085,6.714286,3.7142854],"rotation":{"angle":22.5,"axis":"y","origin":[7.3939085,5.8571424,6.285714]},"faces":{"east":{"uv":[0.8125,9.4375,1.0,9.6875],"rotation":0,"texture":"#0","tintindex":0},"south":{"uv":[0.0,0.0,0.0,0.25],"rotation":0,"texture":"#0","tintindex":0},"north":{"uv":[0.0,0.0,0.0,0.25],"rotation":0,"texture":"#0","tintindex":0},"west":{"uv":[1.0,9.4375,1.1875,9.6875],"rotation":0,"texture":"#0","tintindex":0},"up":{"uv":[0.0,0.1875,0.0,0.0],"rotation":0,"texture":"#0","tintindex":0},"down":{"uv":[0.0,0.0,0.0,0.1875],"rotation":0,"texture":"#0","tintindex":0}}},{"from":[8.107142,5.042857,2.4285712],"to":[8.107142,6.757143,3.7142854],"rotation":{"angle":0.0,"axis":"y","origin":[8.107142,5.8999996,6.285714]},"faces":{"east":{"uv":[9.375,9.1875,9.5625,9.4375],"rotation":0,"texture":"#0","tintindex":0},"south":{"uv":[0.0,0.0,0.0,0.25],"rotation":0,"texture":"#0","tintindex":0},"north":{"uv":[0.0,0.0,0.0,0.25],"rotation":0,"texture":"#0","tintindex":0},"west":{"uv":[0.625,9.4375,0.8125,9.6875],"rotation":0,"texture":"#0","tintindex":0},"up":{"uv":[0.0,0.1875,0.0,0.0],"rotation":0,"texture":"#0","tintindex":0},"down":{"uv":[0.0,0.0,0.0,0.1875],"rotation":0,"texture":"#0","tintindex":0}}},{"from":[7.464286,5.042857,3.7142854],"to":[8.75,6.757143,6.285714],"rotation":{"angle":0.0,"axis":"y","origin":[8.107142,5.8999996,6.285714]},"faces":{"east":{"uv":[9.125,7.9375,9.5,8.1875],"rotation":0,"texture":"#0","tintindex":0},"south":{"uv":[7.25,9.375,7.4375,9.625],"rotation":0,"texture":"#0","tintindex":0},"north":{"uv":[7.0625,9.375,7.25,9.625],"rotation":0,"texture":"#0","tintindex":0},"west":{"uv":[9.125,8.9375,9.5,9.1875],"rotation":0,"texture":"#0","tintindex":0},"up":{"uv":[4.3125,9.6875,4.125,9.3125],"rotation":0,"texture":"#0","tintindex":0},"down":{"uv":[5.75,9.3125,5.5625,9.6875],"rotation":0,"texture":"#0","tintindex":0}}}],"display":{"head":{"translation":[0.0,-6.4,0.0],"scale":[4.0,4.0,4.0]}}}