{"textures":{"0":"modelengine:entity/dragon_sentinel_full"},"elements":[{"from":[6.4632344,6.928571,8.114758],"to":[7.3203773,9.071428,10.257614],"rotation":{"angle":-45.0,"axis":"y","origin":[8.6060915,6.5,8.757614]},"faces":{"east":{"uv":[9.0625,0.75,9.375,1.0625],"rotation":0,"texture":"#0","tintindex":0},"south":{"uv":[9.5,2.0,9.625,2.3125],"rotation":0,"texture":"#0","tintindex":0},"north":{"uv":[9.5,0.875,9.625,1.1875],"rotation":0,"texture":"#0","tintindex":0},"west":{"uv":[9.0625,2.1875,9.375,2.5],"rotation":0,"texture":"#0","tintindex":0},"up":{"uv":[9.625,2.625,9.5,2.3125],"rotation":0,"texture":"#0","tintindex":0},"down":{"uv":[9.625,2.625,9.5,2.9375],"rotation":0,"texture":"#0","tintindex":0}}},{"from":[8.982669,6.928571,7.257614],"to":[9.839811,9.071428,10.257614],"rotation":{"angle":45.0,"axis":"y","origin":[7.6969543,6.5,8.757614]},"faces":{"east":{"uv":[8.625,0.75,9.0625,1.0625],"rotation":0,"texture":"#0","tintindex":0},"south":{"uv":[9.375,9.4375,9.5,9.75],"rotation":0,"texture":"#0","tintindex":0},"north":{"uv":[6.1875,9.4375,6.3125,9.75],"rotation":0,"texture":"#0","tintindex":0},"west":{"uv":[8.625,2.6875,9.0625,3.0],"rotation":0,"texture":"#0","tintindex":0},"up":{"uv":[6.625,9.8125,6.5,9.375],"rotation":0,"texture":"#0","tintindex":0},"down":{"uv":[6.75,9.375,6.625,9.8125],"rotation":0,"texture":"#0","tintindex":0}}},{"from":[10.682466,6.928571,8.221652],"to":[10.682466,9.071428,10.36451],"rotation":{"angle":22.5,"axis":"y","origin":[10.682466,8.0,9.293081]},"faces":{"east":{"uv":[9.0625,2.5,9.375,2.8125],"rotation":0,"texture":"#0","tintindex":0},"south":{"uv":[0.0,0.0,0.0,0.3125],"rotation":0,"texture":"#0","tintindex":0},"north":{"uv":[0.0,0.0,0.0,0.3125],"rotation":0,"texture":"#0","tintindex":0},"west":{"uv":[9.0625,3.875,9.375,4.1875],"rotation":0,"texture":"#0","tintindex":0},"up":{"uv":[0.0,0.3125,0.0,0.0],"rotation":0,"texture":"#0","tintindex":0},"down":{"uv":[0.0,0.0,0.0,0.3125],"rotation":0,"texture":"#0","tintindex":0}}},{"from":[5.6201844,6.928571,8.221488],"to":[5.6201844,9.071428,10.364346],"rotation":{"angle":-22.5,"axis":"y","origin":[5.6201844,8.0,9.292917]},"faces":{"east":{"uv":[9.0625,4.625,9.375,4.9375],"rotation":0,"texture":"#0","tintindex":0},"south":{"uv":[0.0,0.0,0.0,0.3125],"rotation":0,"texture":"#0","tintindex":0},"north":{"uv":[0.0,0.0,0.0,0.3125],"rotation":0,"texture":"#0","tintindex":0},"west":{"uv":[9.0625,5.4375,9.375,5.75],"rotation":0,"texture":"#0","tintindex":0},"up":{"uv":[0.0,0.3125,0.0,0.0],"rotation":0,"texture":"#0","tintindex":0},"down":{"uv":[0.0,0.0,0.0,0.3125],"rotation":0,"texture":"#0","tintindex":0}}}],"display":{"head":{"translation":[0.0,-6.4,0.0],"scale":[4.0,4.0,4.0]}}}