{"textures":{"0":"modelengine:entity/dragon_sentinel_full"},"elements":[{"from":[7.9997144,1.2857141,8.0],"to":[7.9997144,10.714286,17.0],"rotation":{"angle":0.0,"axis":"y","origin":[7.5711427,7.714286,8.428572]},"faces":{"east":{"uv":[4.125,0.0,5.4375,1.375],"rotation":0,"texture":"#0","tintindex":0},"south":{"uv":[0.0,0.0,0.0,1.375],"rotation":0,"texture":"#0","tintindex":0},"north":{"uv":[0.0,0.0,0.0,1.375],"rotation":0,"texture":"#0","tintindex":0},"west":{"uv":[4.125,1.375,5.4375,2.75],"rotation":0,"texture":"#0","tintindex":0},"up":{"uv":[0.0,1.3125,0.0,0.0],"rotation":0,"texture":"#0","tintindex":0},"down":{"uv":[0.0,0.0,0.0,1.3125],"rotation":0,"texture":"#0","tintindex":0}}}],"display":{"head":{"translation":[0.0,-6.4,0.0],"scale":[4.0,4.0,4.0]}}}