{"textures":{"0":"modelengine:entity/dragon_sentinel_full"},"elements":[{"from":[7.142857,2.8571424,6.285714],"to":[10.142858,9.285714,9.714286],"rotation":{"angle":0.0,"axis":"y","origin":[6.714286,-2.7142859,8.0]},"faces":{"east":{"uv":[0.625,6.125,1.125,7.0625],"rotation":0,"texture":"#0","tintindex":0},"south":{"uv":[1.625,6.3125,2.0625,7.25],"rotation":0,"texture":"#0","tintindex":0},"north":{"uv":[6.25,1.1875,6.6875,2.125],"rotation":0,"texture":"#0","tintindex":0},"west":{"uv":[1.125,6.125,1.625,7.0625],"rotation":0,"texture":"#0","tintindex":0},"up":{"uv":[2.375,8.1875,1.9375,7.6875],"rotation":0,"texture":"#0","tintindex":0},"down":{"uv":[6.0625,7.75,5.625,8.25],"rotation":0,"texture":"#0","tintindex":0}}}],"display":{"head":{"translation":[0.0,-6.4,0.0],"scale":[4.0,4.0,4.0]}}}