{"textures":{"2":"modelengine:entity/creeper_armor_3"},"elements":[{"from":[5.142857,3.4285712,5.714286],"to":[10.285714,9.142858,10.285714],"rotation":{"angle":0.0,"axis":"y","origin":[9.142858,4.5714283,10.285714]},"faces":{"east":{"uv":[11.5,12.0,12.5,13.5],"rotation":0,"texture":"#2","tintindex":0},"south":{"uv":[14.75,12.0,16.0,13.5],"rotation":0,"texture":"#2","tintindex":0},"north":{"uv":[12.5,12.0,13.75,13.5],"rotation":0,"texture":"#2","tintindex":0},"west":{"uv":[13.75,12.0,14.75,13.5],"rotation":0,"texture":"#2","tintindex":0},"up":{"uv":[13.75,12.0,12.5,11.0],"rotation":0,"texture":"#2","tintindex":0},"down":{"uv":[15.0,11.0,13.75,12.0],"rotation":0,"texture":"#2","tintindex":0}}},{"from":[10.285714,9.142858,10.285714],"to":[5.142857,3.4285712,5.714286],"rotation":{"angle":0.0,"axis":"y","origin":[9.142858,4.5714283,10.285714]},"faces":{"east":{"uv":[13.75,13.5,14.75,12.0],"rotation":0,"texture":"#2","tintindex":0},"south":{"uv":[12.5,13.5,13.75,12.0],"rotation":0,"texture":"#2","tintindex":0},"north":{"uv":[14.75,13.5,16.0,12.0],"rotation":0,"texture":"#2","tintindex":0},"west":{"uv":[11.5,13.5,12.5,12.0],"rotation":0,"texture":"#2","tintindex":0},"up":{"uv":[13.75,11.0,15.0,12.0],"rotation":0,"texture":"#2","tintindex":0},"down":{"uv":[12.5,12.0,13.75,11.0],"rotation":0,"texture":"#2","tintindex":0}}}],"display":{"head":{"translation":[0.0,-6.4,0.0],"scale":[4.0,4.0,4.0]}}}