{"textures":{"0":"modelengine:entity/dark_oak_creeper"},"elements":[{"from":[6.285714,4.5714283,6.857143],"to":[9.142858,8.0,9.142858],"rotation":{"angle":0.0,"axis":"y","origin":[9.142858,4.5714283,10.285714]},"faces":{"east":{"uv":[11.5,12.0,12.5,13.5],"rotation":0,"texture":"#0","tintindex":0},"south":{"uv":[14.75,12.0,16.0,13.5],"rotation":0,"texture":"#0","tintindex":0},"north":{"uv":[12.5,12.0,13.75,13.5],"rotation":0,"texture":"#0","tintindex":0},"west":{"uv":[13.75,12.0,14.75,13.5],"rotation":0,"texture":"#0","tintindex":0},"up":{"uv":[13.75,12.0,12.5,11.0],"rotation":0,"texture":"#0","tintindex":0},"down":{"uv":[15.0,11.0,13.75,12.0],"rotation":0,"texture":"#0","tintindex":0}}}],"display":{"head":{"translation":[0.0,-6.4,0.0],"scale":[4.0,4.0,4.0]}}}