{"textures":{"2":"modelengine:entity/bear_fish"},"elements":[{"from":[7.9838095,8.021143,6.3523808],"to":[11.509524,8.021143,7.4952383],"rotation":{"angle":0.0,"axis":"y","origin":[8.603809,11.242174,13.655238]},"faces":{"east":{"uv":[8.0,2.0,9.0,2.0],"rotation":0,"texture":"#2","tintindex":0},"south":{"uv":[2.5,8.0,5.5,8.0],"rotation":0,"texture":"#2","tintindex":0},"north":{"uv":[8.0,1.5,11.0,1.5],"rotation":0,"texture":"#2","tintindex":0},"west":{"uv":[8.0,2.5,9.0,2.5],"rotation":0,"texture":"#2","tintindex":0},"up":{"uv":[3.0,7.5,0.0,6.5],"rotation":0,"texture":"#2","tintindex":0},"down":{"uv":[6.5,6.5,3.5,7.5],"rotation":0,"texture":"#2","tintindex":0}}},{"from":[3.8866663,8.026286,7.4952383],"to":[6.2695236,8.026286,9.580953],"rotation":{"angle":0.0,"axis":"y","origin":[8.506666,11.961603,13.655238]},"faces":{"east":{"uv":[8.0,3.5,10.0,3.5],"rotation":0,"texture":"#2","tintindex":0},"south":{"uv":[8.0,4.0,10.0,4.0],"rotation":0,"texture":"#2","tintindex":0},"north":{"uv":[8.0,3.0,10.0,3.0],"rotation":0,"texture":"#2","tintindex":0},"west":{"uv":[8.0,4.5,10.0,4.5],"rotation":0,"texture":"#2","tintindex":0},"up":{"uv":[7.5,3.5,5.5,1.5],"rotation":0,"texture":"#2","tintindex":0},"down":{"uv":[7.5,4.0,5.5,6.0],"rotation":0,"texture":"#2","tintindex":0}}},{"from":[6.2695236,7.306857,7.4952383],"to":[12.080953,8.598286,9.580953],"rotation":{"angle":0.0,"axis":"y","origin":[8.603809,11.242174,13.655238]},"faces":{"east":{"uv":[7.0,6.5,9.0,7.5],"rotation":0,"texture":"#2","tintindex":0},"south":{"uv":[5.5,0.0,10.5,1.0],"rotation":0,"texture":"#2","tintindex":0},"north":{"uv":[0.0,5.0,5.0,6.0],"rotation":0,"texture":"#2","tintindex":0},"west":{"uv":[0.0,8.0,2.0,9.0],"rotation":0,"texture":"#2","tintindex":0},"up":{"uv":[5.0,2.0,0.0,0.0],"rotation":0,"texture":"#2","tintindex":0},"down":{"uv":[5.0,2.5,0.0,4.5],"rotation":0,"texture":"#2","tintindex":0}}}],"display":{"head":{"translation":[0.0,-6.4,0.0],"scale":[4.0,4.0,4.0]}}}