{"textures":{"3":"modelengine:entity/bear_honeycomb"},"elements":[{"from":[5.9514284,7.3542857,6.385714],"to":[10.048572,8.645714,9.614285],"rotation":{"angle":0.0,"axis":"y","origin":[8.285714,11.289603,13.688572]},"faces":{"east":{"uv":[8.0,6.0,14.0,8.0],"rotation":0,"texture":"#3","tintindex":0},"south":{"uv":[15.0,0.0,8.0,2.0],"rotation":0,"texture":"#3","tintindex":0},"north":{"uv":[8.0,0.0,15.0,2.0],"rotation":0,"texture":"#3","tintindex":0},"west":{"uv":[8.0,9.0,14.0,11.0],"rotation":0,"texture":"#3","tintindex":0},"up":{"uv":[7.0,6.0,0.0,0.0],"rotation":0,"texture":"#3","tintindex":0},"down":{"uv":[7.0,0.0,0.0,6.0],"rotation":0,"texture":"#3","tintindex":0}}}],"display":{"head":{"translation":[0.0,-6.4,0.0],"scale":[4.0,4.0,4.0]}}}