{"textures":{"0":"modelengine:entity/bear_black"},"elements":[{"from":[5.2126665,3.2306008,6.040909],"to":[10.378381,9.04203,11.206623],"rotation":{"angle":-22.5,"axis":"x","origin":[3.2755232,6.603446,8.4504795]},"faces":{"east":{"uv":[9.875,4.125,8.875,5.25],"rotation":0,"texture":"#0","tintindex":0},"south":{"uv":[9.875,2.875,8.875,4.0],"rotation":0,"texture":"#0","tintindex":0},"north":{"uv":[9.25,6.75,8.25,7.875],"rotation":0,"texture":"#0","tintindex":0},"west":{"uv":[9.25,8.0,8.25,9.125],"rotation":0,"texture":"#0","tintindex":0},"up":{"uv":[7.0,10.125,8.0,9.125],"rotation":0,"texture":"#0","tintindex":0},"down":{"uv":[9.25,0.0,10.25,1.0],"rotation":0,"texture":"#0","tintindex":0}}}],"display":{"head":{"translation":[0.0,-6.4,0.0],"scale":[4.0,4.0,4.0]}}}