{"textures":{"0":"modelengine:entity/bear_black"},"elements":[{"from":[5.74,9.2455225,6.0787845],"to":[10.26,13.119808,9.307356],"rotation":{"angle":22.5,"axis":"x","origin":[1.8979998,10.326267,-4.004113]},"faces":{"east":{"uv":[9.625,10.25,9.0,11.0],"rotation":0,"texture":"#0","tintindex":0},"south":{"uv":[2.875,10.25,2.0,11.0],"rotation":0,"texture":"#0","tintindex":0},"north":{"uv":[2.875,10.25,2.0,11.0],"rotation":0,"texture":"#0","tintindex":0},"west":{"uv":[9.625,10.25,9.0,11.0],"rotation":0,"texture":"#0","tintindex":0},"up":{"uv":[7.125,6.0,8.0,5.375],"rotation":0,"texture":"#0","tintindex":0},"down":{"uv":[8.0,10.25,8.875,10.875],"rotation":0,"texture":"#0","tintindex":0}}}],"display":{"head":{"translation":[0.0,-6.4,0.0],"scale":[4.0,4.0,4.0]}}}