{"textures":{"0":"modelengine:entity/snow_flakes_particles"},"elements":[{"from":[6.285714,6.285714,6.285714],"to":[9.714286,9.714286,9.714286],"rotation":{"angle":0.0,"axis":"y","origin":[8.0,8.0,8.0]},"faces":{"east":{"uv":[26.0,26.0,32.0,32.0],"rotation":0,"texture":"#0","tintindex":0},"south":{"uv":[26.0,26.0,32.0,32.0],"rotation":0,"texture":"#0","tintindex":0},"north":{"uv":[26.0,26.0,32.0,32.0],"rotation":0,"texture":"#0","tintindex":0},"west":{"uv":[26.0,26.0,32.0,32.0],"rotation":0,"texture":"#0","tintindex":0},"up":{"uv":[26.0,26.0,32.0,32.0],"rotation":0,"texture":"#0","tintindex":0},"down":{"uv":[26.0,26.0,32.0,32.0],"rotation":0,"texture":"#0","tintindex":0}}}],"display":{"head":{"translation":[0.0,-6.4,0.0],"scale":[4.0,4.0,4.0]}}}