{"textures":{"0":"modelengine:entity/snow_flakes_particles"},"elements":[{"from":[10.857143,2.8571424,2.8571424],"to":[10.857143,9.142858,9.142858],"rotation":{"angle":22.5,"axis":"y","origin":[10.285714,8.857143,7.142857]},"faces":{"east":{"uv":[0.0,0.0,11.0,11.0],"rotation":0,"texture":"#0","tintindex":0},"south":{"uv":[0.0,0.0,0.0,11.0],"rotation":0,"texture":"#0","tintindex":0},"north":{"uv":[0.0,0.0,0.0,11.0],"rotation":0,"texture":"#0","tintindex":0},"west":{"uv":[0.0,0.0,11.0,11.0],"rotation":0,"texture":"#0","tintindex":0},"up":{"uv":[0.0,0.0,0.0,11.0],"rotation":0,"texture":"#0","tintindex":0},"down":{"uv":[0.0,0.0,0.0,11.0],"rotation":0,"texture":"#0","tintindex":0}}},{"from":[3.4285712,10.857143,4.5714283],"to":[9.714286,10.857143,10.857143],"rotation":{"angle":22.5,"axis":"z","origin":[6.5714283,10.857143,7.714286]},"faces":{"up":{"uv":[0.0,0.0,11.0,11.0],"rotation":0,"texture":"#0","tintindex":0},"down":{"uv":[0.0,0.0,11.0,11.0],"rotation":0,"texture":"#0","tintindex":0}}},{"from":[12.0,2.8571424,8.0],"to":[12.0,9.142858,14.285715],"rotation":{"angle":-45.0,"axis":"y","origin":[12.571428,6.0,11.142858]},"faces":{"east":{"uv":[11.0,11.0,22.0,22.0],"rotation":0,"texture":"#0","tintindex":0},"south":{"uv":[0.0,0.0,0.0,11.0],"rotation":0,"texture":"#0","tintindex":0},"north":{"uv":[0.0,0.0,0.0,11.0],"rotation":0,"texture":"#0","tintindex":0},"west":{"uv":[11.0,11.0,22.0,22.0],"rotation":0,"texture":"#0","tintindex":0},"up":{"uv":[0.0,0.0,0.0,11.0],"rotation":0,"texture":"#0","tintindex":0},"down":{"uv":[0.0,0.0,0.0,11.0],"rotation":0,"texture":"#0","tintindex":0}}},{"from":[15.428572,8.0,5.142857],"to":[15.428572,14.285715,11.428572],"rotation":{"angle":45.0,"axis":"z","origin":[12.571428,6.0,11.142858]},"faces":{"east":{"uv":[0.0,11.0,11.0,22.0],"rotation":0,"texture":"#0","tintindex":0},"south":{"uv":[0.0,0.0,0.0,11.0],"rotation":0,"texture":"#0","tintindex":0},"north":{"uv":[0.0,0.0,0.0,11.0],"rotation":0,"texture":"#0","tintindex":0},"west":{"uv":[0.0,11.0,11.0,22.0],"rotation":0,"texture":"#0","tintindex":0},"up":{"uv":[0.0,0.0,0.0,11.0],"rotation":0,"texture":"#0","tintindex":0},"down":{"uv":[0.0,0.0,0.0,11.0],"rotation":0,"texture":"#0","tintindex":0}}},{"from":[7.428571,2.8571424,8.571428],"to":[7.428571,9.142858,14.857143],"rotation":{"angle":45.0,"axis":"y","origin":[7.428571,6.0,11.714286]},"faces":{"east":{"uv":[0.0,11.0,11.0,22.0],"rotation":0,"texture":"#0","tintindex":0},"south":{"uv":[0.0,0.0,0.0,11.0],"rotation":0,"texture":"#0","tintindex":0},"north":{"uv":[0.0,0.0,0.0,11.0],"rotation":0,"texture":"#0","tintindex":0},"west":{"uv":[0.0,11.0,11.0,22.0],"rotation":0,"texture":"#0","tintindex":0},"up":{"uv":[0.0,0.0,0.0,11.0],"rotation":0,"texture":"#0","tintindex":0},"down":{"uv":[0.0,0.0,0.0,11.0],"rotation":0,"texture":"#0","tintindex":0}}},{"from":[4.0,2.8571424,4.0],"to":[4.0,9.142858,10.285714],"rotation":{"angle":22.5,"axis":"z","origin":[4.5714283,6.0,7.142857]},"faces":{"east":{"uv":[11.0,0.0,22.0,11.0],"rotation":0,"texture":"#0","tintindex":0},"south":{"uv":[0.0,0.0,0.0,11.0],"rotation":0,"texture":"#0","tintindex":0},"north":{"uv":[0.0,0.0,0.0,11.0],"rotation":0,"texture":"#0","tintindex":0},"west":{"uv":[11.0,0.0,22.0,11.0],"rotation":0,"texture":"#0","tintindex":0},"up":{"uv":[0.0,0.0,0.0,11.0],"rotation":0,"texture":"#0","tintindex":0},"down":{"uv":[0.0,0.0,0.0,11.0],"rotation":0,"texture":"#0","tintindex":0}}}],"display":{"head":{"translation":[0.0,-6.4,0.0],"scale":[4.0,4.0,4.0]}}}