{"textures":{"0":"modelengine:entity/barreleye_fish"},"elements":[{"from":[5.142857,6.285714,8.0],"to":[8.0,8.571428,8.0],"rotation":{"angle":0.0,"axis":"y","origin":[9.714286,7.428571,8.285714]},"faces":{"east":{"uv":[0.025,0.025,0.025,0.975],"rotation":0,"texture":"#0","tintindex":0},"south":{"uv":[7.725,6.525,6.525,7.475],"rotation":0,"texture":"#0","tintindex":0},"north":{"uv":[6.525,6.525,7.725,7.475],"rotation":0,"texture":"#0","tintindex":0},"west":{"uv":[0.025,0.025,0.025,0.975],"rotation":0,"texture":"#0","tintindex":0},"up":{"uv":[1.225,0.025,0.025,0.025],"rotation":0,"texture":"#0","tintindex":0},"down":{"uv":[1.225,0.025,0.025,0.025],"rotation":0,"texture":"#0","tintindex":0}}},{"from":[7.428571,7.428571,7.714286],"to":[8.0,8.571428,8.285714],"rotation":{"angle":0.0,"axis":"y","origin":[9.714286,7.428571,8.285714]},"faces":{"east":{"uv":[4.025,5.025,4.225,5.475],"rotation":0,"texture":"#0","tintindex":0},"south":{"uv":[2.775,6.525,2.975,6.975],"rotation":0,"texture":"#0","tintindex":0},"north":{"uv":[4.025,4.525,4.225,4.975],"rotation":0,"texture":"#0","tintindex":0},"west":{"uv":[6.525,5.025,6.725,5.475],"rotation":0,"texture":"#0","tintindex":0},"up":{"uv":[5.725,2.975,5.525,2.775],"rotation":0,"texture":"#0","tintindex":0},"down":{"uv":[1.475,6.775,1.275,6.975],"rotation":0,"texture":"#0","tintindex":0}}}],"display":{"head":{"translation":[0.0,-6.4,0.0],"scale":[4.0,4.0,4.0]}}}