{"textures":{"0":"modelengine:entity/dragon_sentinel_dragonform"},"elements":[{"from":[-2.9214458,-8.0,-16.0],"to":[8.507126,8.0,-3.4285717],"rotation":{"angle":22.5,"axis":"y","origin":[8.507126,1.1428566,-9.714285]},"faces":{"east":{"uv":[7.125,4.3125,7.8125,5.1875],"rotation":0,"texture":"#0","tintindex":0},"south":{"uv":[2.875,7.65625,3.5,8.53125],"rotation":0,"texture":"#0","tintindex":0},"north":{"uv":[2.25,7.65625,2.875,8.53125],"rotation":0,"texture":"#0","tintindex":0},"west":{"uv":[4.15625,7.21875,4.84375,8.09375],"rotation":0,"texture":"#0","tintindex":0},"up":{"uv":[8.8125,9.0,8.1875,8.3125],"rotation":0,"texture":"#0","tintindex":0},"down":{"uv":[6.6875,8.375,6.0625,9.0625],"rotation":0,"texture":"#0","tintindex":0}}},{"from":[8.76684,-8.0,-15.343971],"to":[20.195412,8.0,-2.772543],"rotation":{"angle":-22.5,"axis":"y","origin":[10.350634,1.1428566,-9.714285]},"faces":{"east":{"uv":[4.84375,7.21875,5.53125,8.09375],"rotation":0,"texture":"#0","tintindex":0},"south":{"uv":[6.96875,7.6875,7.59375,8.5625],"rotation":0,"texture":"#0","tintindex":0},"north":{"uv":[3.5,7.65625,4.125,8.53125],"rotation":0,"texture":"#0","tintindex":0},"west":{"uv":[5.53125,7.21875,6.21875,8.09375],"rotation":0,"texture":"#0","tintindex":0},"up":{"uv":[0.625,9.09375,0.0,8.40625],"rotation":0,"texture":"#0","tintindex":0},"down":{"uv":[1.25,8.40625,0.625,9.09375],"rotation":0,"texture":"#0","tintindex":0}}},{"from":[-2.285715,-8.0,-11.011566],"to":[19.428572,8.0,4.4170065],"rotation":{"angle":0.0,"axis":"y","origin":[12.571428,1.1428566,-4.725851]},"faces":{"east":{"uv":[7.125,1.0625,7.96875,1.9375],"rotation":0,"texture":"#0","tintindex":0},"south":{"uv":[5.5625,5.5,6.75,6.375],"rotation":0,"texture":"#0","tintindex":0},"north":{"uv":[4.375,5.5,5.5625,6.375],"rotation":0,"texture":"#0","tintindex":0},"west":{"uv":[7.125,1.9375,7.96875,2.8125],"rotation":0,"texture":"#0","tintindex":0},"up":{"uv":[5.5625,7.21875,4.375,6.375],"rotation":0,"texture":"#0","tintindex":0},"down":{"uv":[6.75,6.375,5.5625,7.21875],"rotation":0,"texture":"#0","tintindex":0}}},{"from":[6.1016874,-8.0,-15.52153],"to":[11.073116,8.0,-8.092957],"rotation":{"angle":0.0,"axis":"y","origin":[12.95883,1.1428566,-4.664385]},"faces":{"east":{"uv":[8.90625,5.03125,9.3125,5.90625],"rotation":0,"texture":"#0","tintindex":0},"south":{"uv":[8.90625,10.34375,9.1875,11.21875],"rotation":0,"texture":"#0","tintindex":0},"north":{"uv":[8.625,10.34375,8.90625,11.21875],"rotation":0,"texture":"#0","tintindex":0},"west":{"uv":[8.90625,5.90625,9.3125,6.78125],"rotation":0,"texture":"#0","tintindex":0},"up":{"uv":[4.78125,12.0625,4.5,11.65625],"rotation":0,"texture":"#0","tintindex":0},"down":{"uv":[11.9375,5.46875,11.65625,5.875],"rotation":0,"texture":"#0","tintindex":0}}},{"from":[0.0,-5.714287,1.559864],"to":[17.142857,8.0,9.559864],"rotation":{"angle":0.0,"axis":"y","origin":[12.571428,1.1428566,-4.725851]},"faces":{"east":{"uv":[0.0,9.09375,0.4375,9.84375],"rotation":0,"texture":"#0","tintindex":0},"south":{"uv":[7.125,3.5625,8.0625,4.3125],"rotation":0,"texture":"#0","tintindex":0},"north":{"uv":[7.125,2.8125,8.0625,3.5625],"rotation":0,"texture":"#0","tintindex":0},"west":{"uv":[0.4375,9.09375,0.875,9.84375],"rotation":0,"texture":"#0","tintindex":0},"up":{"uv":[2.1875,8.84375,1.25,8.40625],"rotation":0,"texture":"#0","tintindex":0},"down":{"uv":[9.34375,4.25,8.40625,4.6875],"rotation":0,"texture":"#0","tintindex":0}}},{"from":[7.428571,6.857143,7.845578],"to":[10.857143,13.142858,12.417007],"rotation":{"angle":45.0,"axis":"x","origin":[9.142858,11.142858,7.27415]},"faces":{"east":{"uv":[0.375,11.96875,0.625,12.3125],"rotation":0,"texture":"#0","tintindex":0},"south":{"uv":[11.65625,12.0,11.84375,12.34375],"rotation":0,"texture":"#0","tintindex":0},"north":{"uv":[11.46875,12.0,11.65625,12.34375],"rotation":0,"texture":"#0","tintindex":0},"west":{"uv":[0.625,11.96875,0.875,12.3125],"rotation":0,"texture":"#0","tintindex":0},"up":{"uv":[5.90625,12.53125,5.71875,12.28125],"rotation":0,"texture":"#0","tintindex":0},"down":{"uv":[6.09375,12.28125,5.90625,12.53125],"rotation":0,"texture":"#0","tintindex":0}}},{"from":[-6.8571434,8.114285,-15.011566],"to":[8.571428,8.114285,4.4170065],"rotation":{"angle":0.0,"axis":"y","origin":[12.571428,1.1428566,-4.725851]},"faces":{"east":{"uv":[0.0,0.0,1.0625,0.0],"rotation":0,"texture":"#0","tintindex":0},"south":{"uv":[0.0,0.0,0.84375,0.0],"rotation":0,"texture":"#0","tintindex":0},"north":{"uv":[0.0,0.0,0.84375,0.0],"rotation":0,"texture":"#0","tintindex":0},"west":{"uv":[0.0,0.0,1.0625,0.0],"rotation":0,"texture":"#0","tintindex":0},"up":{"uv":[0.84375,7.65625,0.0,6.59375],"rotation":0,"texture":"#0","tintindex":0},"down":{"uv":[1.6875,6.59375,0.84375,7.65625],"rotation":0,"texture":"#0","tintindex":0}}},{"from":[8.572045,8.114285,-15.011566],"to":[24.000618,8.114285,4.4170065],"rotation":{"angle":0.0,"axis":"y","origin":[6.2863307,1.1428566,-4.725851]},"faces":{"east":{"uv":[0.0,0.0,1.0625,0.0],"rotation":0,"texture":"#0","tintindex":0},"south":{"uv":[0.0,0.0,0.84375,0.0],"rotation":0,"texture":"#0","tintindex":0},"north":{"uv":[0.0,0.0,0.84375,0.0],"rotation":0,"texture":"#0","tintindex":0},"west":{"uv":[0.0,0.0,1.0625,0.0],"rotation":0,"texture":"#0","tintindex":0},"up":{"uv":[2.53125,7.65625,1.6875,6.59375],"rotation":0,"texture":"#0","tintindex":0},"down":{"uv":[3.375,6.59375,2.53125,7.65625],"rotation":0,"texture":"#0","tintindex":0}}},{"from":[8.572045,-8.0472355,-15.011566],"to":[22.857761,-8.0472355,4.4170065],"rotation":{"angle":0.0,"axis":"y","origin":[6.2863307,-68.73295,-4.725851]},"faces":{"east":{"uv":[0.0,0.0,1.0625,0.0],"rotation":0,"texture":"#0","tintindex":0},"south":{"uv":[0.0,0.0,0.78125,0.0],"rotation":0,"texture":"#0","tintindex":0},"north":{"uv":[0.0,0.0,0.78125,0.0],"rotation":0,"texture":"#0","tintindex":0},"west":{"uv":[0.0,0.0,1.0625,0.0],"rotation":0,"texture":"#0","tintindex":0},"up":{"uv":[4.15625,7.65625,3.375,6.59375],"rotation":0,"texture":"#0","tintindex":0},"down":{"uv":[7.53125,5.5,6.75,6.5625],"rotation":0,"texture":"#0","tintindex":0}}},{"from":[-5.714287,-8.0472355,-15.011566],"to":[8.571428,-8.0472355,4.4170065],"rotation":{"angle":0.0,"axis":"y","origin":[12.571428,-68.73295,-4.725851]},"faces":{"east":{"uv":[0.0,0.0,1.0625,0.0],"rotation":0,"texture":"#0","tintindex":0},"south":{"uv":[0.0,0.0,0.78125,0.0],"rotation":0,"texture":"#0","tintindex":0},"north":{"uv":[0.0,0.0,0.78125,0.0],"rotation":0,"texture":"#0","tintindex":0},"west":{"uv":[0.0,0.0,1.0625,0.0],"rotation":0,"texture":"#0","tintindex":0},"up":{"uv":[7.53125,7.625,6.75,6.5625],"rotation":0,"texture":"#0","tintindex":0},"down":{"uv":[7.90625,0.0,7.125,1.0625],"rotation":0,"texture":"#0","tintindex":0}}},{"from":[-2.8571434,10.082416,1.1686058],"to":[2.8571424,10.082416,4.597177],"rotation":{"angle":-22.5,"axis":"x","origin":[-2.285715,10.082416,6.3114634]},"faces":{"east":{"uv":[0.0,0.0,0.1875,0.0],"rotation":0,"texture":"#0","tintindex":0},"south":{"uv":[0.0,0.0,0.3125,0.0],"rotation":0,"texture":"#0","tintindex":0},"north":{"uv":[0.0,0.0,0.3125,0.0],"rotation":0,"texture":"#0","tintindex":0},"west":{"uv":[0.0,0.0,0.1875,0.0],"rotation":0,"texture":"#0","tintindex":0},"up":{"uv":[12.375,9.6875,12.0625,9.5],"rotation":0,"texture":"#0","tintindex":0},"down":{"uv":[12.375,9.6875,12.0625,9.875],"rotation":0,"texture":"#0","tintindex":0}}}],"display":{"head":{"translation":[0.0,-6.4,-6.239456],"scale":[4.0,4.0,4.0]}}}