{"textures":{"0":"modelengine:entity/dragon_sentinel_dragonform"},"elements":[{"from":[5.714286,1.7142854,-11.428572],"to":[10.857143,8.0,8.0],"rotation":{"angle":0.0,"axis":"y","origin":[5.142857,-2.8571434,4.5714283]},"faces":{"east":{"uv":[8.8125,8.84375,9.875,9.1875],"rotation":0,"texture":"#0","tintindex":0},"south":{"uv":[2.8125,11.78125,3.09375,12.125],"rotation":0,"texture":"#0","tintindex":0},"north":{"uv":[9.3125,6.4375,9.59375,6.78125],"rotation":0,"texture":"#0","tintindex":0},"west":{"uv":[8.875,7.5,9.9375,7.84375],"rotation":0,"texture":"#0","tintindex":0},"up":{"uv":[7.875,10.5,7.59375,9.4375],"rotation":0,"texture":"#0","tintindex":0},"down":{"uv":[4.0,9.46875,3.71875,10.53125],"rotation":0,"texture":"#0","tintindex":0}}}],"display":{"head":{"translation":[0.0,-6.4,0.0],"scale":[4.0,4.0,4.0]}}}