{"textures":{"0":"modelengine:entity/dragon_sentinel_dragonform"},"elements":[{"from":[8.010386,-13.828993,-13.714287],"to":[8.010386,20.456726,29.714287],"rotation":{"angle":0.0,"axis":"y","origin":[7.724672,-7.5432777,11.714286]},"faces":{"east":{"uv":[2.375,1.875,0.0,3.75],"rotation":0,"texture":"#0","tintindex":0},"south":{"uv":[0.0,0.0,0.0,1.875],"rotation":0,"texture":"#0","tintindex":0},"north":{"uv":[0.0,0.0,0.0,1.875],"rotation":0,"texture":"#0","tintindex":0},"west":{"uv":[0.0,1.875,2.375,3.75],"rotation":0,"texture":"#0","tintindex":0},"up":{"uv":[0.0,2.375,0.0,0.0],"rotation":0,"texture":"#0","tintindex":0},"down":{"uv":[0.0,0.0,0.0,2.375],"rotation":0,"texture":"#0","tintindex":0}}},{"from":[5.714286,20.0,-13.714287],"to":[5.714286,32.0,29.714287],"rotation":{"angle":22.5,"axis":"z","origin":[5.714286,26.0,8.0]},"faces":{"east":{"uv":[7.125,3.53125,4.75,4.1875],"rotation":0,"texture":"#0","tintindex":0},"south":{"uv":[0.0,0.0,0.0,0.65625],"rotation":0,"texture":"#0","tintindex":0},"north":{"uv":[0.0,0.0,0.0,0.65625],"rotation":0,"texture":"#0","tintindex":0},"west":{"uv":[4.75,3.53125,7.125,4.1875],"rotation":0,"texture":"#0","tintindex":0},"up":{"uv":[0.0,2.375,0.0,0.0],"rotation":0,"texture":"#0","tintindex":0},"down":{"uv":[0.0,0.0,0.0,2.375],"rotation":0,"texture":"#0","tintindex":0}}}],"display":{"head":{"translation":[0.0,81.02857,0.0],"scale":[4.0,4.0,4.0]}}}