{"textures":{"0":"modelengine:entity/dragon_sentinel_dragonform"},"elements":[{"from":[-4.463235,0.85714245,17.51523],"to":[-0.4632349,3.7142854,19.229515],"rotation":{"angle":45.0,"axis":"y","origin":[-2.463234,2.2857141,18.372372]},"faces":{"east":{"uv":[8.53125,10.96875,8.625,11.125],"rotation":0,"texture":"#0","tintindex":0},"south":{"uv":[10.6875,10.28125,10.90625,10.4375],"rotation":0,"texture":"#0","tintindex":0},"north":{"uv":[9.875,0.375,10.09375,0.53125],"rotation":0,"texture":"#0","tintindex":0},"west":{"uv":[11.4375,7.0625,11.53125,7.21875],"rotation":0,"texture":"#0","tintindex":0},"up":{"uv":[8.59375,9.59375,8.375,9.5],"rotation":0,"texture":"#0","tintindex":0},"down":{"uv":[10.21875,3.625,10.0,3.71875],"rotation":0,"texture":"#0","tintindex":0}}},{"from":[-1.6551123,0.0,13.494925],"to":[5.20203,4.5714283,18.066353],"rotation":{"angle":0.0,"axis":"y","origin":[10.916316,0.5714283,15.780638]},"faces":{"east":{"uv":[11.84375,12.0,12.09375,12.25],"rotation":0,"texture":"#0","tintindex":0},"south":{"uv":[3.09375,11.84375,3.46875,12.09375],"rotation":0,"texture":"#0","tintindex":0},"north":{"uv":[3.75,8.53125,4.125,8.78125],"rotation":0,"texture":"#0","tintindex":0},"west":{"uv":[12.03125,0.0,12.28125,0.25],"rotation":0,"texture":"#0","tintindex":0},"up":{"uv":[6.0,12.09375,5.625,11.84375],"rotation":0,"texture":"#0","tintindex":0},"down":{"uv":[6.6875,11.84375,6.3125,12.09375],"rotation":0,"texture":"#0","tintindex":0}}},{"from":[5.20203,0.0,12.923495],"to":[11.487745,7.428571,18.637781],"rotation":{"angle":0.0,"axis":"y","origin":[10.916316,9.142858,15.780638]},"faces":{"east":{"uv":[2.21875,11.4375,2.53125,11.84375],"rotation":0,"texture":"#0","tintindex":0},"south":{"uv":[8.125,11.4375,8.46875,11.84375],"rotation":0,"texture":"#0","tintindex":0},"north":{"uv":[5.75,11.4375,6.09375,11.84375],"rotation":0,"texture":"#0","tintindex":0},"west":{"uv":[8.46875,11.53125,8.78125,11.9375],"rotation":0,"texture":"#0","tintindex":0},"up":{"uv":[4.71875,5.5,4.375,5.1875],"rotation":0,"texture":"#0","tintindex":0},"down":{"uv":[7.78125,11.6875,7.4375,12.0],"rotation":0,"texture":"#0","tintindex":0}}},{"from":[5.20203,7.428571,4.9234953],"to":[12.059174,13.714286,18.637781],"rotation":{"angle":0.0,"axis":"y","origin":[10.916316,9.142858,15.780638]},"faces":{"east":{"uv":[2.9375,10.25,3.6875,10.59375],"rotation":0,"texture":"#0","tintindex":0},"south":{"uv":[11.5,0.25,11.875,0.59375],"rotation":0,"texture":"#0","tintindex":0},"north":{"uv":[10.4375,11.4375,10.8125,11.78125],"rotation":0,"texture":"#0","tintindex":0},"west":{"uv":[10.3125,3.625,11.0625,3.96875],"rotation":0,"texture":"#0","tintindex":0},"up":{"uv":[9.96875,7.09375,9.59375,6.34375],"rotation":0,"texture":"#0","tintindex":0},"down":{"uv":[8.75,9.59375,8.375,10.34375],"rotation":0,"texture":"#0","tintindex":0}}}],"display":{"head":{"translation":[0.0,-6.4,0.0],"scale":[4.0,4.0,4.0]}}}