{"textures":{"0":"modelengine:entity/dragon_sentinel_dragonform"},"elements":[{"from":[4.5714283,-2.8571434,8.0],"to":[10.285714,8.0,14.857143],"rotation":{"angle":-45.0,"axis":"x","origin":[8.0,8.0,8.0]},"faces":{"east":{"uv":[7.46875,10.5,7.84375,11.09375],"rotation":0,"texture":"#0","tintindex":0},"south":{"uv":[11.0625,0.75,11.375,1.34375],"rotation":0,"texture":"#0","tintindex":0},"north":{"uv":[6.15625,10.96875,6.46875,11.5625],"rotation":0,"texture":"#0","tintindex":0},"west":{"uv":[3.21875,10.59375,3.59375,11.1875],"rotation":0,"texture":"#0","tintindex":0},"up":{"uv":[11.9375,3.0625,11.625,2.6875],"rotation":0,"texture":"#0","tintindex":0},"down":{"uv":[5.625,11.625,5.3125,12.0],"rotation":0,"texture":"#0","tintindex":0}}},{"from":[5.142857,-7.4285717,0.0],"to":[9.714286,-2.8571434,14.857143],"rotation":{"angle":-45.0,"axis":"x","origin":[8.0,8.0,8.0]},"faces":{"east":{"uv":[10.75,8.03125,11.5625,8.28125],"rotation":0,"texture":"#0","tintindex":0},"south":{"uv":[4.5,12.0625,4.75,12.3125],"rotation":0,"texture":"#0","tintindex":0},"north":{"uv":[2.375,12.0625,2.625,12.3125],"rotation":0,"texture":"#0","tintindex":0},"west":{"uv":[10.78125,1.53125,11.59375,1.78125],"rotation":0,"texture":"#0","tintindex":0},"up":{"uv":[7.46875,11.53125,7.21875,10.71875],"rotation":0,"texture":"#0","tintindex":0},"down":{"uv":[5.5,10.8125,5.25,11.625],"rotation":0,"texture":"#0","tintindex":0}}}],"display":{"head":{"translation":[0.0,-6.4,0.0],"scale":[4.0,4.0,4.0]}}}