{"textures":{"0":"modelengine:entity/dragon_sentinel_dragonform"},"elements":[{"from":[8.0,6.7001286,4.369117],"to":[10.857143,9.557272,11.22626],"rotation":{"angle":0.0,"axis":"y","origin":[9.428572,8.1287,8.369117]},"faces":{"east":{"uv":[11.9375,2.90625,12.3125,3.0625],"rotation":0,"texture":"#0","tintindex":0},"south":{"uv":[11.28125,9.9375,11.4375,10.09375],"rotation":0,"texture":"#0","tintindex":0},"north":{"uv":[10.59375,0.75,10.75,0.90625],"rotation":0,"texture":"#0","tintindex":0},"west":{"uv":[3.09375,12.09375,3.46875,12.25],"rotation":0,"texture":"#0","tintindex":0},"up":{"uv":[8.1875,8.875,8.03125,8.5],"rotation":0,"texture":"#0","tintindex":0},"down":{"uv":[10.4375,11.84375,10.28125,12.21875],"rotation":0,"texture":"#0","tintindex":0}}},{"from":[7.5626473,9.470277,4.369117],"to":[7.5626473,11.755991,11.22626],"rotation":{"angle":22.5,"axis":"z","origin":[7.5626473,10.613134,7.7976885]},"faces":{"east":{"uv":[12.125,7.375,12.5,7.5],"rotation":0,"texture":"#0","tintindex":0},"south":{"uv":[0.0,0.0,0.0,0.125],"rotation":0,"texture":"#0","tintindex":0},"north":{"uv":[0.0,0.0,0.0,0.125],"rotation":0,"texture":"#0","tintindex":0},"west":{"uv":[12.1875,8.84375,12.5625,8.96875],"rotation":0,"texture":"#0","tintindex":0},"up":{"uv":[0.0,0.375,0.0,0.0],"rotation":0,"texture":"#0","tintindex":0},"down":{"uv":[0.0,0.0,0.0,0.375],"rotation":0,"texture":"#0","tintindex":0}}}],"display":{"head":{"translation":[0.0,-6.4,0.0],"scale":[4.0,4.0,4.0]}}}