{"textures":{"0":"modelengine:entity/dragon_sentinel_dragonform"},"elements":[{"from":[4.0,5.541128,-0.94531155],"to":[12.0,9.541128,8.768975],"rotation":{"angle":0.0,"axis":"y","origin":[4.5714283,-0.17315769,4.1975465]},"faces":{"east":{"uv":[11.65625,0.59375,12.1875,0.8125],"rotation":0,"texture":"#0","tintindex":0},"south":{"uv":[11.8125,1.625,12.25,1.84375],"rotation":0,"texture":"#0","tintindex":0},"north":{"uv":[11.8125,1.40625,12.25,1.625],"rotation":0,"texture":"#0","tintindex":0},"west":{"uv":[11.65625,0.8125,12.1875,1.03125],"rotation":0,"texture":"#0","tintindex":0},"up":{"uv":[10.0625,10.96875,9.625,10.4375],"rotation":0,"texture":"#0","tintindex":0},"down":{"uv":[10.5,10.4375,10.0625,10.96875],"rotation":0,"texture":"#0","tintindex":0}}}],"display":{"head":{"translation":[0.0,-6.4,0.0],"scale":[4.0,4.0,4.0]}}}