{"textures":{"0":"modelengine:entity/dragon_sentinel_dragonform"},"elements":[{"from":[5.714286,5.714284,-11.392845],"to":[9.714286,9.714285,10.321442],"rotation":{"angle":0.0,"axis":"y","origin":[7.714286,7.714284,-3.9642735]},"faces":{"east":{"uv":[10.03125,2.5,11.21875,2.71875],"rotation":0,"texture":"#0","tintindex":0},"south":{"uv":[12.1875,9.875,12.40625,10.09375],"rotation":0,"texture":"#0","tintindex":0},"north":{"uv":[12.1875,8.625,12.40625,8.84375],"rotation":0,"texture":"#0","tintindex":0},"west":{"uv":[1.75,10.21875,2.9375,10.4375],"rotation":0,"texture":"#0","tintindex":0},"up":{"uv":[0.21875,11.40625,0.0,10.21875],"rotation":0,"texture":"#0","tintindex":0},"down":{"uv":[0.4375,10.21875,0.21875,11.40625],"rotation":0,"texture":"#0","tintindex":0}}},{"from":[5.714286,6.218666,-12.857143],"to":[9.714286,16.504381,-8.857143],"rotation":{"angle":-22.5,"axis":"x","origin":[7.714286,9.647238,-10.857143]},"faces":{"east":{"uv":[6.09375,11.5625,6.3125,12.125],"rotation":0,"texture":"#0","tintindex":0},"south":{"uv":[11.5625,7.6875,11.78125,8.25],"rotation":0,"texture":"#0","tintindex":0},"north":{"uv":[1.375,11.5625,1.59375,12.125],"rotation":0,"texture":"#0","tintindex":0},"west":{"uv":[7.78125,11.5625,8.0,12.125],"rotation":0,"texture":"#0","tintindex":0},"up":{"uv":[12.40625,10.71875,12.1875,10.5],"rotation":0,"texture":"#0","tintindex":0},"down":{"uv":[1.8125,12.21875,1.59375,12.4375],"rotation":0,"texture":"#0","tintindex":0}}},{"from":[8.0,5.714284,-13.10713],"to":[8.0,32.0,30.321444],"rotation":{"angle":0.0,"axis":"y","origin":[7.714286,21.142857,12.321442]},"faces":{"east":{"uv":[4.75,3.75,2.375,5.1875],"rotation":0,"texture":"#0","tintindex":0},"south":{"uv":[0.0,0.0,0.0,1.4375],"rotation":0,"texture":"#0","tintindex":0},"north":{"uv":[0.0,0.0,0.0,1.4375],"rotation":0,"texture":"#0","tintindex":0},"west":{"uv":[2.375,3.75,4.75,5.1875],"rotation":0,"texture":"#0","tintindex":0},"up":{"uv":[0.0,2.375,0.0,0.0],"rotation":0,"texture":"#0","tintindex":0},"down":{"uv":[0.0,0.0,0.0,2.375],"rotation":0,"texture":"#0","tintindex":0}}},{"from":[6.857143,14.790095,-12.285715],"to":[13.142858,18.218666,-9.428572],"rotation":{"angle":-22.5,"axis":"x","origin":[7.714286,9.647238,-10.857143]},"faces":{"east":{"uv":[1.09375,9.09375,1.25,9.28125],"rotation":0,"texture":"#0","tintindex":0},"south":{"uv":[10.0,8.59375,10.34375,8.78125],"rotation":0,"texture":"#0","tintindex":0},"north":{"uv":[9.96875,6.90625,10.3125,7.09375],"rotation":0,"texture":"#0","tintindex":0},"west":{"uv":[9.1875,4.0625,9.34375,4.25],"rotation":0,"texture":"#0","tintindex":0},"up":{"uv":[9.59375,1.5625,9.25,1.40625],"rotation":0,"texture":"#0","tintindex":0},"down":{"uv":[12.46875,5.625,12.125,5.78125],"rotation":0,"texture":"#0","tintindex":0}}}],"display":{"head":{"translation":[0.0,3.0110488,0.0],"scale":[4.0,4.0,4.0]}}}