{"textures":{"0":"modelengine:entity/dragon_sentinel_dragonform"},"elements":[{"from":[6.285714,7.0504785,4.138254],"to":[9.714286,11.050479,8.138254],"rotation":{"angle":22.5,"axis":"x","origin":[8.0,9.050478,5.566826]},"faces":{"east":{"uv":[3.6875,12.15625,3.90625,12.375],"rotation":0,"texture":"#0","tintindex":0},"south":{"uv":[9.9375,12.3125,10.125,12.53125],"rotation":0,"texture":"#0","tintindex":0},"north":{"uv":[8.75,12.3125,8.9375,12.53125],"rotation":0,"texture":"#0","tintindex":0},"west":{"uv":[12.15625,6.65625,12.375,6.875],"rotation":0,"texture":"#0","tintindex":0},"up":{"uv":[10.3125,12.53125,10.125,12.3125],"rotation":0,"texture":"#0","tintindex":0},"down":{"uv":[11.28125,12.3125,11.09375,12.53125],"rotation":0,"texture":"#0","tintindex":0}}},{"from":[6.857143,7.0504785,2.4239683],"to":[9.142858,11.050479,5.85254],"rotation":{"angle":-22.5,"axis":"x","origin":[8.0,9.050478,5.566826]},"faces":{"east":{"uv":[12.3125,11.71875,12.5,11.9375],"rotation":0,"texture":"#0","tintindex":0},"south":{"uv":[5.09375,11.34375,5.21875,11.5625],"rotation":0,"texture":"#0","tintindex":0},"north":{"uv":[11.21875,10.9375,11.34375,11.15625],"rotation":0,"texture":"#0","tintindex":0},"west":{"uv":[12.3125,12.15625,12.5,12.375],"rotation":0,"texture":"#0","tintindex":0},"up":{"uv":[4.15625,11.78125,4.03125,11.59375],"rotation":0,"texture":"#0","tintindex":0},"down":{"uv":[2.8125,11.875,2.6875,12.0625],"rotation":0,"texture":"#0","tintindex":0}}},{"from":[8.0,6.0,1.1428566],"to":[8.0,10.0,3.4285712],"rotation":{"angle":0.0,"axis":"y","origin":[8.0,8.0,2.2857141]},"faces":{"east":{"uv":[1.59375,11.5625,1.71875,11.78125],"rotation":0,"texture":"#0","tintindex":0},"south":{"uv":[0.0,0.0,0.0,0.21875],"rotation":0,"texture":"#0","tintindex":0},"north":{"uv":[0.0,0.0,0.0,0.21875],"rotation":0,"texture":"#0","tintindex":0},"west":{"uv":[6.3125,11.5625,6.4375,11.78125],"rotation":0,"texture":"#0","tintindex":0},"up":{"uv":[0.0,0.125,0.0,0.0],"rotation":0,"texture":"#0","tintindex":0},"down":{"uv":[0.0,0.0,0.0,0.125],"rotation":0,"texture":"#0","tintindex":0}}}],"display":{"head":{"translation":[0.0,-6.4,0.0],"scale":[4.0,4.0,4.0]}}}