{"textures":{"0":"modelengine:entity/dragon_sentinel_dragonform"},"elements":[{"from":[0.5714283,1.7142854,-5.1428576],"to":[8.571428,13.142858,12.0],"rotation":{"angle":0.0,"axis":"y","origin":[8.0,10.285714,-4.5714293]},"faces":{"east":{"uv":[7.53125,5.1875,8.46875,5.8125],"rotation":0,"texture":"#0","tintindex":0},"south":{"uv":[9.96875,5.03125,10.40625,5.65625],"rotation":0,"texture":"#0","tintindex":0},"north":{"uv":[9.96875,4.40625,10.40625,5.03125],"rotation":0,"texture":"#0","tintindex":0},"west":{"uv":[7.53125,5.8125,8.46875,6.4375],"rotation":0,"texture":"#0","tintindex":0},"up":{"uv":[8.90625,5.625,8.46875,4.6875],"rotation":0,"texture":"#0","tintindex":0},"down":{"uv":[8.90625,5.625,8.46875,6.5625],"rotation":0,"texture":"#0","tintindex":0}}}],"display":{"head":{"translation":[0.0,-6.4,0.0],"scale":[4.0,4.0,4.0]}}}