{"textures":{"0":"modelengine:entity/dragon_sentinel_dragonform"},"elements":[{"from":[6.285714,7.0504785,4.138254],"to":[9.714286,11.050479,8.138254],"rotation":{"angle":22.5,"axis":"x","origin":[8.0,9.050478,5.566826]},"faces":{"east":{"uv":[12.15625,10.28125,12.375,10.5],"rotation":0,"texture":"#0","tintindex":0},"south":{"uv":[1.28125,12.34375,1.46875,12.5625],"rotation":0,"texture":"#0","tintindex":0},"north":{"uv":[12.34375,0.21875,12.53125,0.4375],"rotation":0,"texture":"#0","tintindex":0},"west":{"uv":[12.15625,10.84375,12.375,11.0625],"rotation":0,"texture":"#0","tintindex":0},"up":{"uv":[2.0,12.5625,1.8125,12.34375],"rotation":0,"texture":"#0","tintindex":0},"down":{"uv":[2.96875,12.34375,2.78125,12.5625],"rotation":0,"texture":"#0","tintindex":0}}},{"from":[6.857143,7.0504785,2.4239683],"to":[9.142858,11.050479,5.85254],"rotation":{"angle":-22.5,"axis":"x","origin":[8.0,9.050478,5.566826]},"faces":{"east":{"uv":[3.90625,12.34375,4.09375,12.5625],"rotation":0,"texture":"#0","tintindex":0},"south":{"uv":[5.625,11.625,5.75,11.84375],"rotation":0,"texture":"#0","tintindex":0},"north":{"uv":[8.0,11.5625,8.125,11.78125],"rotation":0,"texture":"#0","tintindex":0},"west":{"uv":[4.65625,12.34375,4.84375,12.5625],"rotation":0,"texture":"#0","tintindex":0},"up":{"uv":[4.03125,12.34375,3.90625,12.15625],"rotation":0,"texture":"#0","tintindex":0},"down":{"uv":[12.625,7.71875,12.5,7.90625],"rotation":0,"texture":"#0","tintindex":0}}},{"from":[8.0,6.0,1.1428566],"to":[8.0,10.0,3.4285712],"rotation":{"angle":0.0,"axis":"y","origin":[8.0,8.0,2.2857141]},"faces":{"east":{"uv":[1.59375,11.78125,1.71875,12.0],"rotation":0,"texture":"#0","tintindex":0},"south":{"uv":[0.0,0.0,0.0,0.21875],"rotation":0,"texture":"#0","tintindex":0},"north":{"uv":[0.0,0.0,0.0,0.21875],"rotation":0,"texture":"#0","tintindex":0},"west":{"uv":[3.46875,11.84375,3.59375,12.0625],"rotation":0,"texture":"#0","tintindex":0},"up":{"uv":[0.0,0.125,0.0,0.0],"rotation":0,"texture":"#0","tintindex":0},"down":{"uv":[0.0,0.0,0.0,0.125],"rotation":0,"texture":"#0","tintindex":0}}}],"display":{"head":{"translation":[0.0,-6.4,0.0],"scale":[4.0,4.0,4.0]}}}