{"textures":{"0":"modelengine:entity/dragon_sentinel_dragonform"},"elements":[{"from":[4.0,5.541128,-0.94531155],"to":[12.0,9.541128,8.768975],"rotation":{"angle":0.0,"axis":"y","origin":[4.5714283,-0.17315769,4.1975465]},"faces":{"east":{"uv":[11.625,6.71875,12.15625,6.9375],"rotation":0,"texture":"#0","tintindex":0},"south":{"uv":[11.71875,3.3125,12.15625,3.53125],"rotation":0,"texture":"#0","tintindex":0},"north":{"uv":[10.25,9.9375,10.6875,10.15625],"rotation":0,"texture":"#0","tintindex":0},"west":{"uv":[10.8125,11.625,11.34375,11.84375],"rotation":0,"texture":"#0","tintindex":0},"up":{"uv":[10.84375,9.65625,10.40625,9.125],"rotation":0,"texture":"#0","tintindex":0},"down":{"uv":[2.1875,10.4375,1.75,10.96875],"rotation":0,"texture":"#0","tintindex":0}}},{"from":[2.8571424,7.428571,4.0],"to":[12.571428,13.142858,8.571428],"rotation":{"angle":-45.0,"axis":"x","origin":[7.714286,9.428572,6.285714]},"faces":{"east":{"uv":[11.9375,9.96875,12.1875,10.28125],"rotation":0,"texture":"#0","tintindex":0},"south":{"uv":[11.09375,2.71875,11.625,3.03125],"rotation":0,"texture":"#0","tintindex":0},"north":{"uv":[11.0625,3.5625,11.59375,3.875],"rotation":0,"texture":"#0","tintindex":0},"west":{"uv":[0.875,11.96875,1.125,12.28125],"rotation":0,"texture":"#0","tintindex":0},"up":{"uv":[11.90625,1.40625,11.375,1.15625],"rotation":0,"texture":"#0","tintindex":0},"down":{"uv":[11.875,11.4375,11.34375,11.6875],"rotation":0,"texture":"#0","tintindex":0}}},{"from":[2.8571424,4.0,4.0],"to":[2.8571424,7.428571,8.571428],"rotation":{"angle":-45.0,"axis":"x","origin":[7.714286,9.428572,6.285714]},"faces":{"east":{"uv":[6.6875,8.375,6.9375,8.5625],"rotation":0,"texture":"#0","tintindex":0},"south":{"uv":[0.0,0.0,0.0,0.1875],"rotation":0,"texture":"#0","tintindex":0},"north":{"uv":[0.0,0.0,0.0,0.1875],"rotation":0,"texture":"#0","tintindex":0},"west":{"uv":[1.9375,8.84375,2.1875,9.03125],"rotation":0,"texture":"#0","tintindex":0},"up":{"uv":[0.0,0.25,0.0,0.0],"rotation":0,"texture":"#0","tintindex":0},"down":{"uv":[0.0,0.0,0.0,0.25],"rotation":0,"texture":"#0","tintindex":0}}},{"from":[12.570857,4.0,4.0],"to":[12.570857,7.428571,8.571428],"rotation":{"angle":-45.0,"axis":"x","origin":[7.713714,9.428572,6.285714]},"faces":{"east":{"uv":[12.21875,3.9375,12.46875,4.125],"rotation":0,"texture":"#0","tintindex":0},"south":{"uv":[0.0,0.0,0.0,0.1875],"rotation":0,"texture":"#0","tintindex":0},"north":{"uv":[0.0,0.0,0.0,0.1875],"rotation":0,"texture":"#0","tintindex":0},"west":{"uv":[12.28125,5.9375,12.53125,6.125],"rotation":0,"texture":"#0","tintindex":0},"up":{"uv":[0.0,0.25,0.0,0.0],"rotation":0,"texture":"#0","tintindex":0},"down":{"uv":[0.0,0.0,0.0,0.25],"rotation":0,"texture":"#0","tintindex":0}}}],"display":{"head":{"translation":[0.0,-6.4,0.0],"scale":[4.0,4.0,4.0]}}}