{"textures":{"0":"modelengine:entity/dragon_sentinel_dragonform"},"elements":[{"from":[6.285714,7.0504785,4.138254],"to":[9.714286,11.050479,8.138254],"rotation":{"angle":22.5,"axis":"x","origin":[8.0,9.050478,5.566826]},"faces":{"east":{"uv":[4.25,12.25,4.46875,12.46875],"rotation":0,"texture":"#0","tintindex":0},"south":{"uv":[12.25,12.375,12.4375,12.59375],"rotation":0,"texture":"#0","tintindex":0},"north":{"uv":[12.0625,12.375,12.25,12.59375],"rotation":0,"texture":"#0","tintindex":0},"west":{"uv":[5.5,12.25,5.71875,12.46875],"rotation":0,"texture":"#0","tintindex":0},"up":{"uv":[12.59375,0.65625,12.40625,0.4375],"rotation":0,"texture":"#0","tintindex":0},"down":{"uv":[12.59375,0.65625,12.40625,0.875],"rotation":0,"texture":"#0","tintindex":0}}},{"from":[6.857143,7.0504785,2.4239683],"to":[9.142858,11.050479,5.85254],"rotation":{"angle":-22.5,"axis":"x","origin":[8.0,9.050478,5.566826]},"faces":{"east":{"uv":[4.84375,12.40625,5.03125,12.625],"rotation":0,"texture":"#0","tintindex":0},"south":{"uv":[6.84375,12.46875,6.96875,12.6875],"rotation":0,"texture":"#0","tintindex":0},"north":{"uv":[6.71875,12.46875,6.84375,12.6875],"rotation":0,"texture":"#0","tintindex":0},"west":{"uv":[12.40625,4.90625,12.59375,5.125],"rotation":0,"texture":"#0","tintindex":0},"up":{"uv":[5.875,12.71875,5.75,12.53125],"rotation":0,"texture":"#0","tintindex":0},"down":{"uv":[12.65625,5.84375,12.53125,6.03125],"rotation":0,"texture":"#0","tintindex":0}}},{"from":[8.0,6.0,1.1428566],"to":[8.0,10.0,3.4285712],"rotation":{"angle":0.0,"axis":"y","origin":[8.0,8.0,2.2857141]},"faces":{"east":{"uv":[6.96875,12.46875,7.09375,12.6875],"rotation":0,"texture":"#0","tintindex":0},"south":{"uv":[0.0,0.0,0.0,0.21875],"rotation":0,"texture":"#0","tintindex":0},"north":{"uv":[0.0,0.0,0.0,0.21875],"rotation":0,"texture":"#0","tintindex":0},"west":{"uv":[12.46875,7.0625,12.59375,7.28125],"rotation":0,"texture":"#0","tintindex":0},"up":{"uv":[0.0,0.125,0.0,0.0],"rotation":0,"texture":"#0","tintindex":0},"down":{"uv":[0.0,0.0,0.0,0.125],"rotation":0,"texture":"#0","tintindex":0}}}],"display":{"head":{"translation":[0.0,-6.4,0.0],"scale":[4.0,4.0,4.0]}}}