{"textures":{"0":"modelengine:entity/dragon_sentinel_dragonform"},"elements":[{"from":[8.285714,5.714286,10.0],"to":[8.285714,31.428572,30.000002],"rotation":{"angle":0.0,"axis":"y","origin":[8.0,21.142857,12.0]},"faces":{"east":{"uv":[0.0,5.1875,1.09375,6.59375],"rotation":0,"texture":"#0","tintindex":0},"south":{"uv":[0.0,0.0,0.0,1.40625],"rotation":0,"texture":"#0","tintindex":0},"north":{"uv":[0.0,0.0,0.0,1.40625],"rotation":0,"texture":"#0","tintindex":0},"west":{"uv":[1.09375,5.1875,2.1875,6.59375],"rotation":0,"texture":"#0","tintindex":0},"up":{"uv":[0.0,1.09375,0.0,0.0],"rotation":0,"texture":"#0","tintindex":0},"down":{"uv":[0.0,0.0,0.0,1.09375],"rotation":0,"texture":"#0","tintindex":0}}},{"from":[6.0,5.714286,6.0],"to":[10.0,31.428572,10.0],"rotation":{"angle":0.0,"axis":"y","origin":[8.0,21.142857,8.0]},"faces":{"east":{"uv":[0.875,9.09375,1.09375,10.5],"rotation":0,"texture":"#0","tintindex":0},"south":{"uv":[9.3125,5.03125,9.53125,6.4375],"rotation":0,"texture":"#0","tintindex":0},"north":{"uv":[7.375,8.5625,7.59375,9.96875],"rotation":0,"texture":"#0","tintindex":0},"west":{"uv":[1.09375,9.375,1.3125,10.78125],"rotation":0,"texture":"#0","tintindex":0},"up":{"uv":[12.40625,5.4375,12.1875,5.21875],"rotation":0,"texture":"#0","tintindex":0},"down":{"uv":[12.40625,8.25,12.1875,8.46875],"rotation":0,"texture":"#0","tintindex":0}}}],"display":{"head":{"translation":[0.0,-6.4,0.0],"scale":[4.0,4.0,4.0]}}}