{"textures":{"0":"modelengine:entity/dragon_sentinel_dragonform"},"elements":[{"from":[6.285714,7.0504785,4.138254],"to":[9.714286,11.050479,8.138254],"rotation":{"angle":22.5,"axis":"x","origin":[8.0,9.050478,5.566826]},"faces":{"east":{"uv":[8.0,12.25,8.21875,12.46875],"rotation":0,"texture":"#0","tintindex":0},"south":{"uv":[9.5,12.40625,9.6875,12.625],"rotation":0,"texture":"#0","tintindex":0},"north":{"uv":[9.3125,12.40625,9.5,12.625],"rotation":0,"texture":"#0","tintindex":0},"west":{"uv":[10.65625,12.25,10.875,12.46875],"rotation":0,"texture":"#0","tintindex":0},"up":{"uv":[9.875,12.625,9.6875,12.40625],"rotation":0,"texture":"#0","tintindex":0},"down":{"uv":[12.59375,9.84375,12.40625,10.0625],"rotation":0,"texture":"#0","tintindex":0}}},{"from":[6.857143,7.0504785,2.4239683],"to":[9.142858,11.050479,5.85254],"rotation":{"angle":-22.5,"axis":"x","origin":[8.0,9.050478,5.566826]},"faces":{"east":{"uv":[12.40625,10.4375,12.59375,10.65625],"rotation":0,"texture":"#0","tintindex":0},"south":{"uv":[11.84375,12.46875,11.96875,12.6875],"rotation":0,"texture":"#0","tintindex":0},"north":{"uv":[10.875,12.46875,11.0,12.6875],"rotation":0,"texture":"#0","tintindex":0},"west":{"uv":[0.0,12.4375,0.1875,12.65625],"rotation":0,"texture":"#0","tintindex":0},"up":{"uv":[8.84375,12.71875,8.71875,12.53125],"rotation":0,"texture":"#0","tintindex":0},"down":{"uv":[12.65625,8.96875,12.53125,9.15625],"rotation":0,"texture":"#0","tintindex":0}}},{"from":[8.0,6.0,1.1428566],"to":[8.0,10.0,3.4285712],"rotation":{"angle":0.0,"axis":"y","origin":[8.0,8.0,2.2857141]},"faces":{"east":{"uv":[12.46875,11.9375,12.59375,12.15625],"rotation":0,"texture":"#0","tintindex":0},"south":{"uv":[0.0,0.0,0.0,0.21875],"rotation":0,"texture":"#0","tintindex":0},"north":{"uv":[0.0,0.0,0.0,0.21875],"rotation":0,"texture":"#0","tintindex":0},"west":{"uv":[12.5,0.0,12.625,0.21875],"rotation":0,"texture":"#0","tintindex":0},"up":{"uv":[0.0,0.125,0.0,0.0],"rotation":0,"texture":"#0","tintindex":0},"down":{"uv":[0.0,0.0,0.0,0.125],"rotation":0,"texture":"#0","tintindex":0}}}],"display":{"head":{"translation":[0.0,-6.4,0.0],"scale":[4.0,4.0,4.0]}}}