{"textures":{"0":"modelengine:entity/dragon_sentinel_dragonform"},"elements":[{"from":[6.285714,5.714284,-11.392845],"to":[10.285714,9.714285,10.321442],"rotation":{"angle":0.0,"axis":"y","origin":[8.285714,7.714284,-3.9642735]},"faces":{"east":{"uv":[9.5,10.21875,10.6875,10.4375],"rotation":0,"texture":"#0","tintindex":0},"south":{"uv":[12.21875,8.03125,12.4375,8.25],"rotation":0,"texture":"#0","tintindex":0},"north":{"uv":[7.53125,12.21875,7.75,12.4375],"rotation":0,"texture":"#0","tintindex":0},"west":{"uv":[10.25,9.71875,11.4375,9.9375],"rotation":0,"texture":"#0","tintindex":0},"up":{"uv":[0.65625,11.40625,0.4375,10.21875],"rotation":0,"texture":"#0","tintindex":0},"down":{"uv":[0.875,10.21875,0.65625,11.40625],"rotation":0,"texture":"#0","tintindex":0}}},{"from":[6.285714,6.218666,-12.857143],"to":[10.285714,16.504381,-8.857143],"rotation":{"angle":-22.5,"axis":"x","origin":[8.285714,9.647238,-10.857143]},"faces":{"east":{"uv":[3.59375,11.59375,3.8125,12.15625],"rotation":0,"texture":"#0","tintindex":0},"south":{"uv":[3.8125,11.59375,4.03125,12.15625],"rotation":0,"texture":"#0","tintindex":0},"north":{"uv":[11.59375,1.40625,11.8125,1.96875],"rotation":0,"texture":"#0","tintindex":0},"west":{"uv":[5.09375,11.625,5.3125,12.1875],"rotation":0,"texture":"#0","tintindex":0},"up":{"uv":[12.46875,1.5625,12.25,1.34375],"rotation":0,"texture":"#0","tintindex":0},"down":{"uv":[12.46875,1.5625,12.25,1.78125],"rotation":0,"texture":"#0","tintindex":0}}},{"from":[8.0,5.714284,-13.10713],"to":[8.0,32.0,30.321444],"rotation":{"angle":0.0,"axis":"y","origin":[8.285714,21.142857,12.321442]},"faces":{"east":{"uv":[7.125,1.4375,4.75,2.875],"rotation":0,"texture":"#0","tintindex":0},"south":{"uv":[0.0,0.0,0.0,1.4375],"rotation":0,"texture":"#0","tintindex":0},"north":{"uv":[0.0,0.0,0.0,1.4375],"rotation":0,"texture":"#0","tintindex":0},"west":{"uv":[4.75,1.4375,7.125,2.875],"rotation":0,"texture":"#0","tintindex":0},"up":{"uv":[0.0,2.375,0.0,0.0],"rotation":0,"texture":"#0","tintindex":0},"down":{"uv":[0.0,0.0,0.0,2.375],"rotation":0,"texture":"#0","tintindex":0}}},{"from":[2.8571424,14.790095,-12.285715],"to":[9.142858,18.218666,-9.428572],"rotation":{"angle":-22.5,"axis":"x","origin":[8.285714,9.647238,-10.857143]},"faces":{"east":{"uv":[1.75,9.375,1.90625,9.5625],"rotation":0,"texture":"#0","tintindex":0},"south":{"uv":[12.0,9.3125,12.34375,9.5],"rotation":0,"texture":"#0","tintindex":0},"north":{"uv":[11.09375,7.0625,11.4375,7.25],"rotation":0,"texture":"#0","tintindex":0},"west":{"uv":[8.21875,10.09375,8.375,10.28125],"rotation":0,"texture":"#0","tintindex":0},"up":{"uv":[12.46875,5.9375,12.125,5.78125],"rotation":0,"texture":"#0","tintindex":0},"down":{"uv":[6.21875,12.125,5.875,12.28125],"rotation":0,"texture":"#0","tintindex":0}}}],"display":{"head":{"translation":[0.0,3.0110488,0.0],"scale":[4.0,4.0,4.0]}}}