{"textures":{"0":"modelengine:entity/dragon_sentinel_dragonform"},"elements":[{"from":[6.285714,7.0504785,4.138254],"to":[9.714286,11.050479,8.138254],"rotation":{"angle":22.5,"axis":"x","origin":[8.0,9.050478,5.566826]},"faces":{"east":{"uv":[12.15625,11.0625,12.375,11.28125],"rotation":0,"texture":"#0","tintindex":0},"south":{"uv":[12.34375,6.28125,12.53125,6.5],"rotation":0,"texture":"#0","tintindex":0},"north":{"uv":[5.1875,12.34375,5.375,12.5625],"rotation":0,"texture":"#0","tintindex":0},"west":{"uv":[12.09375,12.15625,12.3125,12.375],"rotation":0,"texture":"#0","tintindex":0},"up":{"uv":[7.9375,12.5625,7.75,12.34375],"rotation":0,"texture":"#0","tintindex":0},"down":{"uv":[9.125,12.34375,8.9375,12.5625],"rotation":0,"texture":"#0","tintindex":0}}},{"from":[6.857143,7.0504785,2.4239683],"to":[9.142858,11.050479,5.85254],"rotation":{"angle":-22.5,"axis":"x","origin":[8.0,9.050478,5.566826]},"faces":{"east":{"uv":[12.34375,8.96875,12.53125,9.1875],"rotation":0,"texture":"#0","tintindex":0},"south":{"uv":[6.09375,12.28125,6.21875,12.5],"rotation":0,"texture":"#0","tintindex":0},"north":{"uv":[4.96875,11.875,5.09375,12.09375],"rotation":0,"texture":"#0","tintindex":0},"west":{"uv":[12.34375,9.1875,12.53125,9.40625],"rotation":0,"texture":"#0","tintindex":0},"up":{"uv":[12.625,11.90625,12.5,11.71875],"rotation":0,"texture":"#0","tintindex":0},"down":{"uv":[12.625,12.15625,12.5,12.34375],"rotation":0,"texture":"#0","tintindex":0}}},{"from":[8.0,6.0,1.1428566],"to":[8.0,10.0,3.4285712],"rotation":{"angle":0.0,"axis":"y","origin":[8.0,8.0,2.2857141]},"faces":{"east":{"uv":[5.375,12.34375,5.5,12.5625],"rotation":0,"texture":"#0","tintindex":0},"south":{"uv":[0.0,0.0,0.0,0.21875],"rotation":0,"texture":"#0","tintindex":0},"north":{"uv":[0.0,0.0,0.0,0.21875],"rotation":0,"texture":"#0","tintindex":0},"west":{"uv":[10.5,12.34375,10.625,12.5625],"rotation":0,"texture":"#0","tintindex":0},"up":{"uv":[0.0,0.125,0.0,0.0],"rotation":0,"texture":"#0","tintindex":0},"down":{"uv":[0.0,0.0,0.0,0.125],"rotation":0,"texture":"#0","tintindex":0}}}],"display":{"head":{"translation":[0.0,-6.4,0.0],"scale":[4.0,4.0,4.0]}}}