{"textures":{"0":"modelengine:entity/dragon_sentinel_dragonform"},"elements":[{"from":[7.428571,1.7142854,-5.1428576],"to":[15.428572,13.142858,12.0],"rotation":{"angle":0.0,"axis":"y","origin":[8.0,10.285714,-4.5714293]},"faces":{"east":{"uv":[7.53125,6.4375,8.46875,7.0625],"rotation":0,"texture":"#0","tintindex":0},"south":{"uv":[9.96875,6.28125,10.40625,6.90625],"rotation":0,"texture":"#0","tintindex":0},"north":{"uv":[9.96875,5.65625,10.40625,6.28125],"rotation":0,"texture":"#0","tintindex":0},"west":{"uv":[7.53125,7.0625,8.46875,7.6875],"rotation":0,"texture":"#0","tintindex":0},"up":{"uv":[8.90625,7.5,8.46875,6.5625],"rotation":0,"texture":"#0","tintindex":0},"down":{"uv":[8.03125,8.5,7.59375,9.4375],"rotation":0,"texture":"#0","tintindex":0}}}],"display":{"head":{"translation":[0.0,-6.4,0.0],"scale":[4.0,4.0,4.0]}}}