{"textures":{"0":"modelengine:entity/dragon_sentinel_dragonform"},"elements":[{"from":[7.9896135,-13.828993,-13.714287],"to":[7.9896135,20.456726,29.714287],"rotation":{"angle":0.0,"axis":"y","origin":[8.275328,-7.5432777,11.714286]},"faces":{"east":{"uv":[4.75,1.875,2.375,3.75],"rotation":0,"texture":"#0","tintindex":0},"south":{"uv":[0.0,0.0,0.0,1.875],"rotation":0,"texture":"#0","tintindex":0},"north":{"uv":[0.0,0.0,0.0,1.875],"rotation":0,"texture":"#0","tintindex":0},"west":{"uv":[2.375,1.875,4.75,3.75],"rotation":0,"texture":"#0","tintindex":0},"up":{"uv":[0.0,2.375,0.0,0.0],"rotation":0,"texture":"#0","tintindex":0},"down":{"uv":[0.0,0.0,0.0,2.375],"rotation":0,"texture":"#0","tintindex":0}}},{"from":[10.285714,20.0,-13.714287],"to":[10.285714,32.0,29.714287],"rotation":{"angle":-22.5,"axis":"z","origin":[10.285714,26.0,8.0]},"faces":{"east":{"uv":[7.125,4.84375,4.75,5.5],"rotation":0,"texture":"#0","tintindex":0},"south":{"uv":[0.0,0.0,0.0,0.65625],"rotation":0,"texture":"#0","tintindex":0},"north":{"uv":[0.0,0.0,0.0,0.65625],"rotation":0,"texture":"#0","tintindex":0},"west":{"uv":[4.75,4.84375,7.125,5.5],"rotation":0,"texture":"#0","tintindex":0},"up":{"uv":[0.0,2.375,0.0,0.0],"rotation":0,"texture":"#0","tintindex":0},"down":{"uv":[0.0,0.0,0.0,2.375],"rotation":0,"texture":"#0","tintindex":0}}}],"display":{"head":{"translation":[0.0,81.02857,0.0],"scale":[4.0,4.0,4.0]}}}