{"textures":{"0":"modelengine:entity/dragon_sentinel_dragonform"},"elements":[{"from":[5.142857,6.7001286,4.369117],"to":[8.0,9.557272,11.22626],"rotation":{"angle":0.0,"axis":"y","origin":[6.5714283,8.1287,8.369117]},"faces":{"east":{"uv":[5.5,12.09375,5.875,12.25],"rotation":0,"texture":"#0","tintindex":0},"south":{"uv":[8.21875,12.25,8.375,12.40625],"rotation":0,"texture":"#0","tintindex":0},"north":{"uv":[11.875,11.53125,12.03125,11.6875],"rotation":0,"texture":"#0","tintindex":0},"west":{"uv":[6.3125,12.09375,6.6875,12.25],"rotation":0,"texture":"#0","tintindex":0},"up":{"uv":[10.09375,12.3125,9.9375,11.9375],"rotation":0,"texture":"#0","tintindex":0},"down":{"uv":[2.78125,12.0625,2.625,12.4375],"rotation":0,"texture":"#0","tintindex":0}}},{"from":[8.437352,9.470277,4.369117],"to":[8.437352,11.755991,11.22626],"rotation":{"angle":-22.5,"axis":"z","origin":[8.437352,10.613134,7.7976885]},"faces":{"east":{"uv":[12.1875,10.09375,12.5625,10.21875],"rotation":0,"texture":"#0","tintindex":0},"south":{"uv":[0.0,0.0,0.0,0.125],"rotation":0,"texture":"#0","tintindex":0},"north":{"uv":[0.0,0.0,0.0,0.125],"rotation":0,"texture":"#0","tintindex":0},"west":{"uv":[12.1875,10.71875,12.5625,10.84375],"rotation":0,"texture":"#0","tintindex":0},"up":{"uv":[0.0,0.375,0.0,0.0],"rotation":0,"texture":"#0","tintindex":0},"down":{"uv":[0.0,0.0,0.0,0.375],"rotation":0,"texture":"#0","tintindex":0}}}],"display":{"head":{"translation":[0.0,-6.4,0.0],"scale":[4.0,4.0,4.0]}}}