{"textures":{"0":"modelengine:entity/dragon_sentinel_dragonform"},"elements":[{"from":[6.285714,7.0504785,4.138254],"to":[9.714286,11.050479,8.138254],"rotation":{"angle":22.5,"axis":"x","origin":[8.0,9.050478,5.566826]},"faces":{"east":{"uv":[10.875,12.25,11.09375,12.46875],"rotation":0,"texture":"#0","tintindex":0},"south":{"uv":[12.4375,0.875,12.625,1.09375],"rotation":0,"texture":"#0","tintindex":0},"north":{"uv":[0.1875,12.4375,0.375,12.65625],"rotation":0,"texture":"#0","tintindex":0},"west":{"uv":[11.84375,12.25,12.0625,12.46875],"rotation":0,"texture":"#0","tintindex":0},"up":{"uv":[12.625,1.3125,12.4375,1.09375],"rotation":0,"texture":"#0","tintindex":0},"down":{"uv":[1.65625,12.4375,1.46875,12.65625],"rotation":0,"texture":"#0","tintindex":0}}},{"from":[6.857143,7.0504785,2.4239683],"to":[9.142858,11.050479,5.85254],"rotation":{"angle":-22.5,"axis":"x","origin":[8.0,9.050478,5.566826]},"faces":{"east":{"uv":[2.59375,12.4375,2.78125,12.65625],"rotation":0,"texture":"#0","tintindex":0},"south":{"uv":[0.5,12.5,0.625,12.71875],"rotation":0,"texture":"#0","tintindex":0},"north":{"uv":[0.375,12.5,0.5,12.71875],"rotation":0,"texture":"#0","tintindex":0},"west":{"uv":[12.4375,3.53125,12.625,3.75],"rotation":0,"texture":"#0","tintindex":0},"up":{"uv":[12.65625,9.34375,12.53125,9.15625],"rotation":0,"texture":"#0","tintindex":0},"down":{"uv":[10.0,12.53125,9.875,12.71875],"rotation":0,"texture":"#0","tintindex":0}}},{"from":[8.0,6.0,1.1428566],"to":[8.0,10.0,3.4285712],"rotation":{"angle":0.0,"axis":"y","origin":[8.0,8.0,2.2857141]},"faces":{"east":{"uv":[0.8125,12.5,0.9375,12.71875],"rotation":0,"texture":"#0","tintindex":0},"south":{"uv":[0.0,0.0,0.0,0.21875],"rotation":0,"texture":"#0","tintindex":0},"north":{"uv":[0.0,0.0,0.0,0.21875],"rotation":0,"texture":"#0","tintindex":0},"west":{"uv":[0.9375,12.5,1.0625,12.71875],"rotation":0,"texture":"#0","tintindex":0},"up":{"uv":[0.0,0.125,0.0,0.0],"rotation":0,"texture":"#0","tintindex":0},"down":{"uv":[0.0,0.0,0.0,0.125],"rotation":0,"texture":"#0","tintindex":0}}}],"display":{"head":{"translation":[0.0,-6.4,0.0],"scale":[4.0,4.0,4.0]}}}