{"textures":{"0":"modelengine:entity/dragon_sentinel_dragonform"},"elements":[{"from":[5.142857,-1.7142859,2.2857141],"to":[13.142858,10.285714,14.285715],"rotation":{"angle":0.0,"axis":"y","origin":[12.0,-10.285715,9.714286]},"faces":{"east":{"uv":[8.0625,2.9375,8.71875,3.59375],"rotation":0,"texture":"#0","tintindex":0},"south":{"uv":[2.625,9.5625,3.0625,10.21875],"rotation":0,"texture":"#0","tintindex":0},"north":{"uv":[2.1875,9.5625,2.625,10.21875],"rotation":0,"texture":"#0","tintindex":0},"west":{"uv":[8.0625,3.59375,8.71875,4.25],"rotation":0,"texture":"#0","tintindex":0},"up":{"uv":[10.03125,2.0625,9.59375,1.40625],"rotation":0,"texture":"#0","tintindex":0},"down":{"uv":[10.03125,2.0625,9.59375,2.71875],"rotation":0,"texture":"#0","tintindex":0}}},{"from":[5.714286,4.5714283,0.5714283],"to":[16.57143,10.857143,15.428572],"rotation":{"angle":22.5,"axis":"z","origin":[10.571428,1.9999995,8.0]},"faces":{"east":{"uv":[9.875,8.78125,10.6875,9.125],"rotation":0,"texture":"#0","tintindex":0},"south":{"uv":[10.6875,9.9375,11.28125,10.28125],"rotation":0,"texture":"#0","tintindex":0},"north":{"uv":[10.6875,8.78125,11.28125,9.125],"rotation":0,"texture":"#0","tintindex":0},"west":{"uv":[9.9375,7.46875,10.75,7.8125],"rotation":0,"texture":"#0","tintindex":0},"up":{"uv":[8.5,0.8125,7.90625,0.0],"rotation":0,"texture":"#0","tintindex":0},"down":{"uv":[8.5625,0.8125,7.96875,1.625],"rotation":0,"texture":"#0","tintindex":0}}},{"from":[3.4285712,-2.285715,0.5714283],"to":[17.142857,4.5714283,14.285715],"rotation":{"angle":-45.0,"axis":"y","origin":[8.571428,9.142858,7.428571]},"faces":{"east":{"uv":[0.0,9.84375,0.75,10.21875],"rotation":0,"texture":"#0","tintindex":0},"south":{"uv":[9.5,9.84375,10.25,10.21875],"rotation":0,"texture":"#0","tintindex":0},"north":{"uv":[6.53125,9.8125,7.28125,10.1875],"rotation":0,"texture":"#0","tintindex":0},"west":{"uv":[9.875,0.0,10.625,0.375],"rotation":0,"texture":"#0","tintindex":0},"up":{"uv":[1.5,8.40625,0.75,7.65625],"rotation":0,"texture":"#0","tintindex":0},"down":{"uv":[2.25,7.65625,1.5,8.40625],"rotation":0,"texture":"#0","tintindex":0}}},{"from":[19.307087,-2.285715,9.515459],"to":[23.878515,8.0,9.515459],"rotation":{"angle":-22.5,"axis":"y","origin":[21.5928,2.8571424,9.515459]},"faces":{"east":{"uv":[0.0,0.0,0.0,0.5625],"rotation":0,"texture":"#0","tintindex":0},"south":{"uv":[0.5,11.40625,0.75,11.96875],"rotation":0,"texture":"#0","tintindex":0},"north":{"uv":[0.25,11.40625,0.5,11.96875],"rotation":0,"texture":"#0","tintindex":0},"west":{"uv":[0.0,0.0,0.0,0.5625],"rotation":0,"texture":"#0","tintindex":0},"up":{"uv":[0.25,0.0,0.0,0.0],"rotation":0,"texture":"#0","tintindex":0},"down":{"uv":[0.25,0.0,0.0,0.0],"rotation":0,"texture":"#0","tintindex":0}}},{"from":[12.988587,7.1550193,8.0],"to":[17.560017,17.440735,8.0],"rotation":{"angle":22.5,"axis":"z","origin":[15.274302,12.297876,0.5714283]},"faces":{"east":{"uv":[0.0,0.0,0.0,0.5625],"rotation":0,"texture":"#0","tintindex":0},"south":{"uv":[1.96875,11.4375,2.21875,12.0],"rotation":0,"texture":"#0","tintindex":0},"north":{"uv":[1.71875,11.4375,1.96875,12.0],"rotation":0,"texture":"#0","tintindex":0},"west":{"uv":[0.0,0.0,0.0,0.5625],"rotation":0,"texture":"#0","tintindex":0},"up":{"uv":[0.25,0.0,0.0,0.0],"rotation":0,"texture":"#0","tintindex":0},"down":{"uv":[0.25,0.0,0.0,0.0],"rotation":0,"texture":"#0","tintindex":0}}},{"from":[5.142857,-9.1428585,4.5714283],"to":[12.571428,-1.7142859,13.142858],"rotation":{"angle":0.0,"axis":"y","origin":[12.0,-20.000002,9.714286]},"faces":{"east":{"uv":[9.1875,10.96875,9.65625,11.375],"rotation":0,"texture":"#0","tintindex":0},"south":{"uv":[11.28125,4.28125,11.6875,4.6875],"rotation":0,"texture":"#0","tintindex":0},"north":{"uv":[11.28125,3.875,11.6875,4.28125],"rotation":0,"texture":"#0","tintindex":0},"west":{"uv":[9.65625,10.96875,10.125,11.375],"rotation":0,"texture":"#0","tintindex":0},"up":{"uv":[10.53125,11.4375,10.125,10.96875],"rotation":0,"texture":"#0","tintindex":0},"down":{"uv":[10.9375,10.96875,10.53125,11.4375],"rotation":0,"texture":"#0","tintindex":0}}}],"display":{"head":{"translation":[0.0,-6.4,0.0],"scale":[4.0,4.0,4.0]}}}