{"textures":{"0":"modelengine:entity/dragon_sentinel_dragonform"},"elements":[{"from":[7.714286,5.714286,10.0],"to":[7.714286,31.428572,30.000002],"rotation":{"angle":0.0,"axis":"y","origin":[8.0,21.142857,12.0]},"faces":{"east":{"uv":[4.375,5.1875,3.28125,6.59375],"rotation":0,"texture":"#0","tintindex":0},"south":{"uv":[0.0,0.0,0.0,1.40625],"rotation":0,"texture":"#0","tintindex":0},"north":{"uv":[0.0,0.0,0.0,1.40625],"rotation":0,"texture":"#0","tintindex":0},"west":{"uv":[3.28125,5.1875,4.375,6.59375],"rotation":0,"texture":"#0","tintindex":0},"up":{"uv":[0.0,1.09375,0.0,0.0],"rotation":0,"texture":"#0","tintindex":0},"down":{"uv":[0.0,0.0,0.0,1.09375],"rotation":0,"texture":"#0","tintindex":0}}},{"from":[6.0,5.714286,6.0],"to":[10.0,31.428572,10.0],"rotation":{"angle":0.0,"axis":"y","origin":[8.0,21.142857,8.0]},"faces":{"east":{"uv":[1.53125,9.375,1.75,10.78125],"rotation":0,"texture":"#0","tintindex":0},"south":{"uv":[5.34375,9.40625,5.5625,10.8125],"rotation":0,"texture":"#0","tintindex":0},"north":{"uv":[1.3125,9.375,1.53125,10.78125],"rotation":0,"texture":"#0","tintindex":0},"west":{"uv":[5.5625,9.40625,5.78125,10.8125],"rotation":0,"texture":"#0","tintindex":0},"up":{"uv":[12.4375,3.9375,12.21875,3.71875],"rotation":0,"texture":"#0","tintindex":0},"down":{"uv":[7.53125,12.21875,7.3125,12.4375],"rotation":0,"texture":"#0","tintindex":0}}}],"display":{"head":{"translation":[0.0,-6.4,0.0],"scale":[4.0,4.0,4.0]}}}