{"textures":{"0":"modelengine:entity/dragon_sentinel_dragonform"},"elements":[{"from":[6.285714,7.0504785,4.138254],"to":[9.714286,11.050479,8.138254],"rotation":{"angle":22.5,"axis":"x","origin":[8.0,9.050478,5.566826]},"faces":{"east":{"uv":[12.28125,0.0,12.5,0.21875],"rotation":0,"texture":"#0","tintindex":0},"south":{"uv":[7.34375,12.4375,7.53125,12.65625],"rotation":0,"texture":"#0","tintindex":0},"north":{"uv":[7.15625,12.4375,7.34375,12.65625],"rotation":0,"texture":"#0","tintindex":0},"west":{"uv":[0.875,12.28125,1.09375,12.5],"rotation":0,"texture":"#0","tintindex":0},"up":{"uv":[7.71875,12.65625,7.53125,12.4375],"rotation":0,"texture":"#0","tintindex":0},"down":{"uv":[12.625,7.9375,12.4375,8.15625],"rotation":0,"texture":"#0","tintindex":0}}},{"from":[6.857143,7.0504785,2.4239683],"to":[9.142858,11.050479,5.85254],"rotation":{"angle":-22.5,"axis":"x","origin":[8.0,9.050478,5.566826]},"faces":{"east":{"uv":[12.4375,12.375,12.625,12.59375],"rotation":0,"texture":"#0","tintindex":0},"south":{"uv":[6.09375,12.5,6.21875,12.71875],"rotation":0,"texture":"#0","tintindex":0},"north":{"uv":[12.5,3.03125,12.625,3.25],"rotation":0,"texture":"#0","tintindex":0},"west":{"uv":[12.46875,1.3125,12.65625,1.53125],"rotation":0,"texture":"#0","tintindex":0},"up":{"uv":[10.125,12.71875,10.0,12.53125],"rotation":0,"texture":"#0","tintindex":0},"down":{"uv":[10.25,12.53125,10.125,12.71875],"rotation":0,"texture":"#0","tintindex":0}}},{"from":[8.0,6.0,1.1428566],"to":[8.0,10.0,3.4285712],"rotation":{"angle":0.0,"axis":"y","origin":[8.0,8.0,2.2857141]},"faces":{"east":{"uv":[12.5,7.28125,12.625,7.5],"rotation":0,"texture":"#0","tintindex":0},"south":{"uv":[0.0,0.0,0.0,0.21875],"rotation":0,"texture":"#0","tintindex":0},"north":{"uv":[0.0,0.0,0.0,0.21875],"rotation":0,"texture":"#0","tintindex":0},"west":{"uv":[12.5,7.5,12.625,7.71875],"rotation":0,"texture":"#0","tintindex":0},"up":{"uv":[0.0,0.125,0.0,0.0],"rotation":0,"texture":"#0","tintindex":0},"down":{"uv":[0.0,0.0,0.0,0.125],"rotation":0,"texture":"#0","tintindex":0}}}],"display":{"head":{"translation":[0.0,-6.4,0.0],"scale":[4.0,4.0,4.0]}}}