{"textures":{"0":"modelengine:entity/dragon_sentinel_dragonform"},"elements":[{"from":[6.285714,7.0504785,4.138254],"to":[9.714286,11.050479,8.138254],"rotation":{"angle":22.5,"axis":"x","origin":[8.0,9.050478,5.566826]},"faces":{"east":{"uv":[4.96875,12.1875,5.1875,12.40625],"rotation":0,"texture":"#0","tintindex":0},"south":{"uv":[3.4375,12.375,3.625,12.59375],"rotation":0,"texture":"#0","tintindex":0},"north":{"uv":[12.375,3.3125,12.5625,3.53125],"rotation":0,"texture":"#0","tintindex":0},"west":{"uv":[12.1875,5.0,12.40625,5.21875],"rotation":0,"texture":"#0","tintindex":0},"up":{"uv":[3.8125,12.59375,3.625,12.375],"rotation":0,"texture":"#0","tintindex":0},"down":{"uv":[12.5625,4.125,12.375,4.34375],"rotation":0,"texture":"#0","tintindex":0}}},{"from":[6.857143,7.0504785,2.4239683],"to":[9.142858,11.050479,5.85254],"rotation":{"angle":-22.5,"axis":"x","origin":[8.0,9.050478,5.566826]},"faces":{"east":{"uv":[12.375,4.6875,12.5625,4.90625],"rotation":0,"texture":"#0","tintindex":0},"south":{"uv":[12.46875,4.34375,12.59375,4.5625],"rotation":0,"texture":"#0","tintindex":0},"north":{"uv":[4.34375,12.46875,4.46875,12.6875],"rotation":0,"texture":"#0","tintindex":0},"west":{"uv":[12.375,6.5,12.5625,6.71875],"rotation":0,"texture":"#0","tintindex":0},"up":{"uv":[1.1875,12.71875,1.0625,12.53125],"rotation":0,"texture":"#0","tintindex":0},"down":{"uv":[2.53125,12.53125,2.40625,12.71875],"rotation":0,"texture":"#0","tintindex":0}}},{"from":[8.0,6.0,1.1428566],"to":[8.0,10.0,3.4285712],"rotation":{"angle":0.0,"axis":"y","origin":[8.0,8.0,2.2857141]},"faces":{"east":{"uv":[5.5,12.46875,5.625,12.6875],"rotation":0,"texture":"#0","tintindex":0},"south":{"uv":[0.0,0.0,0.0,0.21875],"rotation":0,"texture":"#0","tintindex":0},"north":{"uv":[0.0,0.0,0.0,0.21875],"rotation":0,"texture":"#0","tintindex":0},"west":{"uv":[12.46875,5.625,12.59375,5.84375],"rotation":0,"texture":"#0","tintindex":0},"up":{"uv":[0.0,0.125,0.0,0.0],"rotation":0,"texture":"#0","tintindex":0},"down":{"uv":[0.0,0.0,0.0,0.125],"rotation":0,"texture":"#0","tintindex":0}}}],"display":{"head":{"translation":[0.0,-6.4,0.0],"scale":[4.0,4.0,4.0]}}}