{"textures":{"0":"modelengine:entity/dragon_sentinel_dragonform"},"elements":[{"from":[4.0,5.541128,-0.94531155],"to":[12.0,9.541128,8.768975],"rotation":{"angle":0.0,"axis":"y","origin":[11.428572,-0.17315769,4.1975465]},"faces":{"east":{"uv":[11.625,10.90625,12.15625,11.125],"rotation":0,"texture":"#0","tintindex":0},"south":{"uv":[11.78125,8.03125,12.21875,8.25],"rotation":0,"texture":"#0","tintindex":0},"north":{"uv":[11.71875,10.28125,12.15625,10.5],"rotation":0,"texture":"#0","tintindex":0},"west":{"uv":[11.625,11.125,12.15625,11.34375],"rotation":0,"texture":"#0","tintindex":0},"up":{"uv":[2.625,10.96875,2.1875,10.4375],"rotation":0,"texture":"#0","tintindex":0},"down":{"uv":[9.625,10.4375,9.1875,10.96875],"rotation":0,"texture":"#0","tintindex":0}}},{"from":[3.4285712,7.428571,4.0],"to":[13.142858,13.142858,8.571428],"rotation":{"angle":-45.0,"axis":"x","origin":[8.285714,9.428572,6.285714]},"faces":{"east":{"uv":[1.125,11.96875,1.375,12.28125],"rotation":0,"texture":"#0","tintindex":0},"south":{"uv":[8.53125,11.21875,9.0625,11.53125],"rotation":0,"texture":"#0","tintindex":0},"north":{"uv":[11.09375,6.75,11.625,7.0625],"rotation":0,"texture":"#0","tintindex":0},"west":{"uv":[11.96875,3.71875,12.21875,4.03125],"rotation":0,"texture":"#0","tintindex":0},"up":{"uv":[12.0,9.625,11.46875,9.375],"rotation":0,"texture":"#0","tintindex":0},"down":{"uv":[12.03125,0.0,11.5,0.25],"rotation":0,"texture":"#0","tintindex":0}}},{"from":[13.142858,4.0,4.0],"to":[13.142858,7.428571,8.571428],"rotation":{"angle":-45.0,"axis":"x","origin":[8.285714,9.428572,6.285714]},"faces":{"east":{"uv":[6.65625,12.28125,6.90625,12.46875],"rotation":0,"texture":"#0","tintindex":0},"south":{"uv":[0.0,0.0,0.0,0.1875],"rotation":0,"texture":"#0","tintindex":0},"north":{"uv":[0.0,0.0,0.0,0.1875],"rotation":0,"texture":"#0","tintindex":0},"west":{"uv":[6.90625,12.28125,7.15625,12.46875],"rotation":0,"texture":"#0","tintindex":0},"up":{"uv":[0.0,0.25,0.0,0.0],"rotation":0,"texture":"#0","tintindex":0},"down":{"uv":[0.0,0.0,0.0,0.25],"rotation":0,"texture":"#0","tintindex":0}}},{"from":[3.429143,4.0,4.0],"to":[3.429143,7.428571,8.571428],"rotation":{"angle":-45.0,"axis":"x","origin":[8.286286,9.428572,6.285714]},"faces":{"east":{"uv":[12.28125,11.53125,12.53125,11.71875],"rotation":0,"texture":"#0","tintindex":0},"south":{"uv":[0.0,0.0,0.0,0.1875],"rotation":0,"texture":"#0","tintindex":0},"north":{"uv":[0.0,0.0,0.0,0.1875],"rotation":0,"texture":"#0","tintindex":0},"west":{"uv":[0.375,12.3125,0.625,12.5],"rotation":0,"texture":"#0","tintindex":0},"up":{"uv":[0.0,0.25,0.0,0.0],"rotation":0,"texture":"#0","tintindex":0},"down":{"uv":[0.0,0.0,0.0,0.25],"rotation":0,"texture":"#0","tintindex":0}}}],"display":{"head":{"translation":[0.0,-6.4,0.0],"scale":[4.0,4.0,4.0]}}}