{"textures":{"0":"modelengine:entity/dragon_sentinel_dragonform"},"elements":[{"from":[4.0,5.541128,-0.94531155],"to":[12.0,9.541128,8.768975],"rotation":{"angle":0.0,"axis":"y","origin":[11.428572,-0.17315769,4.1975465]},"faces":{"east":{"uv":[11.65625,5.03125,12.1875,5.25],"rotation":0,"texture":"#0","tintindex":0},"south":{"uv":[11.84375,2.0625,12.28125,2.28125],"rotation":0,"texture":"#0","tintindex":0},"north":{"uv":[11.84375,1.84375,12.28125,2.0625],"rotation":0,"texture":"#0","tintindex":0},"west":{"uv":[11.65625,5.25,12.1875,5.46875],"rotation":0,"texture":"#0","tintindex":0},"up":{"uv":[10.9375,3.59375,10.5,3.0625],"rotation":0,"texture":"#0","tintindex":0},"down":{"uv":[10.9375,10.4375,10.5,10.96875],"rotation":0,"texture":"#0","tintindex":0}}}],"display":{"head":{"translation":[0.0,-6.4,0.0],"scale":[4.0,4.0,4.0]}}}