{"textures":{"0":"modelengine:entity/dragon_sentinel_dragonform"},"elements":[{"from":[5.142857,1.7142854,-11.428572],"to":[10.285714,8.0,8.0],"rotation":{"angle":0.0,"axis":"y","origin":[10.857143,-2.8571434,4.5714283]},"faces":{"east":{"uv":[8.875,7.84375,9.9375,8.1875],"rotation":0,"texture":"#0","tintindex":0},"south":{"uv":[11.78125,7.6875,12.0625,8.03125],"rotation":0,"texture":"#0","tintindex":0},"north":{"uv":[4.03125,11.78125,4.3125,12.125],"rotation":0,"texture":"#0","tintindex":0},"west":{"uv":[8.90625,4.6875,9.96875,5.03125],"rotation":0,"texture":"#0","tintindex":0},"up":{"uv":[4.28125,10.53125,4.0,9.46875],"rotation":0,"texture":"#0","tintindex":0},"down":{"uv":[4.5625,9.46875,4.28125,10.53125],"rotation":0,"texture":"#0","tintindex":0}}}],"display":{"head":{"translation":[0.0,-6.4,0.0],"scale":[4.0,4.0,4.0]}}}