{"textures":{"0":"modelengine:entity/dragon_sentinel_dragonform"},"elements":[{"from":[6.285714,7.0504785,4.138254],"to":[9.714286,11.050479,8.138254],"rotation":{"angle":22.5,"axis":"x","origin":[8.0,9.050478,5.566826]},"faces":{"east":{"uv":[12.1875,0.5625,12.40625,0.78125],"rotation":0,"texture":"#0","tintindex":0},"south":{"uv":[11.28125,12.34375,11.46875,12.5625],"rotation":0,"texture":"#0","tintindex":0},"north":{"uv":[10.3125,12.34375,10.5,12.5625],"rotation":0,"texture":"#0","tintindex":0},"west":{"uv":[12.1875,0.78125,12.40625,1.0],"rotation":0,"texture":"#0","tintindex":0},"up":{"uv":[12.53125,11.5,12.34375,11.28125],"rotation":0,"texture":"#0","tintindex":0},"down":{"uv":[11.65625,12.34375,11.46875,12.5625],"rotation":0,"texture":"#0","tintindex":0}}},{"from":[6.857143,7.0504785,2.4239683],"to":[9.142858,11.050479,5.85254],"rotation":{"angle":-22.5,"axis":"x","origin":[8.0,9.050478,5.566826]},"faces":{"east":{"uv":[11.65625,12.34375,11.84375,12.5625],"rotation":0,"texture":"#0","tintindex":0},"south":{"uv":[8.59375,12.40625,8.71875,12.625],"rotation":0,"texture":"#0","tintindex":0},"north":{"uv":[5.03125,12.40625,5.15625,12.625],"rotation":0,"texture":"#0","tintindex":0},"west":{"uv":[12.375,2.40625,12.5625,2.625],"rotation":0,"texture":"#0","tintindex":0},"up":{"uv":[12.65625,0.40625,12.53125,0.21875],"rotation":0,"texture":"#0","tintindex":0},"down":{"uv":[0.75,12.53125,0.625,12.71875],"rotation":0,"texture":"#0","tintindex":0}}},{"from":[8.0,6.0,1.1428566],"to":[8.0,10.0,3.4285712],"rotation":{"angle":0.0,"axis":"y","origin":[8.0,8.0,2.2857141]},"faces":{"east":{"uv":[1.65625,12.4375,1.78125,12.65625],"rotation":0,"texture":"#0","tintindex":0},"south":{"uv":[0.0,0.0,0.0,0.21875],"rotation":0,"texture":"#0","tintindex":0},"north":{"uv":[0.0,0.0,0.0,0.21875],"rotation":0,"texture":"#0","tintindex":0},"west":{"uv":[2.28125,12.46875,2.40625,12.6875],"rotation":0,"texture":"#0","tintindex":0},"up":{"uv":[0.0,0.125,0.0,0.0],"rotation":0,"texture":"#0","tintindex":0},"down":{"uv":[0.0,0.0,0.0,0.125],"rotation":0,"texture":"#0","tintindex":0}}}],"display":{"head":{"translation":[0.0,-6.4,0.0],"scale":[4.0,4.0,4.0]}}}