{"textures":{"0":"modelengine:entity/dragon_sentinel_dragonform"},"elements":[{"from":[5.714286,-2.8571434,8.0],"to":[11.428572,8.0,14.857143],"rotation":{"angle":-45.0,"axis":"x","origin":[8.0,8.0,8.0]},"faces":{"east":{"uv":[6.46875,10.71875,6.84375,11.3125],"rotation":0,"texture":"#0","tintindex":0},"south":{"uv":[3.0,11.1875,3.3125,11.78125],"rotation":0,"texture":"#0","tintindex":0},"north":{"uv":[7.46875,11.09375,7.78125,11.6875],"rotation":0,"texture":"#0","tintindex":0},"west":{"uv":[6.84375,10.71875,7.21875,11.3125],"rotation":0,"texture":"#0","tintindex":0},"up":{"uv":[11.9375,9.0,11.625,8.625],"rotation":0,"texture":"#0","tintindex":0},"down":{"uv":[11.9375,10.53125,11.625,10.90625],"rotation":0,"texture":"#0","tintindex":0}}},{"from":[6.285714,-7.4285717,0.0],"to":[10.857143,-2.8571434,14.857143],"rotation":{"angle":-45.0,"axis":"x","origin":[8.0,8.0,8.0]},"faces":{"east":{"uv":[10.78125,1.78125,11.59375,2.03125],"rotation":0,"texture":"#0","tintindex":0},"south":{"uv":[12.0625,7.78125,12.3125,8.03125],"rotation":0,"texture":"#0","tintindex":0},"north":{"uv":[12.0625,7.53125,12.3125,7.78125],"rotation":0,"texture":"#0","tintindex":0},"west":{"uv":[10.84375,9.125,11.65625,9.375],"rotation":0,"texture":"#0","tintindex":0},"up":{"uv":[5.75,11.625,5.5,10.8125],"rotation":0,"texture":"#0","tintindex":0},"down":{"uv":[4.8125,10.84375,4.5625,11.65625],"rotation":0,"texture":"#0","tintindex":0}}}],"display":{"head":{"translation":[0.0,-6.4,0.0],"scale":[4.0,4.0,4.0]}}}