{"textures":{"0":"modelengine:entity/dragon_sentinel_dragonform"},"elements":[{"from":[8.0,10.857143,8.0],"to":[8.0,15.428572,22.285715],"rotation":{"angle":0.0,"axis":"y","origin":[8.0,-12.57143,-29.714287]},"faces":{"east":{"uv":[10.9375,3.3125,11.71875,3.5625],"rotation":0,"texture":"#0","tintindex":0},"south":{"uv":[0.0,0.0,0.0,0.25],"rotation":0,"texture":"#0","tintindex":0},"north":{"uv":[0.0,0.0,0.0,0.25],"rotation":0,"texture":"#0","tintindex":0},"west":{"uv":[10.9375,10.28125,11.71875,10.53125],"rotation":0,"texture":"#0","tintindex":0},"up":{"uv":[0.0,0.78125,0.0,0.0],"rotation":0,"texture":"#0","tintindex":0},"down":{"uv":[0.0,0.0,0.0,0.78125],"rotation":0,"texture":"#0","tintindex":0}}},{"from":[5.714286,3.4285712,8.0],"to":[10.857143,10.857143,22.285715],"rotation":{"angle":0.0,"axis":"y","origin":[8.0,-12.57143,-29.714287]},"faces":{"east":{"uv":[8.71875,9.1875,9.5,9.59375],"rotation":0,"texture":"#0","tintindex":0},"south":{"uv":[11.6875,3.71875,11.96875,4.125],"rotation":0,"texture":"#0","tintindex":0},"north":{"uv":[11.65625,5.875,11.9375,6.28125],"rotation":0,"texture":"#0","tintindex":0},"west":{"uv":[9.25,1.0,10.03125,1.40625],"rotation":0,"texture":"#0","tintindex":0},"up":{"uv":[11.0625,1.53125,10.78125,0.75],"rotation":0,"texture":"#0","tintindex":0},"down":{"uv":[1.15625,10.78125,0.875,11.5625],"rotation":0,"texture":"#0","tintindex":0}}},{"from":[5.714286,1.1428566,8.0],"to":[10.857143,3.4285712,22.285715],"rotation":{"angle":0.0,"axis":"y","origin":[8.0,-12.57143,-29.714287]},"faces":{"east":{"uv":[11.71875,3.0625,12.5,3.1875],"rotation":0,"texture":"#0","tintindex":0},"south":{"uv":[12.46875,2.15625,12.75,2.28125],"rotation":0,"texture":"#0","tintindex":0},"north":{"uv":[12.46875,2.03125,12.75,2.15625],"rotation":0,"texture":"#0","tintindex":0},"west":{"uv":[11.71875,3.1875,12.5,3.3125],"rotation":0,"texture":"#0","tintindex":0},"up":{"uv":[1.4375,11.5625,1.15625,10.78125],"rotation":0,"texture":"#0","tintindex":0},"down":{"uv":[1.71875,10.78125,1.4375,11.5625],"rotation":0,"texture":"#0","tintindex":0}}}],"display":{"head":{"translation":[0.0,-6.4,0.0],"scale":[4.0,4.0,4.0]}}}