{"textures":{"0":"modelengine:entity/dragon_sentinel_dragonform"},"elements":[{"from":[8.0,11.428572,8.0],"to":[8.0,16.0,22.285715],"rotation":{"angle":0.0,"axis":"y","origin":[8.0,-12.57143,-29.714287]},"faces":{"east":{"uv":[10.875,6.125,11.65625,6.375],"rotation":0,"texture":"#0","tintindex":0},"south":{"uv":[0.0,0.0,0.0,0.25],"rotation":0,"texture":"#0","tintindex":0},"north":{"uv":[0.0,0.0,0.0,0.25],"rotation":0,"texture":"#0","tintindex":0},"west":{"uv":[10.9375,3.0625,11.71875,3.3125],"rotation":0,"texture":"#0","tintindex":0},"up":{"uv":[0.0,0.78125,0.0,0.0],"rotation":0,"texture":"#0","tintindex":0},"down":{"uv":[0.0,0.0,0.0,0.78125],"rotation":0,"texture":"#0","tintindex":0}}},{"from":[5.142857,2.8571424,8.0],"to":[11.428572,11.428572,22.285715],"rotation":{"angle":0.0,"axis":"y","origin":[8.0,-12.57143,-29.714287]},"faces":{"east":{"uv":[8.71875,3.125,9.5,3.59375],"rotation":0,"texture":"#0","tintindex":0},"south":{"uv":[4.15625,11.3125,4.5,11.78125],"rotation":0,"texture":"#0","tintindex":0},"north":{"uv":[11.28125,8.65625,11.625,9.125],"rotation":0,"texture":"#0","tintindex":0},"west":{"uv":[8.71875,3.59375,9.5,4.0625],"rotation":0,"texture":"#0","tintindex":0},"up":{"uv":[6.125,10.96875,5.78125,10.1875],"rotation":0,"texture":"#0","tintindex":0},"down":{"uv":[6.46875,10.1875,6.125,10.96875],"rotation":0,"texture":"#0","tintindex":0}}},{"from":[5.714286,0.5714283,8.0],"to":[10.857143,2.8571424,22.285715],"rotation":{"angle":0.0,"axis":"y","origin":[8.0,-12.57143,-29.714287]},"faces":{"east":{"uv":[11.6875,4.4375,12.46875,4.5625],"rotation":0,"texture":"#0","tintindex":0},"south":{"uv":[2.0,12.46875,2.28125,12.59375],"rotation":0,"texture":"#0","tintindex":0},"north":{"uv":[12.46875,1.90625,12.75,2.03125],"rotation":0,"texture":"#0","tintindex":0},"west":{"uv":[11.6875,4.5625,12.46875,4.6875],"rotation":0,"texture":"#0","tintindex":0},"up":{"uv":[4.5625,11.3125,4.28125,10.53125],"rotation":0,"texture":"#0","tintindex":0},"down":{"uv":[11.03125,7.25,10.75,8.03125],"rotation":0,"texture":"#0","tintindex":0}}}],"display":{"head":{"translation":[0.0,-6.4,0.0],"scale":[4.0,4.0,4.0]}}}