{"textures":{"0":"modelengine:entity/dragon_sentinel_dragonform"},"elements":[{"from":[8.0,11.428572,8.0],"to":[8.0,16.0,22.285715],"rotation":{"angle":0.0,"axis":"y","origin":[8.0,-12.57143,-29.714287]},"faces":{"east":{"uv":[10.875,5.125,11.65625,5.375],"rotation":0,"texture":"#0","tintindex":0},"south":{"uv":[0.0,0.0,0.0,0.25],"rotation":0,"texture":"#0","tintindex":0},"north":{"uv":[0.0,0.0,0.0,0.25],"rotation":0,"texture":"#0","tintindex":0},"west":{"uv":[10.875,5.375,11.65625,5.625],"rotation":0,"texture":"#0","tintindex":0},"up":{"uv":[0.0,0.78125,0.0,0.0],"rotation":0,"texture":"#0","tintindex":0},"down":{"uv":[0.0,0.0,0.0,0.78125],"rotation":0,"texture":"#0","tintindex":0}}},{"from":[4.0,2.2857141,8.0],"to":[12.571428,11.428572,22.285715],"rotation":{"angle":0.0,"axis":"y","origin":[8.0,-12.57143,-29.714287]},"faces":{"east":{"uv":[8.5,0.0,9.28125,0.5],"rotation":0,"texture":"#0","tintindex":0},"south":{"uv":[10.40625,5.90625,10.875,6.40625],"rotation":0,"texture":"#0","tintindex":0},"north":{"uv":[10.40625,5.40625,10.875,5.90625],"rotation":0,"texture":"#0","tintindex":0},"west":{"uv":[2.1875,8.53125,2.96875,9.03125],"rotation":0,"texture":"#0","tintindex":0},"up":{"uv":[9.1875,2.34375,8.71875,1.5625],"rotation":0,"texture":"#0","tintindex":0},"down":{"uv":[9.1875,2.34375,8.71875,3.125],"rotation":0,"texture":"#0","tintindex":0}}},{"from":[5.142857,-0.57142925,8.0],"to":[11.428572,2.2857141,22.285715],"rotation":{"angle":0.0,"axis":"y","origin":[8.0,-12.57143,-29.714287]},"faces":{"east":{"uv":[11.53125,8.46875,12.3125,8.625],"rotation":0,"texture":"#0","tintindex":0},"south":{"uv":[12.125,7.21875,12.46875,7.375],"rotation":0,"texture":"#0","tintindex":0},"north":{"uv":[12.125,7.0625,12.46875,7.21875],"rotation":0,"texture":"#0","tintindex":0},"west":{"uv":[11.59375,3.5625,12.375,3.71875],"rotation":0,"texture":"#0","tintindex":0},"up":{"uv":[10.375,2.5,10.03125,1.71875],"rotation":0,"texture":"#0","tintindex":0},"down":{"uv":[4.90625,10.0625,4.5625,10.84375],"rotation":0,"texture":"#0","tintindex":0}}}],"display":{"head":{"translation":[0.0,-6.4,0.0],"scale":[4.0,4.0,4.0]}}}