{"textures":{"0":"modelengine:entity/dragon_sentinel_dragonform"},"elements":[{"from":[8.0,11.428572,8.0],"to":[8.0,16.0,22.285715],"rotation":{"angle":0.0,"axis":"y","origin":[8.0,-12.57143,-29.714287]},"faces":{"east":{"uv":[10.875,5.625,11.65625,5.875],"rotation":0,"texture":"#0","tintindex":0},"south":{"uv":[0.0,0.0,0.0,0.25],"rotation":0,"texture":"#0","tintindex":0},"north":{"uv":[0.0,0.0,0.0,0.25],"rotation":0,"texture":"#0","tintindex":0},"west":{"uv":[10.875,5.875,11.65625,6.125],"rotation":0,"texture":"#0","tintindex":0},"up":{"uv":[0.0,0.78125,0.0,0.0],"rotation":0,"texture":"#0","tintindex":0},"down":{"uv":[0.0,0.0,0.0,0.78125],"rotation":0,"texture":"#0","tintindex":0}}},{"from":[4.5714283,2.2857141,8.0],"to":[12.0,11.428572,22.285715],"rotation":{"angle":0.0,"axis":"y","origin":[8.0,-12.57143,-29.714287]},"faces":{"east":{"uv":[2.96875,8.53125,3.75,9.03125],"rotation":0,"texture":"#0","tintindex":0},"south":{"uv":[10.875,4.3125,11.28125,4.8125],"rotation":0,"texture":"#0","tintindex":0},"north":{"uv":[4.8125,10.84375,5.21875,11.34375],"rotation":0,"texture":"#0","tintindex":0},"west":{"uv":[8.5625,0.5,9.34375,1.0],"rotation":0,"texture":"#0","tintindex":0},"up":{"uv":[9.59375,2.34375,9.1875,1.5625],"rotation":0,"texture":"#0","tintindex":0},"down":{"uv":[9.59375,2.34375,9.1875,3.125],"rotation":0,"texture":"#0","tintindex":0}}},{"from":[5.142857,0.0,8.0],"to":[11.428572,2.2857141,22.285715],"rotation":{"angle":0.0,"axis":"y","origin":[8.0,-12.57143,-29.714287]},"faces":{"east":{"uv":[11.625,6.9375,12.40625,7.0625],"rotation":0,"texture":"#0","tintindex":0},"south":{"uv":[12.3125,2.90625,12.65625,3.03125],"rotation":0,"texture":"#0","tintindex":0},"north":{"uv":[12.3125,2.28125,12.65625,2.40625],"rotation":0,"texture":"#0","tintindex":0},"west":{"uv":[11.65625,1.03125,12.4375,1.15625],"rotation":0,"texture":"#0","tintindex":0},"up":{"uv":[5.25,10.84375,4.90625,10.0625],"rotation":0,"texture":"#0","tintindex":0},"down":{"uv":[8.21875,10.09375,7.875,10.875],"rotation":0,"texture":"#0","tintindex":0}}}],"display":{"head":{"translation":[0.0,-6.4,0.0],"scale":[4.0,4.0,4.0]}}}