{"textures":{"0":"modelengine:entity/dragon_sentinel_dragonform"},"elements":[{"from":[8.0,10.857143,8.0],"to":[8.0,14.285715,20.0],"rotation":{"angle":0.0,"axis":"y","origin":[8.0,-12.57143,-29.714287]},"faces":{"east":{"uv":[11.28125,10.09375,11.9375,10.28125],"rotation":0,"texture":"#0","tintindex":0},"south":{"uv":[0.0,0.0,0.0,0.1875],"rotation":0,"texture":"#0","tintindex":0},"north":{"uv":[0.0,0.0,0.0,0.1875],"rotation":0,"texture":"#0","tintindex":0},"west":{"uv":[11.53125,8.28125,12.1875,8.46875],"rotation":0,"texture":"#0","tintindex":0},"up":{"uv":[0.0,0.65625,0.0,0.0],"rotation":0,"texture":"#0","tintindex":0},"down":{"uv":[0.0,0.0,0.0,0.65625],"rotation":0,"texture":"#0","tintindex":0}}},{"from":[5.714286,4.5714283,8.0],"to":[10.857143,10.857143,20.57143],"rotation":{"angle":0.0,"axis":"y","origin":[8.0,-12.57143,-29.714287]},"faces":{"east":{"uv":[10.34375,8.4375,11.03125,8.78125],"rotation":0,"texture":"#0","tintindex":0},"south":{"uv":[10.4375,11.78125,10.71875,12.125],"rotation":0,"texture":"#0","tintindex":0},"north":{"uv":[11.78125,9.625,12.0625,9.96875],"rotation":0,"texture":"#0","tintindex":0},"west":{"uv":[10.375,2.09375,11.0625,2.4375],"rotation":0,"texture":"#0","tintindex":0},"up":{"uv":[4.15625,11.59375,3.875,10.90625],"rotation":0,"texture":"#0","tintindex":0},"down":{"uv":[11.21875,10.53125,10.9375,11.21875],"rotation":0,"texture":"#0","tintindex":0}}},{"from":[5.714286,2.2857141,8.0],"to":[10.857143,4.5714283,20.0],"rotation":{"angle":0.0,"axis":"y","origin":[8.0,-12.57143,-29.714287]},"faces":{"east":{"uv":[5.78125,9.6875,6.4375,9.8125],"rotation":0,"texture":"#0","tintindex":0},"south":{"uv":[12.46875,2.75,12.75,2.875],"rotation":0,"texture":"#0","tintindex":0},"north":{"uv":[12.46875,2.625,12.75,2.75],"rotation":0,"texture":"#0","tintindex":0},"west":{"uv":[10.40625,6.78125,11.0625,6.90625],"rotation":0,"texture":"#0","tintindex":0},"up":{"uv":[3.59375,11.84375,3.3125,11.1875],"rotation":0,"texture":"#0","tintindex":0},"down":{"uv":[11.5,0.0,11.21875,0.65625],"rotation":0,"texture":"#0","tintindex":0}}}],"display":{"head":{"translation":[0.0,-6.4,0.0],"scale":[4.0,4.0,4.0]}}}