{"textures":{"0":"modelengine:entity/snowy_creeper"},"elements":[{"from":[5.714286,8.571428,6.285714],"to":[10.285714,13.142858,9.714286],"rotation":{"angle":0.0,"axis":"y","origin":[8.0,2.8571424,8.0]},"faces":{"east":{"uv":[0.0,6.5,1.5,8.5],"rotation":0,"texture":"#0","tintindex":0},"south":{"uv":[5.0,6.5,7.0,8.5],"rotation":0,"texture":"#0","tintindex":0},"north":{"uv":[1.5,6.5,3.5,8.5],"rotation":0,"texture":"#0","tintindex":0},"west":{"uv":[3.5,6.5,5.0,8.5],"rotation":0,"texture":"#0","tintindex":0},"up":{"uv":[3.5,6.5,1.5,5.0],"rotation":0,"texture":"#0","tintindex":0},"down":{"uv":[5.5,5.0,3.5,6.5],"rotation":0,"texture":"#0","tintindex":0}}},{"from":[4.5714283,7.428571,8.0],"to":[11.428572,13.142858,8.0],"rotation":{"angle":0.0,"axis":"y","origin":[8.0,2.8571424,8.0]},"faces":{"east":{"uv":[7.5,0.0,7.5,2.5],"rotation":0,"texture":"#0","tintindex":0},"south":{"uv":[10.5,0.0,7.75,2.5],"rotation":0,"texture":"#0","tintindex":0},"north":{"uv":[7.5,0.0,10.5,2.5],"rotation":0,"texture":"#0","tintindex":0},"west":{"uv":[10.5,0.0,10.5,2.5],"rotation":0,"texture":"#0","tintindex":0},"up":{"uv":[10.5,0.0,7.5,0.0],"rotation":0,"texture":"#0","tintindex":0},"down":{"uv":[13.5,0.0,10.5,0.0],"rotation":0,"texture":"#0","tintindex":0}}}],"display":{"head":{"translation":[0.0,-6.4,0.0],"scale":[4.0,4.0,4.0]}}}