{"textures":{"2":"modelengine:entity/creeper_armor_1"},"elements":[{"from":[5.142857,2.2857141,5.714286],"to":[10.285714,9.142858,10.285714],"rotation":{"angle":0.0,"axis":"y","origin":[9.142858,3.4285712,10.285714]},"faces":{"east":{"uv":[6.0,8.75,7.0,10.75],"rotation":0,"texture":"#2","tintindex":0},"south":{"uv":[9.25,8.75,10.5,10.75],"rotation":0,"texture":"#2","tintindex":0},"north":{"uv":[7.0,8.75,8.25,10.75],"rotation":0,"texture":"#2","tintindex":0},"west":{"uv":[8.25,8.75,9.25,10.75],"rotation":0,"texture":"#2","tintindex":0},"up":{"uv":[8.25,8.75,7.0,7.75],"rotation":0,"texture":"#2","tintindex":0},"down":{"uv":[9.5,7.75,8.25,8.75],"rotation":0,"texture":"#2","tintindex":0}}},{"from":[10.285714,9.142858,10.285714],"to":[5.142857,2.2857141,5.714286],"rotation":{"angle":0.0,"axis":"y","origin":[9.142858,3.4285712,10.285714]},"faces":{"east":{"uv":[8.25,10.75,9.25,8.75],"rotation":0,"texture":"#2","tintindex":0},"south":{"uv":[7.0,10.75,8.25,8.75],"rotation":0,"texture":"#2","tintindex":0},"north":{"uv":[9.25,10.75,10.5,8.75],"rotation":0,"texture":"#2","tintindex":0},"west":{"uv":[6.0,10.75,7.0,8.75],"rotation":0,"texture":"#2","tintindex":0},"up":{"uv":[8.25,7.75,9.5,8.75],"rotation":0,"texture":"#2","tintindex":0},"down":{"uv":[7.0,8.75,8.25,7.75],"rotation":0,"texture":"#2","tintindex":0}}}],"display":{"head":{"translation":[0.0,-6.4,0.0],"scale":[4.0,4.0,4.0]}}}