{"textures":{"0":"modelengine:entity/clang_ai_glow"},"elements":[{"from":[5.714286,8.0,5.428571],"to":[10.285714,11.428572,10.0],"rotation":{"angle":0.0,"axis":"y","origin":[8.0,10.142858,7.142857]},"faces":{"east":{"uv":[2.125,4.75,3.125,5.5],"rotation":0,"texture":"#0","tintindex":0},"south":{"uv":[3.25,4.75,4.25,5.5],"rotation":0,"texture":"#0","tintindex":0},"north":{"uv":[1.0,4.75,2.0,5.5],"rotation":0,"texture":"#0","tintindex":0},"west":{"uv":[5.0,1.0,6.0,1.75],"rotation":0,"texture":"#0","tintindex":0},"up":{"uv":[2.375,1.0,1.375,0.0],"rotation":0,"texture":"#0","tintindex":0},"down":{"uv":[2.375,1.125,1.375,2.125],"rotation":0,"texture":"#0","tintindex":0}}},{"from":[9.571428,7.857143,4.8571424],"to":[10.714286,9.0,5.428571],"rotation":{"angle":-22.5,"axis":"x","origin":[10.571428,8.571428,5.428571]},"faces":{"east":{"uv":[6.125,2.25,6.25,2.5],"rotation":0,"texture":"#0","tintindex":0},"south":{"uv":[8.875,11.125,9.125,11.375],"rotation":0,"texture":"#0","tintindex":0},"north":{"uv":[1.75,9.25,2.0,9.5],"rotation":0,"texture":"#0","tintindex":0},"west":{"uv":[7.125,1.875,7.25,2.125],"rotation":0,"texture":"#0","tintindex":0},"up":{"uv":[1.25,6.375,1.0,6.25],"rotation":0,"texture":"#0","tintindex":0},"down":{"uv":[0.875,7.0,0.625,7.125],"rotation":0,"texture":"#0","tintindex":0}}},{"from":[5.142857,10.142858,6.0],"to":[10.857143,12.428572,10.185715],"rotation":{"angle":-22.5,"axis":"x","origin":[10.571428,8.571428,5.428571]},"faces":{"east":{"uv":[2.0,7.125,2.875,7.625],"rotation":0,"texture":"#0","tintindex":0},"south":{"uv":[0.0,5.625,1.25,6.125],"rotation":0,"texture":"#0","tintindex":0},"north":{"uv":[5.0,2.625,6.25,3.125],"rotation":0,"texture":"#0","tintindex":0},"west":{"uv":[7.125,6.625,8.0,7.125],"rotation":0,"texture":"#0","tintindex":0},"up":{"uv":[1.25,0.875,0.0,0.0],"rotation":0,"texture":"#0","tintindex":0},"down":{"uv":[1.25,1.0,0.0,1.875],"rotation":0,"texture":"#0","tintindex":0}}},{"from":[10.142858,7.857143,6.785714],"to":[11.285714,10.142858,11.142858],"rotation":{"angle":-22.5,"axis":"x","origin":[10.571428,8.571428,5.428571]},"faces":{"east":{"uv":[2.0,6.5,3.0,7.0],"rotation":0,"texture":"#0","tintindex":0},"south":{"uv":[7.875,10.625,8.125,11.125],"rotation":0,"texture":"#0","tintindex":0},"north":{"uv":[0.0,10.125,0.25,10.625],"rotation":0,"texture":"#0","tintindex":0},"west":{"uv":[6.5,3.0,7.5,3.5],"rotation":0,"texture":"#0","tintindex":0},"up":{"uv":[6.375,9.875,6.125,8.875],"rotation":0,"texture":"#0","tintindex":0},"down":{"uv":[0.25,9.0,0.0,10.0],"rotation":0,"texture":"#0","tintindex":0}}},{"from":[4.714286,7.857143,6.785714],"to":[5.8571424,10.142858,11.142858],"rotation":{"angle":-22.5,"axis":"x","origin":[5.428571,8.571428,5.428571]},"faces":{"east":{"uv":[6.5,3.625,7.5,4.125],"rotation":0,"texture":"#0","tintindex":0},"south":{"uv":[9.25,10.625,9.5,11.125],"rotation":0,"texture":"#0","tintindex":0},"north":{"uv":[10.625,8.5,10.875,9.0],"rotation":0,"texture":"#0","tintindex":0},"west":{"uv":[6.5,4.25,7.5,4.75],"rotation":0,"texture":"#0","tintindex":0},"up":{"uv":[9.375,6.125,9.125,5.125],"rotation":0,"texture":"#0","tintindex":0},"down":{"uv":[9.375,7.5,9.125,8.5],"rotation":0,"texture":"#0","tintindex":0}}},{"from":[10.1285715,8.442857,5.428571],"to":[11.271429,10.157143,7.142857],"rotation":{"angle":-22.5,"axis":"x","origin":[10.571428,8.571428,5.428571]},"faces":{"east":{"uv":[2.375,7.75,2.75,8.125],"rotation":0,"texture":"#0","tintindex":0},"south":{"uv":[6.875,10.75,7.125,11.125],"rotation":0,"texture":"#0","tintindex":0},"north":{"uv":[5.625,10.75,5.875,11.125],"rotation":0,"texture":"#0","tintindex":0},"west":{"uv":[1.5,10.125,1.875,10.5],"rotation":0,"texture":"#0","tintindex":0},"up":{"uv":[11.0,7.875,10.75,7.5],"rotation":0,"texture":"#0","tintindex":0},"down":{"uv":[11.0,8.0,10.75,8.375],"rotation":0,"texture":"#0","tintindex":0}}},{"from":[10.142858,8.428572,5.428571],"to":[11.285714,9.571428,6.957143],"rotation":{"angle":0.0,"axis":"y","origin":[10.571428,8.571428,5.428571]},"faces":{"east":{"uv":[8.5,10.75,8.875,11.0],"rotation":0,"texture":"#0","tintindex":0},"south":{"uv":[11.25,0.375,11.5,0.625],"rotation":0,"texture":"#0","tintindex":0},"north":{"uv":[11.25,0.0,11.5,0.25],"rotation":0,"texture":"#0","tintindex":0},"west":{"uv":[10.75,9.5,11.125,9.75],"rotation":0,"texture":"#0","tintindex":0},"up":{"uv":[9.875,11.125,9.625,10.75],"rotation":0,"texture":"#0","tintindex":0},"down":{"uv":[11.0,9.875,10.75,10.25],"rotation":0,"texture":"#0","tintindex":0}}},{"from":[4.142857,8.714286,6.642857],"to":[5.285714,9.857143,8.357142],"rotation":{"angle":-22.5,"axis":"x","origin":[5.428571,8.571428,5.428571]},"faces":{"east":{"uv":[10.75,10.375,11.125,10.625],"rotation":0,"texture":"#0","tintindex":0},"south":{"uv":[11.25,3.625,11.5,3.875],"rotation":0,"texture":"#0","tintindex":0},"north":{"uv":[11.25,0.75,11.5,1.0],"rotation":0,"texture":"#0","tintindex":0},"west":{"uv":[10.75,10.75,11.125,11.0],"rotation":0,"texture":"#0","tintindex":0},"up":{"uv":[11.125,0.75,10.875,0.375],"rotation":0,"texture":"#0","tintindex":0},"down":{"uv":[11.125,0.875,10.875,1.25],"rotation":0,"texture":"#0","tintindex":0}}},{"from":[10.714286,8.714286,6.642857],"to":[11.857143,9.857143,8.357142],"rotation":{"angle":-22.5,"axis":"x","origin":[10.571428,8.571428,5.428571]},"faces":{"east":{"uv":[11.125,10.75,10.75,11.0],"rotation":0,"texture":"#0","tintindex":0},"south":{"uv":[11.5,3.625,11.25,3.875],"rotation":0,"texture":"#0","tintindex":0},"north":{"uv":[11.5,0.75,11.25,1.0],"rotation":0,"texture":"#0","tintindex":0},"west":{"uv":[11.125,10.375,10.75,10.625],"rotation":0,"texture":"#0","tintindex":0},"up":{"uv":[10.875,0.75,11.125,0.375],"rotation":0,"texture":"#0","tintindex":0},"down":{"uv":[10.875,0.875,11.125,1.25],"rotation":0,"texture":"#0","tintindex":0}}},{"from":[4.7285714,8.442857,5.428571],"to":[5.8714285,10.157143,7.142857],"rotation":{"angle":-22.5,"axis":"x","origin":[5.428571,8.571428,5.428571]},"faces":{"east":{"uv":[2.0,10.125,2.375,10.5],"rotation":0,"texture":"#0","tintindex":0},"south":{"uv":[6.0,10.875,6.25,11.25],"rotation":0,"texture":"#0","tintindex":0},"north":{"uv":[10.875,5.875,11.125,6.25],"rotation":0,"texture":"#0","tintindex":0},"west":{"uv":[10.125,8.5,10.5,8.875],"rotation":0,"texture":"#0","tintindex":0},"up":{"uv":[11.125,6.75,10.875,6.375],"rotation":0,"texture":"#0","tintindex":0},"down":{"uv":[7.5,10.875,7.25,11.25],"rotation":0,"texture":"#0","tintindex":0}}},{"from":[4.714286,8.428572,5.428571],"to":[5.8571424,9.571428,6.957143],"rotation":{"angle":0.0,"axis":"y","origin":[5.428571,8.571428,5.428571]},"faces":{"east":{"uv":[11.0,6.875,11.375,7.125],"rotation":0,"texture":"#0","tintindex":0},"south":{"uv":[11.25,5.125,11.5,5.375],"rotation":0,"texture":"#0","tintindex":0},"north":{"uv":[11.25,4.75,11.5,5.0],"rotation":0,"texture":"#0","tintindex":0},"west":{"uv":[11.0,8.5,11.375,8.75],"rotation":0,"texture":"#0","tintindex":0},"up":{"uv":[10.25,11.375,10.0,11.0],"rotation":0,"texture":"#0","tintindex":0},"down":{"uv":[10.625,11.0,10.375,11.375],"rotation":0,"texture":"#0","tintindex":0}}},{"from":[5.285714,7.857143,4.8571424],"to":[6.428571,9.0,5.428571],"rotation":{"angle":-22.5,"axis":"x","origin":[5.428571,8.571428,5.428571]},"faces":{"east":{"uv":[7.375,2.625,7.5,2.875],"rotation":0,"texture":"#0","tintindex":0},"south":{"uv":[11.25,5.5,11.5,5.75],"rotation":0,"texture":"#0","tintindex":0},"north":{"uv":[5.5,11.25,5.75,11.5],"rotation":0,"texture":"#0","tintindex":0},"west":{"uv":[8.125,2.25,8.25,2.5],"rotation":0,"texture":"#0","tintindex":0},"up":{"uv":[9.125,0.625,8.875,0.5],"rotation":0,"texture":"#0","tintindex":0},"down":{"uv":[10.25,6.875,10.0,7.0],"rotation":0,"texture":"#0","tintindex":0}}},{"from":[5.714286,7.857143,10.014286],"to":[10.285714,10.142858,11.157143],"rotation":{"angle":-22.5,"axis":"x","origin":[10.571428,8.571428,5.428571]},"faces":{"east":{"uv":[0.0,10.75,0.25,11.25],"rotation":0,"texture":"#0","tintindex":0},"south":{"uv":[4.875,6.75,5.875,7.25],"rotation":0,"texture":"#0","tintindex":0},"north":{"uv":[6.625,4.875,7.625,5.375],"rotation":0,"texture":"#0","tintindex":0},"west":{"uv":[0.375,10.75,0.625,11.25],"rotation":0,"texture":"#0","tintindex":0},"up":{"uv":[10.125,4.125,9.125,3.875],"rotation":0,"texture":"#0","tintindex":0},"down":{"uv":[10.25,0.5,9.25,0.75],"rotation":0,"texture":"#0","tintindex":0}}},{"from":[6.857143,9.714286,4.285714],"to":[8.571428,11.428572,8.285714],"rotation":{"angle":45.0,"axis":"z","origin":[8.0,10.857143,6.285714]},"faces":{"east":{"uv":[8.875,0.0,9.75,0.375],"rotation":0,"texture":"#0","tintindex":0},"south":{"uv":[10.25,2.625,10.625,3.0],"rotation":0,"texture":"#0","tintindex":0},"north":{"uv":[10.125,9.0,10.5,9.375],"rotation":0,"texture":"#0","tintindex":0},"west":{"uv":[8.875,1.5,9.75,1.875],"rotation":0,"texture":"#0","tintindex":0},"up":{"uv":[8.5,9.5,8.125,8.625],"rotation":0,"texture":"#0","tintindex":0},"down":{"uv":[4.0,8.75,3.625,9.625],"rotation":0,"texture":"#0","tintindex":0}}},{"from":[7.714286,8.571428,5.285714],"to":[8.285714,9.142858,5.8571424],"rotation":{"angle":-22.5,"axis":"x","origin":[10.571428,8.571428,5.428571]},"faces":{"east":{"uv":[0.875,3.0,1.0,3.125],"rotation":0,"texture":"#0","tintindex":0},"south":{"uv":[6.375,5.0,6.5,5.125],"rotation":0,"texture":"#0","tintindex":0},"north":{"uv":[1.125,2.0,1.25,2.125],"rotation":0,"texture":"#0","tintindex":0},"west":{"uv":[8.875,2.0,9.0,2.125],"rotation":0,"texture":"#0","tintindex":0},"up":{"uv":[9.0,7.625,8.875,7.5],"rotation":0,"texture":"#0","tintindex":0},"down":{"uv":[9.25,8.625,9.125,8.75],"rotation":0,"texture":"#0","tintindex":0}}},{"from":[5.714286,7.639805,7.6445208],"to":[10.285714,10.111234,11.644521],"rotation":{"angle":-45.0,"axis":"x","origin":[10.571428,8.068377,5.358806]},"faces":{"east":{"uv":[0.625,7.25,1.5,7.75],"rotation":0,"texture":"#0","tintindex":0},"south":{"uv":[3.125,6.875,4.125,7.375],"rotation":0,"texture":"#0","tintindex":0},"north":{"uv":[6.0,6.75,7.0,7.25],"rotation":0,"texture":"#0","tintindex":0},"west":{"uv":[7.125,7.25,8.0,7.75],"rotation":0,"texture":"#0","tintindex":0},"up":{"uv":[1.0,2.875,0.0,2.0],"rotation":0,"texture":"#0","tintindex":0},"down":{"uv":[2.125,2.25,1.125,3.125],"rotation":0,"texture":"#0","tintindex":0}}},{"from":[8.771429,9.357143,5.3857145],"to":[9.571428,10.185715,5.3857145],"rotation":{"angle":0.0,"axis":"y","origin":[8.0,10.142858,7.142857]},"faces":{"east":{"uv":[4.5,3.25,4.5,3.5],"rotation":0,"texture":"#0","tintindex":0},"south":{"uv":[2.875,9.0,3.0,9.25],"rotation":0,"texture":"#0","tintindex":0},"north":{"uv":[11.5,11.0,12.25,11.875],"rotation":0,"texture":"#0","tintindex":0},"west":{"uv":[3.0,7.125,3.0,7.375],"rotation":0,"texture":"#0","tintindex":0},"up":{"uv":[2.625,2.125,2.5,2.125],"rotation":0,"texture":"#0","tintindex":0},"down":{"uv":[2.875,2.125,2.75,2.125],"rotation":0,"texture":"#0","tintindex":0}}},{"from":[6.485714,9.357143,5.3857145],"to":[7.285714,10.185715,5.3857145],"rotation":{"angle":0.0,"axis":"y","origin":[8.0,10.142858,7.142857]},"faces":{"east":{"uv":[4.5,3.25,4.5,3.5],"rotation":0,"texture":"#0","tintindex":0},"south":{"uv":[2.875,9.0,3.0,9.25],"rotation":0,"texture":"#0","tintindex":0},"north":{"uv":[11.5,11.0,12.25,11.875],"rotation":0,"texture":"#0","tintindex":0},"west":{"uv":[3.0,7.125,3.0,7.375],"rotation":0,"texture":"#0","tintindex":0},"up":{"uv":[2.625,2.125,2.5,2.125],"rotation":0,"texture":"#0","tintindex":0},"down":{"uv":[2.875,2.125,2.75,2.125],"rotation":0,"texture":"#0","tintindex":0}}}],"display":{"head":{"translation":[0.0,-6.4,0.0],"scale":[4.0,4.0,4.0]}}}