{"textures":{"0":"modelengine:entity/frobat"},"elements":[{"from":[7.5941205,6.203369,7.8798347],"to":[8.405879,8.368059,8.691594],"rotation":{"angle":-22.5,"axis":"x","origin":[8.0,7.285714,8.285714]},"faces":{"east":{"uv":[9.765,0.015,9.985,0.485],"rotation":0,"texture":"#0","tintindex":0},"south":{"uv":[0.515,9.765,0.735,10.235],"rotation":0,"texture":"#0","tintindex":0},"north":{"uv":[0.015,9.765,0.235,10.235],"rotation":0,"texture":"#0","tintindex":0},"west":{"uv":[9.765,0.765,9.985,1.235],"rotation":0,"texture":"#0","tintindex":0},"up":{"uv":[9.985,9.985,9.765,9.765],"rotation":0,"texture":"#0","tintindex":0},"down":{"uv":[5.235,10.015,5.015,10.235],"rotation":0,"texture":"#0","tintindex":0}}}],"display":{"head":{"translation":[0.0,-6.4,0.0],"scale":[4.0,4.0,4.0]}}}