{"textures":{"0":"modelengine:entity/duck_mallard"},"elements":[{"from":[7.428571,7.142857,8.0],"to":[8.571428,8.285714,8.0],"rotation":{"angle":0.0,"axis":"y","origin":[10.285714,10.571428,10.0]},"faces":{"east":{"uv":[4.75,1.75,4.75,2.25],"rotation":0,"texture":"#0","tintindex":0},"south":{"uv":[3.75,9.5,4.25,10.0],"rotation":0,"texture":"#0","tintindex":0},"north":{"uv":[4.0,1.75,4.5,2.25],"rotation":0,"texture":"#0","tintindex":0},"west":{"uv":[5.0,3.25,5.0,3.75],"rotation":0,"texture":"#0","tintindex":0},"up":{"uv":[6.5,1.5,6.0,1.5],"rotation":0,"texture":"#0","tintindex":0},"down":{"uv":[7.75,6.0,7.25,6.0],"rotation":0,"texture":"#0","tintindex":0}}}],"display":{"head":{"translation":[0.0,-6.4,0.0],"scale":[4.0,4.0,4.0]}}}