{"textures":{"0":"modelengine:entity/jellyfish_green"},"elements":[{"from":[6.5714283,7.428571,6.5714283],"to":[9.428572,9.714286,9.428572],"rotation":{"angle":0.0,"axis":"y","origin":[8.0,7.714286,8.114285]},"faces":{"east":{"uv":[7.0,0.0,9.5,2.0],"rotation":0,"texture":"#0","tintindex":0},"south":{"uv":[7.0,2.0,9.5,4.0],"rotation":0,"texture":"#0","tintindex":0},"north":{"uv":[0.0,7.0,2.5,9.0],"rotation":0,"texture":"#0","tintindex":0},"west":{"uv":[7.0,4.0,9.5,6.0],"rotation":0,"texture":"#0","tintindex":0},"up":{"uv":[6.0,8.5,3.5,6.0],"rotation":0,"texture":"#0","tintindex":0},"down":{"uv":[8.5,6.0,6.0,8.5],"rotation":0,"texture":"#0","tintindex":0}}}],"display":{"head":{"translation":[0.0,-6.4,0.0],"scale":[4.0,4.0,4.0]}}}