{"textures":{"0":"modelengine:entity/bear_brown"},"elements":[{"from":[5.707714,6.385714,4.448571],"to":[10.292286,8.322857,8.968572],"rotation":{"angle":0.0,"axis":"y","origin":[12.8267145,12.819759,7.664984]},"faces":{"east":{"uv":[10.375,0.5,11.25,0.875],"rotation":0,"texture":"#0","tintindex":0},"south":{"uv":[10.375,5.125,11.25,5.5],"rotation":0,"texture":"#0","tintindex":0},"north":{"uv":[10.375,0.0,11.25,0.375],"rotation":0,"texture":"#0","tintindex":0},"west":{"uv":[10.375,5.625,11.25,6.0],"rotation":0,"texture":"#0","tintindex":0},"up":{"uv":[10.25,6.25,9.375,5.375],"rotation":0,"texture":"#0","tintindex":0},"down":{"uv":[10.25,6.375,9.375,7.25],"rotation":0,"texture":"#0","tintindex":0}}}],"display":{"head":{"translation":[0.0,-6.4,0.0],"scale":[4.0,4.0,4.0]}}}