{"textures":{"1":"modelengine:entity/cobweb_bullet_white"},"elements":[{"from":[14.335175,1.7142854,10.624115],"to":[26.906605,14.285715,10.624115],"rotation":{"angle":22.5,"axis":"y","origin":[8.0,8.0,8.0]},"faces":{"east":{"uv":[10.625,11.5,10.625,14.25],"rotation":0,"texture":"#1","tintindex":0},"south":{"uv":[11.5,2.875,14.25,5.625],"rotation":0,"texture":"#1","tintindex":0},"north":{"uv":[2.875,11.5,5.625,14.25],"rotation":0,"texture":"#1","tintindex":0},"west":{"uv":[10.75,11.5,10.75,14.25],"rotation":0,"texture":"#1","tintindex":0},"up":{"uv":[14.375,7.625,11.625,7.625],"rotation":0,"texture":"#1","tintindex":0},"down":{"uv":[14.375,7.75,11.625,7.75],"rotation":0,"texture":"#1","tintindex":0}}},{"from":[2.2857141,1.7142854,8.0],"to":[14.857143,14.285715,8.0],"rotation":{"angle":0.0,"axis":"y","origin":[8.0,8.0,8.0]},"faces":{"east":{"uv":[10.375,11.5,10.375,14.25],"rotation":0,"texture":"#1","tintindex":0},"south":{"uv":[11.5,0.0,14.25,2.75],"rotation":0,"texture":"#1","tintindex":0},"north":{"uv":[0.0,11.5,2.75,14.25],"rotation":0,"texture":"#1","tintindex":0},"west":{"uv":[10.5,11.5,10.5,14.25],"rotation":0,"texture":"#1","tintindex":0},"up":{"uv":[14.375,7.375,11.625,7.375],"rotation":0,"texture":"#1","tintindex":0},"down":{"uv":[14.375,7.5,11.625,7.5],"rotation":0,"texture":"#1","tintindex":0}}},{"from":[2.2857141,-10.378672,10.405439],"to":[14.857143,2.1927571,10.405439],"rotation":{"angle":22.5,"axis":"x","origin":[8.0,8.0,8.0]},"faces":{"east":{"uv":[10.125,11.5,10.125,14.25],"rotation":0,"texture":"#1","tintindex":0},"south":{"uv":[8.625,8.625,11.375,11.375],"rotation":0,"texture":"#1","tintindex":0},"north":{"uv":[8.625,5.75,11.375,8.5],"rotation":0,"texture":"#1","tintindex":0},"west":{"uv":[10.25,11.5,10.25,14.25],"rotation":0,"texture":"#1","tintindex":0},"up":{"uv":[14.375,7.125,11.625,7.125],"rotation":0,"texture":"#1","tintindex":0},"down":{"uv":[14.375,7.25,11.625,7.25],"rotation":0,"texture":"#1","tintindex":0}}},{"from":[-9.850742,1.7142854,10.186763],"to":[2.7206883,14.285715,10.186763],"rotation":{"angle":-22.5,"axis":"y","origin":[8.0,8.0,8.0]},"faces":{"east":{"uv":[9.875,11.5,9.875,14.25],"rotation":0,"texture":"#1","tintindex":0},"south":{"uv":[5.75,8.625,8.5,11.375],"rotation":0,"texture":"#1","tintindex":0},"north":{"uv":[8.625,2.875,11.375,5.625],"rotation":0,"texture":"#1","tintindex":0},"west":{"uv":[10.0,11.5,10.0,14.25],"rotation":0,"texture":"#1","tintindex":0},"up":{"uv":[14.375,6.875,11.625,6.875],"rotation":0,"texture":"#1","tintindex":0},"down":{"uv":[14.375,7.0,11.625,7.0],"rotation":0,"texture":"#1","tintindex":0}}},{"from":[2.2857141,13.807243,10.405439],"to":[14.857143,26.378672,10.405439],"rotation":{"angle":-22.5,"axis":"x","origin":[8.0,8.0,8.0]},"faces":{"east":{"uv":[9.625,11.5,9.625,14.25],"rotation":0,"texture":"#1","tintindex":0},"south":{"uv":[2.875,8.625,5.625,11.375],"rotation":0,"texture":"#1","tintindex":0},"north":{"uv":[8.625,0.0,11.375,2.75],"rotation":0,"texture":"#1","tintindex":0},"west":{"uv":[9.75,11.5,9.75,14.25],"rotation":0,"texture":"#1","tintindex":0},"up":{"uv":[14.375,6.625,11.625,6.625],"rotation":0,"texture":"#1","tintindex":0},"down":{"uv":[14.375,6.75,11.625,6.75],"rotation":0,"texture":"#1","tintindex":0}}}],"display":{"head":{"translation":[0.0,-6.4,0.0],"scale":[4.0,4.0,4.0]}}}