{"textures":{"2":"modelengine:entity/creeper_armor_2"},"elements":[{"from":[4.5714283,5.714286,4.5714283],"to":[11.428572,20.57143,11.428572],"rotation":{"angle":0.0,"axis":"y","origin":[8.0,4.5714283,8.0]},"faces":{"east":{"uv":[0.0,2.0,2.0,7.5],"rotation":0,"texture":"#2","tintindex":0},"south":{"uv":[6.0,2.0,8.0,7.5],"rotation":0,"texture":"#2","tintindex":0},"north":{"uv":[2.0,2.0,4.0,7.5],"rotation":0,"texture":"#2","tintindex":0},"west":{"uv":[4.0,2.0,6.0,7.5],"rotation":0,"texture":"#2","tintindex":0},"up":{"uv":[4.0,2.0,2.0,0.0],"rotation":0,"texture":"#2","tintindex":0},"down":{"uv":[6.0,0.0,4.0,2.0],"rotation":0,"texture":"#2","tintindex":0}}},{"from":[11.428572,20.57143,11.428572],"to":[4.5714283,5.714286,4.5714283],"rotation":{"angle":0.0,"axis":"y","origin":[8.0,4.5714283,8.0]},"faces":{"east":{"uv":[4.0,7.5,6.0,2.0],"rotation":0,"texture":"#2","tintindex":0},"south":{"uv":[2.0,7.5,4.0,2.0],"rotation":0,"texture":"#2","tintindex":0},"north":{"uv":[6.0,7.5,8.0,2.0],"rotation":0,"texture":"#2","tintindex":0},"west":{"uv":[0.0,7.5,2.0,2.0],"rotation":0,"texture":"#2","tintindex":0},"up":{"uv":[4.0,0.0,6.0,2.0],"rotation":0,"texture":"#2","tintindex":0},"down":{"uv":[2.0,2.0,4.0,0.0],"rotation":0,"texture":"#2","tintindex":0}}}],"display":{"head":{"translation":[0.0,-6.4,0.0],"scale":[4.0,4.0,4.0]}}}