{"textures":{"0":"modelengine:entity/desert_creeper"},"elements":[{"from":[6.285714,19.428572,6.857143],"to":[8.571428,21.714287,9.142858],"rotation":{"angle":0.0,"axis":"y","origin":[8.0,4.5714283,8.0]},"faces":{"east":{"uv":[4.0,12.0,5.0,13.0],"rotation":0,"texture":"#0","tintindex":0},"south":{"uv":[7.0,12.0,8.0,13.0],"rotation":0,"texture":"#0","tintindex":0},"north":{"uv":[5.0,12.0,6.0,13.0],"rotation":0,"texture":"#0","tintindex":0},"west":{"uv":[6.0,12.0,7.0,13.0],"rotation":0,"texture":"#0","tintindex":0},"up":{"uv":[6.0,12.0,5.0,11.0],"rotation":0,"texture":"#0","tintindex":0},"down":{"uv":[7.0,11.0,6.0,12.0],"rotation":0,"texture":"#0","tintindex":0}}},{"from":[5.714286,19.428572,6.857143],"to":[9.142858,21.714287,9.142858],"rotation":{"angle":0.0,"axis":"y","origin":[8.0,4.5714283,8.0]},"faces":{"east":{"uv":[8.0,4.0,9.0,5.0],"rotation":0,"texture":"#0","tintindex":0},"south":{"uv":[11.5,4.0,13.0,5.0],"rotation":0,"texture":"#0","tintindex":0},"north":{"uv":[9.0,4.0,10.5,5.0],"rotation":0,"texture":"#0","tintindex":0},"west":{"uv":[10.5,4.0,11.5,5.0],"rotation":0,"texture":"#0","tintindex":0},"up":{"uv":[10.5,4.0,9.0,3.0],"rotation":0,"texture":"#0","tintindex":0},"down":{"uv":[12.0,3.0,10.5,4.0],"rotation":0,"texture":"#0","tintindex":0}}},{"from":[6.285714,19.428572,6.285714],"to":[8.571428,21.142857,9.714286],"rotation":{"angle":0.0,"axis":"y","origin":[8.0,4.5714283,8.0]},"faces":{"east":{"uv":[8.0,2.0,9.5,2.75],"rotation":0,"texture":"#0","tintindex":0},"south":{"uv":[12.0,2.0,13.0,2.75],"rotation":0,"texture":"#0","tintindex":0},"north":{"uv":[9.5,2.0,10.5,2.75],"rotation":0,"texture":"#0","tintindex":0},"west":{"uv":[10.5,2.0,12.0,2.75],"rotation":0,"texture":"#0","tintindex":0},"up":{"uv":[10.5,2.0,9.5,0.5],"rotation":0,"texture":"#0","tintindex":0},"down":{"uv":[11.5,0.5,10.5,2.0],"rotation":0,"texture":"#0","tintindex":0}}},{"from":[5.714286,6.857143,5.714286],"to":[10.285714,19.428572,10.285714],"rotation":{"angle":0.0,"axis":"y","origin":[8.0,4.5714283,8.0]},"faces":{"east":{"uv":[0.0,2.0,2.0,7.5],"rotation":0,"texture":"#0","tintindex":0},"south":{"uv":[6.0,2.0,8.0,7.5],"rotation":0,"texture":"#0","tintindex":0},"north":{"uv":[2.0,2.0,4.0,7.5],"rotation":0,"texture":"#0","tintindex":0},"west":{"uv":[4.0,2.0,6.0,7.5],"rotation":0,"texture":"#0","tintindex":0},"up":{"uv":[4.0,2.0,2.0,0.0],"rotation":0,"texture":"#0","tintindex":0},"down":{"uv":[6.0,0.0,4.0,2.0],"rotation":0,"texture":"#0","tintindex":0}}},{"from":[2.8571424,12.571428,8.0],"to":[13.142858,20.57143,8.0],"rotation":{"angle":0.0,"axis":"y","origin":[8.0,4.5714283,8.0]},"faces":{"east":{"uv":[0.0,7.5,0.0,11.0],"rotation":0,"texture":"#0","tintindex":0},"south":{"uv":[4.5,7.5,0.0,11.0],"rotation":0,"texture":"#0","tintindex":0},"north":{"uv":[0.0,7.5,4.5,11.0],"rotation":0,"texture":"#0","tintindex":0},"west":{"uv":[4.5,7.5,4.5,11.0],"rotation":0,"texture":"#0","tintindex":0},"up":{"uv":[4.5,7.5,0.0,7.5],"rotation":0,"texture":"#0","tintindex":0},"down":{"uv":[9.0,7.5,4.5,7.5],"rotation":0,"texture":"#0","tintindex":0}}}],"display":{"head":{"translation":[0.0,-6.4,0.0],"scale":[4.0,4.0,4.0]}}}