{"textures":{"2":"modelengine:entity/creeper_armor_2"},"elements":[{"from":[5.714286,3.4285712,5.714286],"to":[10.285714,9.714286,10.285714],"rotation":{"angle":0.0,"axis":"y","origin":[6.857143,4.5714283,5.714286]},"faces":{"east":{"uv":[0.0,12.0,1.0,13.75],"rotation":0,"texture":"#2","tintindex":0},"south":{"uv":[3.0,12.0,4.0,13.75],"rotation":0,"texture":"#2","tintindex":0},"north":{"uv":[1.0,12.0,2.0,13.75],"rotation":0,"texture":"#2","tintindex":0},"west":{"uv":[2.0,12.0,3.0,13.75],"rotation":0,"texture":"#2","tintindex":0},"up":{"uv":[2.0,12.0,1.0,11.0],"rotation":0,"texture":"#2","tintindex":0},"down":{"uv":[3.0,11.0,2.0,12.0],"rotation":0,"texture":"#2","tintindex":0}}},{"from":[10.285714,9.714286,10.285714],"to":[5.714286,3.4285712,5.714286],"rotation":{"angle":0.0,"axis":"y","origin":[6.857143,4.5714283,5.714286]},"faces":{"east":{"uv":[2.0,13.75,3.0,12.0],"rotation":0,"texture":"#2","tintindex":0},"south":{"uv":[1.0,13.75,2.0,12.0],"rotation":0,"texture":"#2","tintindex":0},"north":{"uv":[3.0,13.75,4.0,12.0],"rotation":0,"texture":"#2","tintindex":0},"west":{"uv":[0.0,13.75,1.0,12.0],"rotation":0,"texture":"#2","tintindex":0},"up":{"uv":[2.0,11.0,3.0,12.0],"rotation":0,"texture":"#2","tintindex":0},"down":{"uv":[1.0,12.0,2.0,11.0],"rotation":0,"texture":"#2","tintindex":0}}}],"display":{"head":{"translation":[0.0,-6.4,0.0],"scale":[4.0,4.0,4.0]}}}