{"textures":{"0":"modelengine:entity/desert_creeper"},"elements":[{"from":[6.857143,4.5714283,6.857143],"to":[9.142858,8.571428,9.142858],"rotation":{"angle":0.0,"axis":"y","origin":[6.857143,4.5714283,5.714286]},"faces":{"east":{"uv":[0.0,12.0,1.0,13.75],"rotation":0,"texture":"#0","tintindex":0},"south":{"uv":[3.0,12.0,4.0,13.75],"rotation":0,"texture":"#0","tintindex":0},"north":{"uv":[1.0,12.0,2.0,13.75],"rotation":0,"texture":"#0","tintindex":0},"west":{"uv":[2.0,12.0,3.0,13.75],"rotation":0,"texture":"#0","tintindex":0},"up":{"uv":[2.0,12.0,1.0,11.0],"rotation":0,"texture":"#0","tintindex":0},"down":{"uv":[3.0,11.0,2.0,12.0],"rotation":0,"texture":"#0","tintindex":0}}}],"display":{"head":{"translation":[0.0,-6.4,0.0],"scale":[4.0,4.0,4.0]}}}