{"textures":{"0":"modelengine:entity/desert_creeper"},"elements":[{"from":[6.857143,4.5714283,6.857143],"to":[9.142858,8.571428,9.142858],"rotation":{"angle":0.0,"axis":"y","origin":[9.142858,4.5714283,5.714286]},"faces":{"east":{"uv":[8.0,11.5,9.0,13.25],"rotation":0,"texture":"#0","tintindex":0},"south":{"uv":[11.0,11.5,12.0,13.25],"rotation":0,"texture":"#0","tintindex":0},"north":{"uv":[9.0,11.5,10.0,13.25],"rotation":0,"texture":"#0","tintindex":0},"west":{"uv":[10.0,11.5,11.0,13.25],"rotation":0,"texture":"#0","tintindex":0},"up":{"uv":[10.0,11.5,9.0,10.5],"rotation":0,"texture":"#0","tintindex":0},"down":{"uv":[11.0,10.5,10.0,11.5],"rotation":0,"texture":"#0","tintindex":0}}}],"display":{"head":{"translation":[0.0,-6.4,0.0],"scale":[4.0,4.0,4.0]}}}