{"textures":{"0":"modelengine:entity/desert_creeper"},"elements":[{"from":[6.857143,4.5714283,6.857143],"to":[9.142858,8.571428,9.142858],"rotation":{"angle":0.0,"axis":"y","origin":[9.142858,4.5714283,10.285714]},"faces":{"east":{"uv":[9.0,6.0,10.0,7.75],"rotation":0,"texture":"#0","tintindex":0},"south":{"uv":[12.0,6.0,13.0,7.75],"rotation":0,"texture":"#0","tintindex":0},"north":{"uv":[10.0,6.0,11.0,7.75],"rotation":0,"texture":"#0","tintindex":0},"west":{"uv":[11.0,6.0,12.0,7.75],"rotation":0,"texture":"#0","tintindex":0},"up":{"uv":[11.0,6.0,10.0,5.0],"rotation":0,"texture":"#0","tintindex":0},"down":{"uv":[12.0,5.0,11.0,6.0],"rotation":0,"texture":"#0","tintindex":0}}}],"display":{"head":{"translation":[0.0,-6.4,0.0],"scale":[4.0,4.0,4.0]}}}