{"textures":{"2":"modelengine:entity/creeper_armor_2"},"elements":[{"from":[5.714286,3.4285712,5.714286],"to":[10.285714,9.714286,10.285714],"rotation":{"angle":0.0,"axis":"y","origin":[9.142858,4.5714283,10.285714]},"faces":{"east":{"uv":[9.0,6.0,10.0,7.75],"rotation":0,"texture":"#2","tintindex":0},"south":{"uv":[12.0,6.0,13.0,7.75],"rotation":0,"texture":"#2","tintindex":0},"north":{"uv":[10.0,6.0,11.0,7.75],"rotation":0,"texture":"#2","tintindex":0},"west":{"uv":[11.0,6.0,12.0,7.75],"rotation":0,"texture":"#2","tintindex":0},"up":{"uv":[11.0,6.0,10.0,5.0],"rotation":0,"texture":"#2","tintindex":0},"down":{"uv":[12.0,5.0,11.0,6.0],"rotation":0,"texture":"#2","tintindex":0}}},{"from":[10.285714,9.714286,10.285714],"to":[5.714286,3.4285712,5.714286],"rotation":{"angle":0.0,"axis":"y","origin":[9.142858,4.5714283,10.285714]},"faces":{"east":{"uv":[11.0,7.75,12.0,6.0],"rotation":0,"texture":"#2","tintindex":0},"south":{"uv":[10.0,7.75,11.0,6.0],"rotation":0,"texture":"#2","tintindex":0},"north":{"uv":[12.0,7.75,13.0,6.0],"rotation":0,"texture":"#2","tintindex":0},"west":{"uv":[9.0,7.75,10.0,6.0],"rotation":0,"texture":"#2","tintindex":0},"up":{"uv":[11.0,5.0,12.0,6.0],"rotation":0,"texture":"#2","tintindex":0},"down":{"uv":[10.0,6.0,11.0,5.0],"rotation":0,"texture":"#2","tintindex":0}}}],"display":{"head":{"translation":[0.0,-6.4,0.0],"scale":[4.0,4.0,4.0]}}}