{"textures":{"0":"modelengine:entity/flamental"},"elements":[{"from":[7.2108173,4.2171917,6.3126745],"to":[9.4965315,6.502906,8.598389],"rotation":{"angle":0.0,"axis":"y","origin":[7.2108173,5.931477,6.3126745]},"faces":{"east":{"uv":[11.625,9.25,12.125,9.75],"rotation":0,"texture":"#0","tintindex":0},"south":{"uv":[11.75,0.25,12.25,0.75],"rotation":0,"texture":"#0","tintindex":0},"north":{"uv":[11.625,8.625,12.125,9.125],"rotation":0,"texture":"#0","tintindex":0},"west":{"uv":[11.75,0.875,12.25,1.375],"rotation":0,"texture":"#0","tintindex":0},"up":{"uv":[12.25,2.0,11.75,1.5],"rotation":0,"texture":"#0","tintindex":0},"down":{"uv":[12.375,2.125,11.875,2.625],"rotation":0,"texture":"#0","tintindex":0}}},{"from":[6.653674,4.78862,6.298389],"to":[9.510818,8.78862,6.298389],"rotation":{"angle":0.0,"axis":"y","origin":[7.2108173,8.217192,6.3126745]},"faces":{"east":{"uv":[3.0,12.625,3.0,13.5],"rotation":0,"texture":"#0","tintindex":0},"south":{"uv":[10.375,9.0,11.0,9.875],"rotation":0,"texture":"#0","tintindex":0},"north":{"uv":[10.375,8.0,11.0,8.875],"rotation":0,"texture":"#0","tintindex":0},"west":{"uv":[3.125,12.625,3.125,13.5],"rotation":0,"texture":"#0","tintindex":0},"up":{"uv":[10.5,12.625,9.875,12.625],"rotation":0,"texture":"#0","tintindex":0},"down":{"uv":[13.125,12.625,12.5,12.625],"rotation":0,"texture":"#0","tintindex":0}}},{"from":[9.510818,4.78862,6.298389],"to":[9.510818,8.78862,9.155532],"rotation":{"angle":0.0,"axis":"y","origin":[7.2108173,8.217192,6.3126745]},"faces":{"east":{"uv":[9.125,10.375,9.75,11.25],"rotation":0,"texture":"#0","tintindex":0},"south":{"uv":[3.375,12.625,3.375,13.5],"rotation":0,"texture":"#0","tintindex":0},"north":{"uv":[3.25,12.625,3.25,13.5],"rotation":0,"texture":"#0","tintindex":0},"west":{"uv":[9.875,10.375,10.5,11.25],"rotation":0,"texture":"#0","tintindex":0},"up":{"uv":[3.5,13.25,3.5,12.625],"rotation":0,"texture":"#0","tintindex":0},"down":{"uv":[3.625,12.625,3.625,13.25],"rotation":0,"texture":"#0","tintindex":0}}},{"from":[7.4965315,2.266212,7.1207967],"to":[9.210817,4.5519266,8.835082],"rotation":{"angle":-45.0,"axis":"x","origin":[7.2108173,3.4090695,7.1207967]},"faces":{"east":{"uv":[12.0,6.625,12.375,7.125],"rotation":0,"texture":"#0","tintindex":0},"south":{"uv":[10.25,12.0,10.625,12.5],"rotation":0,"texture":"#0","tintindex":0},"north":{"uv":[11.875,6.0,12.25,6.5],"rotation":0,"texture":"#0","tintindex":0},"west":{"uv":[12.0,10.25,12.375,10.75],"rotation":0,"texture":"#0","tintindex":0},"up":{"uv":[4.125,12.625,3.75,12.25],"rotation":0,"texture":"#0","tintindex":0},"down":{"uv":[4.625,12.25,4.25,12.625],"rotation":0,"texture":"#0","tintindex":0}}}],"display":{"head":{"translation":[0.0,-6.4,0.0],"scale":[4.0,4.0,4.0]}}}