{"textures":{"0":"modelengine:entity/flamental"},"elements":[{"from":[-14.252205,5.743805,7.7285714],"to":[2.8906536,7.458091,8.3],"rotation":{"angle":-22.5,"axis":"z","origin":[6.1763678,6.886662,8.0]},"faces":{"east":{"uv":[3.375,4.125,3.25,4.5],"rotation":0,"texture":"#0","tintindex":0},"south":{"uv":[7.25,3.125,3.5,3.5],"rotation":0,"texture":"#0","tintindex":0},"north":{"uv":[7.25,2.625,3.5,3.0],"rotation":0,"texture":"#0","tintindex":0},"west":{"uv":[2.125,3.375,2.0,3.75],"rotation":0,"texture":"#0","tintindex":0},"up":{"uv":[10.375,5.0,14.125,4.875],"rotation":0,"texture":"#0","tintindex":0},"down":{"uv":[10.375,5.125,14.125,5.25],"rotation":0,"texture":"#0","tintindex":0}}},{"from":[-11.710379,7.596517,8.571428],"to":[-1.9960928,12.167946,8.571428],"rotation":{"angle":22.5,"axis":"y","origin":[-3.4246645,12.739374,8.0]},"faces":{"east":{"uv":[7.25,12.375,7.25,13.375],"rotation":0,"texture":"#0","tintindex":0},"south":{"uv":[2.125,1.125,0.0,2.125],"rotation":0,"texture":"#0","tintindex":0},"north":{"uv":[2.125,0.0,0.0,1.0],"rotation":0,"texture":"#0","tintindex":0},"west":{"uv":[0.5,12.25,0.5,13.25],"rotation":0,"texture":"#0","tintindex":0},"up":{"uv":[12.5,7.125,14.625,7.125],"rotation":0,"texture":"#0","tintindex":0},"down":{"uv":[12.5,11.5,14.625,11.5],"rotation":0,"texture":"#0","tintindex":0}}},{"from":[-2.9960928,7.0250883,8.428572],"to":[1.575336,8.739374,8.428572],"rotation":{"angle":22.5,"axis":"y","origin":[-0.1389494,8.167946,8.142858]},"faces":{"east":{"uv":[2.125,7.0,2.125,7.375],"rotation":0,"texture":"#0","tintindex":0},"south":{"uv":[11.625,10.25,10.625,10.625],"rotation":0,"texture":"#0","tintindex":0},"north":{"uv":[9.0,10.5,8.0,10.875],"rotation":0,"texture":"#0","tintindex":0},"west":{"uv":[1.125,4.875,1.125,5.25],"rotation":0,"texture":"#0","tintindex":0},"up":{"uv":[6.0,2.5,7.0,2.5],"rotation":0,"texture":"#0","tintindex":0},"down":{"uv":[7.375,3.5,8.375,3.5],"rotation":0,"texture":"#0","tintindex":0}}},{"from":[1.7142854,7.142857,8.571428],"to":[6.857143,11.714286,8.571428],"rotation":{"angle":45.0,"axis":"y","origin":[6.0,7.142857,8.0]},"faces":{"east":{"uv":[11.125,12.5,11.125,13.5],"rotation":0,"texture":"#0","tintindex":0},"south":{"uv":[8.125,4.75,7.0,5.75],"rotation":0,"texture":"#0","tintindex":0},"north":{"uv":[7.125,3.625,6.0,4.625],"rotation":0,"texture":"#0","tintindex":0},"west":{"uv":[11.0,12.5,11.0,13.5],"rotation":0,"texture":"#0","tintindex":0},"up":{"uv":[12.5,11.625,13.625,11.625],"rotation":0,"texture":"#0","tintindex":0},"down":{"uv":[12.5,11.75,13.625,11.75],"rotation":0,"texture":"#0","tintindex":0}}},{"from":[6.714286,7.142857,8.428572],"to":[7.857143,12.285715,9.0],"rotation":{"angle":22.5,"axis":"z","origin":[6.0,7.142857,8.0]},"faces":{"east":{"uv":[10.875,12.0,10.75,13.125],"rotation":0,"texture":"#0","tintindex":0},"south":{"uv":[10.875,10.75,10.625,11.875],"rotation":0,"texture":"#0","tintindex":0},"north":{"uv":[6.5,10.375,6.25,11.5],"rotation":0,"texture":"#0","tintindex":0},"west":{"uv":[3.125,11.375,3.0,12.5],"rotation":0,"texture":"#0","tintindex":0},"up":{"uv":[6.0,4.875,6.25,4.75],"rotation":0,"texture":"#0","tintindex":0},"down":{"uv":[6.375,4.75,6.625,4.875],"rotation":0,"texture":"#0","tintindex":0}}},{"from":[0.4324789,5.882231,9.571428],"to":[5.003907,7.596517,9.571428],"rotation":{"angle":22.5,"axis":"y","origin":[-0.1389494,8.167946,8.142858]},"faces":{"east":{"uv":[9.125,9.375,9.125,9.75],"rotation":0,"texture":"#0","tintindex":0},"south":{"uv":[11.75,2.75,10.75,3.125],"rotation":0,"texture":"#0","tintindex":0},"north":{"uv":[11.75,2.25,10.75,2.625],"rotation":0,"texture":"#0","tintindex":0},"west":{"uv":[2.125,7.5,2.125,7.875],"rotation":0,"texture":"#0","tintindex":0},"up":{"uv":[10.75,4.75,11.75,4.75],"rotation":0,"texture":"#0","tintindex":0},"down":{"uv":[12.5,11.875,13.5,11.875],"rotation":0,"texture":"#0","tintindex":0}}},{"from":[2.703411,7.088188,7.714286],"to":[7.8462687,8.802474,8.285714],"rotation":{"angle":0.0,"axis":"y","origin":[9.417697,7.088188,8.0]},"faces":{"east":{"uv":[2.375,6.0,2.25,6.375],"rotation":0,"texture":"#0","tintindex":0},"south":{"uv":[11.625,0.75,10.5,1.125],"rotation":0,"texture":"#0","tintindex":0},"north":{"uv":[11.625,0.25,10.5,0.625],"rotation":0,"texture":"#0","tintindex":0},"west":{"uv":[2.375,5.5,2.25,5.875],"rotation":0,"texture":"#0","tintindex":0},"up":{"uv":[4.75,2.5,5.875,2.375],"rotation":0,"texture":"#0","tintindex":0},"down":{"uv":[11.875,4.625,13.0,4.75],"rotation":0,"texture":"#0","tintindex":0}}},{"from":[2.4176965,4.2310452,4.0],"to":[7.560554,4.2310452,9.714286],"rotation":{"angle":45.0,"axis":"z","origin":[4.131983,6.2310452,8.0]},"faces":{"east":{"uv":[13.75,12.375,12.5,12.375],"rotation":0,"texture":"#0","tintindex":0},"south":{"uv":[13.625,12.25,12.5,12.25],"rotation":0,"texture":"#0","tintindex":0},"north":{"uv":[13.625,12.0,12.5,12.0],"rotation":0,"texture":"#0","tintindex":0},"west":{"uv":[13.75,12.125,12.5,12.125],"rotation":0,"texture":"#0","tintindex":0},"up":{"uv":[3.5,4.875,4.625,3.625],"rotation":0,"texture":"#0","tintindex":0},"down":{"uv":[1.25,4.125,2.375,5.375],"rotation":0,"texture":"#0","tintindex":0}}},{"from":[4.5714283,7.714286,8.714286],"to":[7.428571,14.571428,8.714286],"rotation":{"angle":-22.5,"axis":"x","origin":[6.0,7.142857,8.0]},"faces":{"east":{"uv":[11.375,12.5,11.375,14.0],"rotation":0,"texture":"#0","tintindex":0},"south":{"uv":[7.25,9.5,6.625,11.0],"rotation":0,"texture":"#0","tintindex":0},"north":{"uv":[4.0,9.25,3.375,10.75],"rotation":0,"texture":"#0","tintindex":0},"west":{"uv":[11.25,12.5,11.25,14.0],"rotation":0,"texture":"#0","tintindex":0},"up":{"uv":[2.5,4.875,3.125,4.875],"rotation":0,"texture":"#0","tintindex":0},"down":{"uv":[5.625,8.0,6.25,8.0],"rotation":0,"texture":"#0","tintindex":0}}}],"display":{"head":{"translation":[0.0,-6.4,0.0],"scale":[4.0,4.0,4.0]}}}