{"textures":{"0":"modelengine:entity/flamental"},"elements":[{"from":[13.109346,5.743805,7.7285714],"to":[30.252205,7.458091,8.3],"rotation":{"angle":22.5,"axis":"z","origin":[9.823632,6.886662,8.0]},"faces":{"east":{"uv":[2.0,3.375,2.125,3.75],"rotation":0,"texture":"#0","tintindex":0},"south":{"uv":[3.5,3.125,7.25,3.5],"rotation":0,"texture":"#0","tintindex":0},"north":{"uv":[3.5,2.625,7.25,3.0],"rotation":0,"texture":"#0","tintindex":0},"west":{"uv":[3.25,4.125,3.375,4.5],"rotation":0,"texture":"#0","tintindex":0},"up":{"uv":[14.125,5.0,10.375,4.875],"rotation":0,"texture":"#0","tintindex":0},"down":{"uv":[14.125,5.125,10.375,5.25],"rotation":0,"texture":"#0","tintindex":0}}},{"from":[17.996094,7.596517,8.571428],"to":[27.710379,12.167946,8.571428],"rotation":{"angle":-22.5,"axis":"y","origin":[19.424664,12.739374,8.0]},"faces":{"east":{"uv":[0.5,12.25,0.5,13.25],"rotation":0,"texture":"#0","tintindex":0},"south":{"uv":[0.0,1.125,2.125,2.125],"rotation":0,"texture":"#0","tintindex":0},"north":{"uv":[0.0,0.0,2.125,1.0],"rotation":0,"texture":"#0","tintindex":0},"west":{"uv":[7.25,12.375,7.25,13.375],"rotation":0,"texture":"#0","tintindex":0},"up":{"uv":[14.625,7.125,12.5,7.125],"rotation":0,"texture":"#0","tintindex":0},"down":{"uv":[14.625,11.5,12.5,11.5],"rotation":0,"texture":"#0","tintindex":0}}},{"from":[14.424664,7.0250883,8.428572],"to":[18.996094,8.739374,8.428572],"rotation":{"angle":-22.5,"axis":"y","origin":[16.13895,8.167946,8.142858]},"faces":{"east":{"uv":[1.125,4.875,1.125,5.25],"rotation":0,"texture":"#0","tintindex":0},"south":{"uv":[10.625,10.25,11.625,10.625],"rotation":0,"texture":"#0","tintindex":0},"north":{"uv":[8.0,10.5,9.0,10.875],"rotation":0,"texture":"#0","tintindex":0},"west":{"uv":[2.125,7.0,2.125,7.375],"rotation":0,"texture":"#0","tintindex":0},"up":{"uv":[7.0,2.5,6.0,2.5],"rotation":0,"texture":"#0","tintindex":0},"down":{"uv":[8.375,3.5,7.375,3.5],"rotation":0,"texture":"#0","tintindex":0}}},{"from":[9.142858,7.142857,8.571428],"to":[14.285715,11.714286,8.571428],"rotation":{"angle":-45.0,"axis":"y","origin":[10.0,7.142857,8.0]},"faces":{"east":{"uv":[11.0,12.5,11.0,13.5],"rotation":0,"texture":"#0","tintindex":0},"south":{"uv":[7.0,4.75,8.125,5.75],"rotation":0,"texture":"#0","tintindex":0},"north":{"uv":[6.0,3.625,7.125,4.625],"rotation":0,"texture":"#0","tintindex":0},"west":{"uv":[11.125,12.5,11.125,13.5],"rotation":0,"texture":"#0","tintindex":0},"up":{"uv":[13.625,11.625,12.5,11.625],"rotation":0,"texture":"#0","tintindex":0},"down":{"uv":[13.625,11.75,12.5,11.75],"rotation":0,"texture":"#0","tintindex":0}}},{"from":[8.142858,7.142857,8.428572],"to":[9.285714,12.285715,9.0],"rotation":{"angle":-22.5,"axis":"z","origin":[10.0,7.142857,8.0]},"faces":{"east":{"uv":[3.0,11.375,3.125,12.5],"rotation":0,"texture":"#0","tintindex":0},"south":{"uv":[10.625,10.75,10.875,11.875],"rotation":0,"texture":"#0","tintindex":0},"north":{"uv":[6.25,10.375,6.5,11.5],"rotation":0,"texture":"#0","tintindex":0},"west":{"uv":[10.75,12.0,10.875,13.125],"rotation":0,"texture":"#0","tintindex":0},"up":{"uv":[6.25,4.875,6.0,4.75],"rotation":0,"texture":"#0","tintindex":0},"down":{"uv":[6.625,4.75,6.375,4.875],"rotation":0,"texture":"#0","tintindex":0}}},{"from":[10.996093,5.882231,9.571428],"to":[15.567521,7.596517,9.571428],"rotation":{"angle":-22.5,"axis":"y","origin":[16.13895,8.167946,8.142858]},"faces":{"east":{"uv":[2.125,7.5,2.125,7.875],"rotation":0,"texture":"#0","tintindex":0},"south":{"uv":[10.75,2.75,11.75,3.125],"rotation":0,"texture":"#0","tintindex":0},"north":{"uv":[10.75,2.25,11.75,2.625],"rotation":0,"texture":"#0","tintindex":0},"west":{"uv":[9.125,9.375,9.125,9.75],"rotation":0,"texture":"#0","tintindex":0},"up":{"uv":[11.75,4.75,10.75,4.75],"rotation":0,"texture":"#0","tintindex":0},"down":{"uv":[13.5,11.875,12.5,11.875],"rotation":0,"texture":"#0","tintindex":0}}},{"from":[8.153731,7.088188,7.714286],"to":[13.296589,8.802474,8.285714],"rotation":{"angle":0.0,"axis":"y","origin":[6.582303,7.088188,8.0]},"faces":{"east":{"uv":[2.25,5.5,2.375,5.875],"rotation":0,"texture":"#0","tintindex":0},"south":{"uv":[10.5,0.75,11.625,1.125],"rotation":0,"texture":"#0","tintindex":0},"north":{"uv":[10.5,0.25,11.625,0.625],"rotation":0,"texture":"#0","tintindex":0},"west":{"uv":[2.25,6.0,2.375,6.375],"rotation":0,"texture":"#0","tintindex":0},"up":{"uv":[5.875,2.5,4.75,2.375],"rotation":0,"texture":"#0","tintindex":0},"down":{"uv":[13.0,4.625,11.875,4.75],"rotation":0,"texture":"#0","tintindex":0}}},{"from":[8.4394455,4.2310452,4.0],"to":[13.582304,4.2310452,9.714286],"rotation":{"angle":-45.0,"axis":"z","origin":[11.868017,6.2310452,8.0]},"faces":{"east":{"uv":[12.5,12.125,13.75,12.125],"rotation":0,"texture":"#0","tintindex":0},"south":{"uv":[12.5,12.25,13.625,12.25],"rotation":0,"texture":"#0","tintindex":0},"north":{"uv":[12.5,12.0,13.625,12.0],"rotation":0,"texture":"#0","tintindex":0},"west":{"uv":[12.5,12.375,13.75,12.375],"rotation":0,"texture":"#0","tintindex":0},"up":{"uv":[4.625,4.875,3.5,3.625],"rotation":0,"texture":"#0","tintindex":0},"down":{"uv":[2.375,4.125,1.25,5.375],"rotation":0,"texture":"#0","tintindex":0}}},{"from":[8.571428,7.714286,8.714286],"to":[11.428572,14.571428,8.714286],"rotation":{"angle":-22.5,"axis":"x","origin":[10.0,7.142857,8.0]},"faces":{"east":{"uv":[11.25,12.5,11.25,14.0],"rotation":0,"texture":"#0","tintindex":0},"south":{"uv":[6.625,9.5,7.25,11.0],"rotation":0,"texture":"#0","tintindex":0},"north":{"uv":[3.375,9.25,4.0,10.75],"rotation":0,"texture":"#0","tintindex":0},"west":{"uv":[11.375,12.5,11.375,14.0],"rotation":0,"texture":"#0","tintindex":0},"up":{"uv":[3.125,4.875,2.5,4.875],"rotation":0,"texture":"#0","tintindex":0},"down":{"uv":[6.25,8.0,5.625,8.0],"rotation":0,"texture":"#0","tintindex":0}}}],"display":{"head":{"translation":[0.0,-6.4,0.0],"scale":[4.0,4.0,4.0]}}}