{"textures":{"0":"modelengine:entity/flamental"},"elements":[{"from":[7.429659,-2.6893854,6.8576865],"to":[8.5725155,8.739187,8.000544],"rotation":{"angle":0.0,"axis":"y","origin":[8.0,7.0,7.428571]},"faces":{"east":{"uv":[4.75,10.25,5.0,12.75],"rotation":0,"texture":"#0","tintindex":0},"south":{"uv":[5.125,10.25,5.375,12.75],"rotation":0,"texture":"#0","tintindex":0},"north":{"uv":[0.625,10.25,0.875,12.75],"rotation":0,"texture":"#0","tintindex":0},"west":{"uv":[1.0,10.375,1.25,12.875],"rotation":0,"texture":"#0","tintindex":0},"up":{"uv":[12.75,2.25,12.5,2.0],"rotation":0,"texture":"#0","tintindex":0},"down":{"uv":[12.75,2.375,12.5,2.625],"rotation":0,"texture":"#0","tintindex":0}}}],"display":{"head":{"translation":[0.0,-6.4,0.0],"scale":[4.0,4.0,4.0]}}}