{"textures":{"0":"modelengine:entity/flamental"},"elements":[{"from":[7.142857,2.5781598,6.355459],"to":[9.428572,8.292446,8.641173],"rotation":{"angle":-45.0,"axis":"y","origin":[8.0,5.4353027,7.212602]},"faces":{"east":{"uv":[10.125,5.5,10.625,6.75],"rotation":0,"texture":"#0","tintindex":0},"south":{"uv":[0.0,10.25,0.5,11.5],"rotation":0,"texture":"#0","tintindex":0},"north":{"uv":[7.375,9.5,7.875,10.75],"rotation":0,"texture":"#0","tintindex":0},"west":{"uv":[4.125,10.25,4.625,11.5],"rotation":0,"texture":"#0","tintindex":0},"up":{"uv":[11.875,7.25,11.375,6.75],"rotation":0,"texture":"#0","tintindex":0},"down":{"uv":[11.875,10.75,11.375,11.25],"rotation":0,"texture":"#0","tintindex":0}}},{"from":[7.714286,0.28222084,6.4840307],"to":[10.571428,3.1393638,8.769745],"rotation":{"angle":45.0,"axis":"z","origin":[8.0,0.567935,7.626888]},"faces":{"east":{"uv":[10.75,5.875,11.25,6.5],"rotation":0,"texture":"#0","tintindex":0},"south":{"uv":[2.5,4.125,3.125,4.75],"rotation":0,"texture":"#0","tintindex":0},"north":{"uv":[1.25,3.375,1.875,4.0],"rotation":0,"texture":"#0","tintindex":0},"west":{"uv":[10.75,6.625,11.25,7.25],"rotation":0,"texture":"#0","tintindex":0},"up":{"uv":[7.625,6.375,7.0,5.875],"rotation":0,"texture":"#0","tintindex":0},"down":{"uv":[1.75,8.625,1.125,9.125],"rotation":0,"texture":"#0","tintindex":0}}},{"from":[8.591734,0.30673122,6.9126024],"to":[10.30602,2.021017,8.626888],"rotation":{"angle":-22.5,"axis":"z","origin":[10.020306,0.16387415,7.7697453]},"faces":{"east":{"uv":[8.375,12.25,8.75,12.625],"rotation":0,"texture":"#0","tintindex":0},"south":{"uv":[12.25,8.75,12.625,9.125],"rotation":0,"texture":"#0","tintindex":0},"north":{"uv":[12.25,8.25,12.625,8.625],"rotation":0,"texture":"#0","tintindex":0},"west":{"uv":[8.875,12.25,9.25,12.625],"rotation":0,"texture":"#0","tintindex":0},"up":{"uv":[12.625,9.625,12.25,9.25],"rotation":0,"texture":"#0","tintindex":0},"down":{"uv":[9.75,12.25,9.375,12.625],"rotation":0,"texture":"#0","tintindex":0}}},{"from":[5.69398,0.30673122,6.9126024],"to":[7.408266,2.021017,8.626888],"rotation":{"angle":22.5,"axis":"z","origin":[5.979695,0.16387415,7.7697453]},"faces":{"east":{"uv":[12.375,0.75,12.75,1.125],"rotation":0,"texture":"#0","tintindex":0},"south":{"uv":[12.375,1.25,12.75,1.625],"rotation":0,"texture":"#0","tintindex":0},"north":{"uv":[12.375,0.25,12.75,0.625],"rotation":0,"texture":"#0","tintindex":0},"west":{"uv":[12.375,2.75,12.75,3.125],"rotation":0,"texture":"#0","tintindex":0},"up":{"uv":[12.75,3.625,12.375,3.25],"rotation":0,"texture":"#0","tintindex":0},"down":{"uv":[12.75,3.75,12.375,4.125],"rotation":0,"texture":"#0","tintindex":0}}}],"display":{"head":{"translation":[0.0,-6.4,0.0],"scale":[4.0,4.0,4.0]}}}