{"textures":{"2":"modelengine:entity/panda_bamboo"},"elements":[{"from":[4.0,7.1538305,7.8243217],"to":[11.428572,8.296688,8.967178],"rotation":{"angle":0.0,"axis":"y","origin":[8.048572,11.089148,13.270037]},"faces":{"east":{"uv":[7.0,3.0,8.0,4.0],"rotation":0,"texture":"#2","tintindex":0},"south":{"uv":[0.0,1.5,6.5,2.5],"rotation":0,"texture":"#2","tintindex":0},"north":{"uv":[0.0,0.0,6.5,1.0],"rotation":0,"texture":"#2","tintindex":0},"west":{"uv":[7.0,4.5,8.0,5.5],"rotation":0,"texture":"#2","tintindex":0},"up":{"uv":[6.5,4.0,0.0,3.0],"rotation":0,"texture":"#2","tintindex":0},"down":{"uv":[6.5,4.5,0.0,5.5],"rotation":0,"texture":"#2","tintindex":0}}},{"from":[9.714286,8.296688,8.538608],"to":[12.571428,9.439545,8.538608],"rotation":{"angle":22.5,"axis":"x","origin":[11.142858,8.868116,8.39575]},"faces":{"east":{"uv":[7.0,6.0,7.0,7.0],"rotation":0,"texture":"#2","tintindex":0},"south":{"uv":[7.0,1.5,9.5,2.5],"rotation":0,"texture":"#2","tintindex":0},"north":{"uv":[7.0,0.0,9.5,1.0],"rotation":0,"texture":"#2","tintindex":0},"west":{"uv":[7.5,6.0,7.5,7.0],"rotation":0,"texture":"#2","tintindex":0},"up":{"uv":[9.5,7.5,7.0,7.5],"rotation":0,"texture":"#2","tintindex":0},"down":{"uv":[2.5,8.0,0.0,8.0],"rotation":0,"texture":"#2","tintindex":0}}},{"from":[3.4285712,7.4395447,6.110036],"to":[6.857143,7.4395447,7.8243217],"rotation":{"angle":-22.5,"axis":"x","origin":[5.142857,7.7252593,6.967179]},"faces":{"east":{"uv":[8.0,6.0,9.5,6.0],"rotation":0,"texture":"#2","tintindex":0},"south":{"uv":[6.5,8.0,9.5,8.0],"rotation":0,"texture":"#2","tintindex":0},"north":{"uv":[3.0,8.0,6.0,8.0],"rotation":0,"texture":"#2","tintindex":0},"west":{"uv":[8.0,6.5,9.5,6.5],"rotation":0,"texture":"#2","tintindex":0},"up":{"uv":[3.0,7.5,0.0,6.0],"rotation":0,"texture":"#2","tintindex":0},"down":{"uv":[6.5,6.0,3.5,7.5],"rotation":0,"texture":"#2","tintindex":0}}}],"display":{"head":{"translation":[0.0,-6.4,0.0],"scale":[4.0,4.0,4.0]}}}