{"textures":{"0":"modelengine:entity/bear_panda"},"elements":[{"from":[5.707714,6.2242856,4.771428],"to":[10.292286,8.161428,9.291429],"rotation":{"angle":0.0,"axis":"y","origin":[1.8979998,12.680283,-3.2594233]},"faces":{"east":{"uv":[11.25,5.625,10.375,6.0],"rotation":0,"texture":"#0","tintindex":0},"south":{"uv":[11.25,5.125,10.375,5.5],"rotation":0,"texture":"#0","tintindex":0},"north":{"uv":[11.25,0.0,10.375,0.375],"rotation":0,"texture":"#0","tintindex":0},"west":{"uv":[11.25,0.5,10.375,0.875],"rotation":0,"texture":"#0","tintindex":0},"up":{"uv":[9.375,6.25,10.25,5.375],"rotation":0,"texture":"#0","tintindex":0},"down":{"uv":[9.375,6.375,10.25,7.25],"rotation":0,"texture":"#0","tintindex":0}}}],"display":{"head":{"translation":[0.0,-6.4,0.0],"scale":[4.0,4.0,4.0]}}}