{"textures":{"0":"modelengine:entity/bear_panda"},"elements":[{"from":[1.2199998,6.2242856,-0.07142925],"to":[14.780001,16.555714,9.614285],"rotation":{"angle":0.0,"axis":"y","origin":[8.0,9.269352,-4.7569113]},"faces":{"east":{"uv":[5.125,4.0,7.0,6.0],"rotation":0,"texture":"#0","tintindex":0},"south":{"uv":[0.0,2.125,2.625,4.125],"rotation":0,"texture":"#0","tintindex":0},"north":{"uv":[0.0,0.0,2.625,2.0],"rotation":0,"texture":"#0","tintindex":0},"west":{"uv":[5.5,0.0,7.375,2.0],"rotation":0,"texture":"#0","tintindex":0},"up":{"uv":[5.375,1.875,2.75,0.0],"rotation":0,"texture":"#0","tintindex":0},"down":{"uv":[5.375,1.875,2.75,0.0],"rotation":0,"texture":"#0","tintindex":0}}}],"display":{"head":{"translation":[0.0,-6.4,0.0],"scale":[4.0,4.0,4.0]}}}