{"textures":{"0":"modelengine:entity/barreleye_fish"},"elements":[{"from":[8.0,6.285714,8.0],"to":[10.857143,8.571428,8.0],"rotation":{"angle":0.0,"axis":"y","origin":[6.285714,7.428571,8.285714]},"faces":{"east":{"uv":[0.025,0.025,0.025,0.975],"rotation":0,"texture":"#0","tintindex":0},"south":{"uv":[6.525,6.525,7.725,7.475],"rotation":0,"texture":"#0","tintindex":0},"north":{"uv":[7.725,6.525,6.525,7.475],"rotation":0,"texture":"#0","tintindex":0},"west":{"uv":[0.025,0.025,0.025,0.975],"rotation":0,"texture":"#0","tintindex":0},"up":{"uv":[0.025,0.025,1.225,0.025],"rotation":0,"texture":"#0","tintindex":0},"down":{"uv":[0.025,0.025,1.225,0.025],"rotation":0,"texture":"#0","tintindex":0}}},{"from":[8.0,7.428571,7.714286],"to":[8.571428,8.571428,8.285714],"rotation":{"angle":0.0,"axis":"y","origin":[6.285714,7.428571,8.285714]},"faces":{"east":{"uv":[6.725,5.025,6.525,5.475],"rotation":0,"texture":"#0","tintindex":0},"south":{"uv":[2.975,6.525,2.775,6.975],"rotation":0,"texture":"#0","tintindex":0},"north":{"uv":[4.225,4.525,4.025,4.975],"rotation":0,"texture":"#0","tintindex":0},"west":{"uv":[4.225,5.025,4.025,5.475],"rotation":0,"texture":"#0","tintindex":0},"up":{"uv":[5.525,2.975,5.725,2.775],"rotation":0,"texture":"#0","tintindex":0},"down":{"uv":[1.275,6.775,1.475,6.975],"rotation":0,"texture":"#0","tintindex":0}}}],"display":{"head":{"translation":[0.0,-6.4,0.0],"scale":[4.0,4.0,4.0]}}}