{"textures":{"0":"modelengine:entity/bear_polar"},"elements":[{"from":[5.621619,3.2306008,6.040909],"to":[10.7873335,9.04203,11.206623],"rotation":{"angle":-22.5,"axis":"x","origin":[12.724477,6.603446,8.4504795]},"faces":{"east":{"uv":[8.25,8.0,9.25,9.125],"rotation":0,"texture":"#0","tintindex":0},"south":{"uv":[8.875,2.875,9.875,4.0],"rotation":0,"texture":"#0","tintindex":0},"north":{"uv":[8.25,6.75,9.25,7.875],"rotation":0,"texture":"#0","tintindex":0},"west":{"uv":[8.875,4.125,9.875,5.25],"rotation":0,"texture":"#0","tintindex":0},"up":{"uv":[8.0,10.125,7.0,9.125],"rotation":0,"texture":"#0","tintindex":0},"down":{"uv":[10.25,0.0,9.25,1.0],"rotation":0,"texture":"#0","tintindex":0}}}],"display":{"head":{"translation":[0.0,-6.4,0.0],"scale":[4.0,4.0,4.0]}}}