{"textures":{"0":"modelengine:entity/bear_polar"},"elements":[{"from":[5.74,4.8021803,6.7036624],"to":[10.26,8.676467,10.577949],"rotation":{"angle":22.5,"axis":"x","origin":[12.8267145,9.9196825,7.0694346]},"faces":{"east":{"uv":[5.875,10.25,6.625,11.0],"rotation":0,"texture":"#0","tintindex":0},"south":{"uv":[0.0,9.625,0.875,10.375],"rotation":0,"texture":"#0","tintindex":0},"north":{"uv":[0.0,9.625,0.875,10.375],"rotation":0,"texture":"#0","tintindex":0},"west":{"uv":[5.875,10.25,6.625,11.0],"rotation":0,"texture":"#0","tintindex":0},"up":{"uv":[10.875,5.0,10.0,4.25],"rotation":0,"texture":"#0","tintindex":0},"down":{"uv":[11.0,1.125,10.125,1.875],"rotation":0,"texture":"#0","tintindex":0}}}],"display":{"head":{"translation":[0.0,-6.4,0.0],"scale":[4.0,4.0,4.0]}}}