{"textures":{"0":"modelengine:entity/bear_polar"},"elements":[{"from":[5.2758927,9.3860035,-0.08385277],"to":[10.441607,15.843146,5.0818615],"rotation":{"angle":45.0,"axis":"x","origin":[2.0473208,5.1497116,-3.2675142]},"faces":{"east":{"uv":[9.25,5.375,8.25,6.625],"rotation":0,"texture":"#0","tintindex":0},"south":{"uv":[8.875,1.5,7.875,2.75],"rotation":0,"texture":"#0","tintindex":0},"north":{"uv":[8.875,1.5,7.875,2.75],"rotation":0,"texture":"#0","tintindex":0},"west":{"uv":[9.25,5.375,8.25,6.625],"rotation":0,"texture":"#0","tintindex":0},"up":{"uv":[9.0,2.5,10.0,1.5],"rotation":0,"texture":"#0","tintindex":0},"down":{"uv":[5.875,9.125,6.875,10.125],"rotation":0,"texture":"#0","tintindex":0}}}],"display":{"head":{"translation":[0.0,-6.4,0.0],"scale":[4.0,4.0,4.0]}}}