{"textures":{"0":"modelengine:entity/crab"},"elements":[{"from":[7.1378345,6.0,7.975362],"to":[8.280692,7.714286,9.118219],"rotation":{"angle":22.5,"axis":"y","origin":[7.1378345,6.857143,10.261076]},"faces":{"east":{"uv":[2.0,6.75,2.5,7.5],"rotation":0,"texture":"#0","tintindex":0},"south":{"uv":[6.75,2.0,7.25,2.75],"rotation":0,"texture":"#0","tintindex":0},"north":{"uv":[1.5,6.75,2.0,7.5],"rotation":0,"texture":"#0","tintindex":0},"west":{"uv":[2.5,6.75,3.0,7.5],"rotation":0,"texture":"#0","tintindex":0},"up":{"uv":[7.5,8.25,7.0,7.75],"rotation":0,"texture":"#0","tintindex":0},"down":{"uv":[8.0,7.75,7.5,8.25],"rotation":0,"texture":"#0","tintindex":0}}},{"from":[7.7092633,7.714286,8.54679],"to":[8.85212,8.285714,8.54679],"rotation":{"angle":22.5,"axis":"y","origin":[7.1378345,6.857143,10.261076]},"faces":{"east":{"uv":[0.0,0.0,0.0,0.25],"rotation":0,"texture":"#0","tintindex":0},"south":{"uv":[8.5,0.25,9.0,0.5],"rotation":0,"texture":"#0","tintindex":0},"north":{"uv":[8.5,0.0,9.0,0.25],"rotation":0,"texture":"#0","tintindex":0},"west":{"uv":[0.0,0.0,0.0,0.25],"rotation":0,"texture":"#0","tintindex":0},"up":{"uv":[0.5,0.0,0.0,0.0],"rotation":0,"texture":"#0","tintindex":0},"down":{"uv":[0.5,0.0,0.0,0.0],"rotation":0,"texture":"#0","tintindex":0}}},{"from":[7.1378345,5.428571,8.54679],"to":[8.280692,6.0,8.54679],"rotation":{"angle":22.5,"axis":"y","origin":[7.1378345,6.857143,10.261076]},"faces":{"east":{"uv":[0.0,0.0,0.0,0.25],"rotation":0,"texture":"#0","tintindex":0},"south":{"uv":[0.0,8.5,0.5,8.75],"rotation":0,"texture":"#0","tintindex":0},"north":{"uv":[8.25,8.25,8.75,8.5],"rotation":0,"texture":"#0","tintindex":0},"west":{"uv":[0.0,0.0,0.0,0.25],"rotation":0,"texture":"#0","tintindex":0},"up":{"uv":[0.5,0.0,0.0,0.0],"rotation":0,"texture":"#0","tintindex":0},"down":{"uv":[0.5,0.0,0.0,0.0],"rotation":0,"texture":"#0","tintindex":0}}}],"display":{"head":{"translation":[0.0,-6.4,0.0],"scale":[4.0,4.0,4.0]}}}