{"textures":{"0":"modelengine:entity/clang_bot_glow"},"elements":[{"from":[6.285714,3.142857,7.142857],"to":[8.0,8.857143,8.857143],"rotation":{"angle":0.0,"axis":"y","origin":[10.0,-24.285717,7.142857]},"faces":{"east":{"uv":[0.0,11.8125,0.1875,12.4375],"rotation":0,"texture":"#0","tintindex":0},"south":{"uv":[1.4375,11.8125,1.625,12.4375],"rotation":0,"texture":"#0","tintindex":0},"north":{"uv":[5.625,11.75,5.8125,12.375],"rotation":0,"texture":"#0","tintindex":0},"west":{"uv":[1.6875,11.8125,1.875,12.4375],"rotation":0,"texture":"#0","tintindex":0},"up":{"uv":[7.875,13.875,7.6875,13.6875],"rotation":0,"texture":"#0","tintindex":0},"down":{"uv":[10.1875,13.6875,10.0,13.875],"rotation":0,"texture":"#0","tintindex":0}}}],"display":{"head":{"translation":[0.0,-6.4,0.0],"scale":[4.0,4.0,4.0]}}}