{"textures":{"0":"modelengine:entity/clang_bot_glow"},"elements":[{"from":[7.142857,7.142857,5.714286],"to":[8.857143,8.857143,10.285714],"rotation":{"angle":45.0,"axis":"z","origin":[8.0,8.0,8.0]},"faces":{"east":{"uv":[12.375,8.875,12.875,9.0625],"rotation":0,"texture":"#0","tintindex":0},"south":{"uv":[3.0,13.75,3.1875,13.9375],"rotation":0,"texture":"#0","tintindex":0},"north":{"uv":[13.75,2.6875,13.9375,2.875],"rotation":0,"texture":"#0","tintindex":0},"west":{"uv":[12.375,9.125,12.875,9.3125],"rotation":0,"texture":"#0","tintindex":0},"up":{"uv":[5.0625,12.875,4.875,12.375],"rotation":0,"texture":"#0","tintindex":0},"down":{"uv":[6.0625,12.375,5.875,12.875],"rotation":0,"texture":"#0","tintindex":0}}},{"from":[8.714286,3.142857,4.8571424],"to":[9.857143,7.142857,6.0],"rotation":{"angle":-22.5,"axis":"x","origin":[9.571428,6.285714,7.142857]},"faces":{"east":{"uv":[13.25,0.75,13.375,1.1875],"rotation":0,"texture":"#0","tintindex":0},"south":{"uv":[13.25,1.75,13.375,2.1875],"rotation":0,"texture":"#0","tintindex":0},"north":{"uv":[13.25,0.25,13.375,0.6875],"rotation":0,"texture":"#0","tintindex":0},"west":{"uv":[1.875,13.25,2.0,13.6875],"rotation":0,"texture":"#0","tintindex":0},"up":{"uv":[1.6875,14.25,1.5625,14.125],"rotation":0,"texture":"#0","tintindex":0},"down":{"uv":[14.25,1.5625,14.125,1.6875],"rotation":0,"texture":"#0","tintindex":0}}},{"from":[8.714286,0.85714245,5.428571],"to":[9.857143,3.142857,6.0],"rotation":{"angle":-22.5,"axis":"x","origin":[9.571428,6.285714,7.142857]},"faces":{"east":{"uv":[4.1875,12.5,4.25,12.75],"rotation":0,"texture":"#0","tintindex":0},"south":{"uv":[13.8125,5.0,13.9375,5.25],"rotation":0,"texture":"#0","tintindex":0},"north":{"uv":[4.5,13.8125,4.625,14.0625],"rotation":0,"texture":"#0","tintindex":0},"west":{"uv":[5.5,12.5625,5.5625,12.8125],"rotation":0,"texture":"#0","tintindex":0},"up":{"uv":[7.3125,9.6875,7.1875,9.625],"rotation":0,"texture":"#0","tintindex":0},"down":{"uv":[10.3125,9.8125,10.1875,9.875],"rotation":0,"texture":"#0","tintindex":0}}},{"from":[8.714286,1.4285712,10.0],"to":[9.857143,7.142857,11.142858],"rotation":{"angle":22.5,"axis":"x","origin":[9.571428,6.285714,8.857143]},"faces":{"east":{"uv":[0.25,12.6875,0.375,13.3125],"rotation":0,"texture":"#0","tintindex":0},"south":{"uv":[7.125,12.6875,7.25,13.3125],"rotation":0,"texture":"#0","tintindex":0},"north":{"uv":[3.0,12.5625,3.125,13.1875],"rotation":0,"texture":"#0","tintindex":0},"west":{"uv":[7.3125,12.6875,7.4375,13.3125],"rotation":0,"texture":"#0","tintindex":0},"up":{"uv":[14.25,1.875,14.125,1.75],"rotation":0,"texture":"#0","tintindex":0},"down":{"uv":[2.75,14.125,2.625,14.25],"rotation":0,"texture":"#0","tintindex":0}}},{"from":[9.428572,5.0,6.0],"to":[10.571428,9.0,10.0],"rotation":{"angle":0.0,"axis":"y","origin":[10.857143,8.714286,8.857143]},"faces":{"east":{"uv":[10.6875,7.9375,11.125,8.375],"rotation":0,"texture":"#0","tintindex":0},"south":{"uv":[3.0,13.25,3.125,13.6875],"rotation":0,"texture":"#0","tintindex":0},"north":{"uv":[13.25,2.25,13.375,2.6875],"rotation":0,"texture":"#0","tintindex":0},"west":{"uv":[10.6875,8.4375,11.125,8.875],"rotation":0,"texture":"#0","tintindex":0},"up":{"uv":[3.3125,13.6875,3.1875,13.25],"rotation":0,"texture":"#0","tintindex":0},"down":{"uv":[3.5,13.25,3.375,13.6875],"rotation":0,"texture":"#0","tintindex":0}}},{"from":[11.285714,-0.62609386,7.2927036],"to":[11.857143,1.6596203,12.43556],"rotation":{"angle":-22.5,"axis":"x","origin":[7.0,0.5167632,8.721275]},"faces":{"east":{"uv":[11.375,5.875,11.9375,6.125],"rotation":0,"texture":"#0","tintindex":0},"south":{"uv":[5.375,14.0,5.4375,14.25],"rotation":0,"texture":"#0","tintindex":0},"north":{"uv":[9.0625,13.25,9.125,13.5],"rotation":0,"texture":"#0","tintindex":0},"west":{"uv":[11.375,6.1875,11.9375,6.4375],"rotation":0,"texture":"#0","tintindex":0},"up":{"uv":[11.375,14.125,11.3125,13.5625],"rotation":0,"texture":"#0","tintindex":0},"down":{"uv":[8.0,13.6875,7.9375,14.25],"rotation":0,"texture":"#0","tintindex":0}}},{"from":[7.285714,-0.62609386,11.864132],"to":[11.285714,1.6596203,12.43556],"rotation":{"angle":-22.5,"axis":"x","origin":[7.0,0.5167632,8.721275]},"faces":{"east":{"uv":[0.375,14.0625,0.4375,14.3125],"rotation":0,"texture":"#0","tintindex":0},"south":{"uv":[12.0,0.0,12.4375,0.25],"rotation":0,"texture":"#0","tintindex":0},"north":{"uv":[11.9375,3.1875,12.375,3.4375],"rotation":0,"texture":"#0","tintindex":0},"west":{"uv":[4.875,14.0625,4.9375,14.3125],"rotation":0,"texture":"#0","tintindex":0},"up":{"uv":[13.0625,3.125,12.625,3.0625],"rotation":0,"texture":"#0","tintindex":0},"down":{"uv":[14.125,1.9375,13.6875,2.0],"rotation":0,"texture":"#0","tintindex":0}}},{"from":[6.714286,-0.62609386,7.2927036],"to":[7.285714,1.6596203,12.43556],"rotation":{"angle":-22.5,"axis":"x","origin":[7.0,0.5167632,8.721275]},"faces":{"east":{"uv":[11.375,6.9375,11.9375,7.1875],"rotation":0,"texture":"#0","tintindex":0},"south":{"uv":[10.875,14.0,10.9375,14.25],"rotation":0,"texture":"#0","tintindex":0},"north":{"uv":[9.5625,14.0,9.625,14.25],"rotation":0,"texture":"#0","tintindex":0},"west":{"uv":[8.3125,11.375,8.875,11.625],"rotation":0,"texture":"#0","tintindex":0},"up":{"uv":[10.3125,14.25,10.25,13.6875],"rotation":0,"texture":"#0","tintindex":0},"down":{"uv":[1.9375,13.75,1.875,14.3125],"rotation":0,"texture":"#0","tintindex":0}}},{"from":[6.857143,4.142857,6.5714283],"to":[9.714286,5.285714,9.428572],"rotation":{"angle":-45.0,"axis":"y","origin":[8.285714,4.714286,8.0]},"faces":{"east":{"uv":[13.5625,10.0,13.875,10.125],"rotation":0,"texture":"#0","tintindex":0},"south":{"uv":[1.3125,13.625,1.625,13.75],"rotation":0,"texture":"#0","tintindex":0},"north":{"uv":[13.5625,9.8125,13.875,9.9375],"rotation":0,"texture":"#0","tintindex":0},"west":{"uv":[13.625,2.0625,13.9375,2.1875],"rotation":0,"texture":"#0","tintindex":0},"up":{"uv":[12.4375,5.375,12.125,5.0625],"rotation":0,"texture":"#0","tintindex":0},"down":{"uv":[12.4375,6.9375,12.125,7.25],"rotation":0,"texture":"#0","tintindex":0}}},{"from":[7.714286,1.2857141,7.428571],"to":[8.857143,8.142858,8.571428],"rotation":{"angle":-45.0,"axis":"y","origin":[8.285714,4.714286,8.0]},"faces":{"east":{"uv":[7.75,12.375,7.875,13.125],"rotation":0,"texture":"#0","tintindex":0},"south":{"uv":[7.9375,12.375,8.0625,13.125],"rotation":0,"texture":"#0","tintindex":0},"north":{"uv":[2.8125,12.0625,2.9375,12.8125],"rotation":0,"texture":"#0","tintindex":0},"west":{"uv":[8.75,12.375,8.875,13.125],"rotation":0,"texture":"#0","tintindex":0},"up":{"uv":[2.9375,14.25,2.8125,14.125],"rotation":0,"texture":"#0","tintindex":0},"down":{"uv":[4.0,14.125,3.875,14.25],"rotation":0,"texture":"#0","tintindex":0}}},{"from":[10.571428,6.142857,7.142857],"to":[11.142858,7.857143,8.857143],"rotation":{"angle":-45.0,"axis":"x","origin":[10.571428,7.0,8.0]},"faces":{"east":{"uv":[3.25,13.75,3.4375,13.9375],"rotation":0,"texture":"#0","tintindex":0},"south":{"uv":[9.4375,14.125,9.5,14.3125],"rotation":0,"texture":"#0","tintindex":0},"north":{"uv":[1.75,14.125,1.8125,14.3125],"rotation":0,"texture":"#0","tintindex":0},"west":{"uv":[3.5,13.75,3.6875,13.9375],"rotation":0,"texture":"#0","tintindex":0},"up":{"uv":[12.0625,14.3125,12.0,14.125],"rotation":0,"texture":"#0","tintindex":0},"down":{"uv":[1.3125,14.1875,1.25,14.375],"rotation":0,"texture":"#0","tintindex":0}}}],"display":{"head":{"translation":[0.0,-6.4,0.0],"scale":[4.0,4.0,4.0]}}}