{"textures":{"0":"modelengine:entity/clang_bot_glow"},"elements":[{"from":[7.168915,7.779723,7.428571],"to":[10.026058,8.92258,10.285714],"rotation":{"angle":22.5,"axis":"z","origin":[7.6736107,6.314597,7.714556]},"faces":{"east":{"uv":[13.5625,7.3125,13.875,7.4375],"rotation":0,"texture":"#0","tintindex":0},"south":{"uv":[8.125,13.5625,8.4375,13.6875],"rotation":0,"texture":"#0","tintindex":0},"north":{"uv":[13.5625,7.125,13.875,7.25],"rotation":0,"texture":"#0","tintindex":0},"west":{"uv":[9.0625,13.5625,9.375,13.6875],"rotation":0,"texture":"#0","tintindex":0},"up":{"uv":[3.5,12.375,3.1875,12.0625],"rotation":0,"texture":"#0","tintindex":0},"down":{"uv":[3.875,12.0625,3.5625,12.375],"rotation":0,"texture":"#0","tintindex":0}}},{"from":[7.454629,7.779723,10.285714],"to":[9.740343,8.351151,14.285715],"rotation":{"angle":22.5,"axis":"z","origin":[7.6736107,6.314597,7.714556]},"faces":{"east":{"uv":[9.6875,5.5,10.125,5.5625],"rotation":0,"texture":"#0","tintindex":0},"south":{"uv":[14.125,0.125,14.375,0.1875],"rotation":0,"texture":"#0","tintindex":0},"north":{"uv":[14.125,0.0,14.375,0.0625],"rotation":0,"texture":"#0","tintindex":0},"west":{"uv":[11.25,3.625,11.6875,3.6875],"rotation":0,"texture":"#0","tintindex":0},"up":{"uv":[12.1875,2.0625,11.9375,1.625],"rotation":0,"texture":"#0","tintindex":0},"down":{"uv":[6.5,11.9375,6.25,12.375],"rotation":0,"texture":"#0","tintindex":0}}},{"from":[6.8832,6.92258,18.285715],"to":[10.311772,8.065437,22.285715],"rotation":{"angle":22.5,"axis":"z","origin":[7.6736107,6.314597,7.714556]},"faces":{"east":{"uv":[13.0,11.0,13.4375,11.125],"rotation":0,"texture":"#0","tintindex":0},"south":{"uv":[13.25,12.9375,13.625,13.0625],"rotation":0,"texture":"#0","tintindex":0},"north":{"uv":[13.1875,4.125,13.5625,4.25],"rotation":0,"texture":"#0","tintindex":0},"west":{"uv":[13.0,12.25,13.4375,12.375],"rotation":0,"texture":"#0","tintindex":0},"up":{"uv":[11.5,10.875,11.125,10.4375],"rotation":0,"texture":"#0","tintindex":0},"down":{"uv":[3.125,11.1875,2.75,11.625],"rotation":0,"texture":"#0","tintindex":0}}},{"from":[7.168915,7.779723,14.285715],"to":[10.026058,8.351151,16.0],"rotation":{"angle":22.5,"axis":"z","origin":[7.6736107,6.314597,7.714556]},"faces":{"east":{"uv":[4.75,11.5,4.9375,11.5625],"rotation":0,"texture":"#0","tintindex":0},"south":{"uv":[14.0,11.5625,14.3125,11.625],"rotation":0,"texture":"#0","tintindex":0},"north":{"uv":[14.0,11.4375,14.3125,11.5],"rotation":0,"texture":"#0","tintindex":0},"west":{"uv":[12.5,5.5625,12.6875,5.625],"rotation":0,"texture":"#0","tintindex":0},"up":{"uv":[3.5,13.1875,3.1875,13.0],"rotation":0,"texture":"#0","tintindex":0},"down":{"uv":[3.875,13.0,3.5625,13.1875],"rotation":0,"texture":"#0","tintindex":0}}},{"from":[7.168915,7.2082944,16.0],"to":[10.026058,8.351151,18.285715],"rotation":{"angle":22.5,"axis":"z","origin":[7.6736107,6.314597,7.714556]},"faces":{"east":{"uv":[13.8125,0.0,14.0625,0.125],"rotation":0,"texture":"#0","tintindex":0},"south":{"uv":[9.4375,13.5625,9.75,13.6875],"rotation":0,"texture":"#0","tintindex":0},"north":{"uv":[13.5625,9.25,13.875,9.375],"rotation":0,"texture":"#0","tintindex":0},"west":{"uv":[0.5,13.8125,0.75,13.9375],"rotation":0,"texture":"#0","tintindex":0},"up":{"uv":[5.4375,12.8125,5.125,12.5625],"rotation":0,"texture":"#0","tintindex":0},"down":{"uv":[7.0625,12.5625,6.75,12.8125],"rotation":0,"texture":"#0","tintindex":0}}}],"display":{"head":{"translation":[0.0,-6.4,0.0],"scale":[4.0,4.0,4.0]}}}