{"textures":{"0":"modelengine:entity/clang_bot_glow"},"elements":[{"from":[5.9739423,7.779723,7.428571],"to":[8.831085,8.92258,10.285714],"rotation":{"angle":-22.5,"axis":"z","origin":[8.326389,6.314597,7.714556]},"faces":{"east":{"uv":[13.5,12.25,13.8125,12.375],"rotation":0,"texture":"#0","tintindex":0},"south":{"uv":[12.5,13.5,12.8125,13.625],"rotation":0,"texture":"#0","tintindex":0},"north":{"uv":[13.5,11.0,13.8125,11.125],"rotation":0,"texture":"#0","tintindex":0},"west":{"uv":[13.5,13.125,13.8125,13.25],"rotation":0,"texture":"#0","tintindex":0},"up":{"uv":[12.3125,12.125,12.0,11.8125],"rotation":0,"texture":"#0","tintindex":0},"down":{"uv":[2.75,12.0625,2.4375,12.375],"rotation":0,"texture":"#0","tintindex":0}}},{"from":[6.259657,7.779723,10.285714],"to":[8.545371,8.351151,14.285715],"rotation":{"angle":-22.5,"axis":"z","origin":[8.326389,6.314597,7.714556]},"faces":{"east":{"uv":[8.375,0.4375,8.8125,0.5],"rotation":0,"texture":"#0","tintindex":0},"south":{"uv":[14.0625,14.0,14.3125,14.0625],"rotation":0,"texture":"#0","tintindex":0},"north":{"uv":[14.0625,13.875,14.3125,13.9375],"rotation":0,"texture":"#0","tintindex":0},"west":{"uv":[9.125,4.8125,9.5625,4.875],"rotation":0,"texture":"#0","tintindex":0},"up":{"uv":[10.8125,12.25,10.5625,11.8125],"rotation":0,"texture":"#0","tintindex":0},"down":{"uv":[12.1875,1.125,11.9375,1.5625],"rotation":0,"texture":"#0","tintindex":0}}},{"from":[5.6882277,6.92258,18.285715],"to":[9.116799,8.065437,22.285715],"rotation":{"angle":-22.5,"axis":"z","origin":[8.326389,6.314597,7.714556]},"faces":{"east":{"uv":[5.25,5.875,5.6875,6.0],"rotation":0,"texture":"#0","tintindex":0},"south":{"uv":[13.1875,3.25,13.5625,3.375],"rotation":0,"texture":"#0","tintindex":0},"north":{"uv":[13.125,7.375,13.5,7.5],"rotation":0,"texture":"#0","tintindex":0},"west":{"uv":[13.0,10.8125,13.4375,10.9375],"rotation":0,"texture":"#0","tintindex":0},"up":{"uv":[4.3125,11.5625,3.9375,11.125],"rotation":0,"texture":"#0","tintindex":0},"down":{"uv":[8.25,11.125,7.875,11.5625],"rotation":0,"texture":"#0","tintindex":0}}},{"from":[5.9739423,7.779723,14.285715],"to":[8.831085,8.351151,16.0],"rotation":{"angle":-22.5,"axis":"z","origin":[8.326389,6.314597,7.714556]},"faces":{"east":{"uv":[9.5,1.0625,9.6875,1.125],"rotation":0,"texture":"#0","tintindex":0},"south":{"uv":[10.875,7.3125,11.1875,7.375],"rotation":0,"texture":"#0","tintindex":0},"north":{"uv":[5.4375,4.0,5.75,4.0625],"rotation":0,"texture":"#0","tintindex":0},"west":{"uv":[10.125,10.375,10.3125,10.4375],"rotation":0,"texture":"#0","tintindex":0},"up":{"uv":[13.25,11.4375,12.9375,11.25],"rotation":0,"texture":"#0","tintindex":0},"down":{"uv":[13.3125,0.0,13.0,0.1875],"rotation":0,"texture":"#0","tintindex":0}}},{"from":[5.9739423,7.2082944,16.0],"to":[8.831085,8.351151,18.285715],"rotation":{"angle":-22.5,"axis":"z","origin":[8.326389,6.314597,7.714556]},"faces":{"east":{"uv":[13.75,4.3125,14.0,4.4375],"rotation":0,"texture":"#0","tintindex":0},"south":{"uv":[13.5,13.5,13.8125,13.625],"rotation":0,"texture":"#0","tintindex":0},"north":{"uv":[13.5,13.3125,13.8125,13.4375],"rotation":0,"texture":"#0","tintindex":0},"west":{"uv":[13.75,5.75,14.0,5.875],"rotation":0,"texture":"#0","tintindex":0},"up":{"uv":[12.875,2.6875,12.5625,2.4375],"rotation":0,"texture":"#0","tintindex":0},"down":{"uv":[12.875,4.5,12.5625,4.75],"rotation":0,"texture":"#0","tintindex":0}}}],"display":{"head":{"translation":[0.0,-6.4,0.0],"scale":[4.0,4.0,4.0]}}}