{"textures":{"0":"modelengine:entity/clang_bot_glow"},"elements":[{"from":[6.285714,5.428571,8.285714],"to":[9.714286,10.0,10.0],"rotation":{"angle":0.0,"axis":"y","origin":[10.0,9.428572,-1.4285717]},"faces":{"east":{"uv":[3.6875,12.4375,3.875,12.9375],"rotation":0,"texture":"#0","tintindex":0},"south":{"uv":[9.4375,11.0625,9.8125,11.5625],"rotation":0,"texture":"#0","tintindex":0},"north":{"uv":[9.0,11.0625,9.375,11.5625],"rotation":0,"texture":"#0","tintindex":0},"west":{"uv":[5.625,12.4375,5.8125,12.9375],"rotation":0,"texture":"#0","tintindex":0},"up":{"uv":[13.25,10.0,12.875,9.8125],"rotation":0,"texture":"#0","tintindex":0},"down":{"uv":[13.25,11.5,12.875,11.6875],"rotation":0,"texture":"#0","tintindex":0}}},{"from":[6.857143,2.5714283,8.285714],"to":[9.142858,5.428571,10.0],"rotation":{"angle":0.0,"axis":"y","origin":[10.0,3.7142854,-1.4285717]},"faces":{"east":{"uv":[3.9375,13.0,4.125,13.3125],"rotation":0,"texture":"#0","tintindex":0},"south":{"uv":[12.75,5.4375,13.0,5.75],"rotation":0,"texture":"#0","tintindex":0},"north":{"uv":[12.75,5.0625,13.0,5.375],"rotation":0,"texture":"#0","tintindex":0},"west":{"uv":[5.625,13.0,5.8125,13.3125],"rotation":0,"texture":"#0","tintindex":0},"up":{"uv":[13.6875,2.6875,13.4375,2.5],"rotation":0,"texture":"#0","tintindex":0},"down":{"uv":[13.75,1.125,13.5,1.3125],"rotation":0,"texture":"#0","tintindex":0}}},{"from":[6.857143,9.714286,7.714286],"to":[9.142858,10.857143,10.0],"rotation":{"angle":0.0,"axis":"y","origin":[10.0,10.285714,-1.4285717]},"faces":{"east":{"uv":[13.8125,7.5,14.0625,7.625],"rotation":0,"texture":"#0","tintindex":0},"south":{"uv":[13.8125,8.25,14.0625,8.375],"rotation":0,"texture":"#0","tintindex":0},"north":{"uv":[13.8125,6.9375,14.0625,7.0625],"rotation":0,"texture":"#0","tintindex":0},"west":{"uv":[13.8125,8.4375,14.0625,8.5625],"rotation":0,"texture":"#0","tintindex":0},"up":{"uv":[2.75,13.25,2.5,13.0],"rotation":0,"texture":"#0","tintindex":0},"down":{"uv":[13.25,2.75,13.0,3.0],"rotation":0,"texture":"#0","tintindex":0}}},{"from":[7.428571,10.0,8.285714],"to":[8.571428,12.857143,9.428572],"rotation":{"angle":45.0,"axis":"y","origin":[8.0,11.714286,8.857143]},"faces":{"east":{"uv":[13.625,5.125,13.75,5.4375],"rotation":0,"texture":"#0","tintindex":0},"south":{"uv":[13.625,6.3125,13.75,6.625],"rotation":0,"texture":"#0","tintindex":0},"north":{"uv":[13.3125,13.5625,13.4375,13.875],"rotation":0,"texture":"#0","tintindex":0},"west":{"uv":[13.625,8.25,13.75,8.5625],"rotation":0,"texture":"#0","tintindex":0},"up":{"uv":[10.125,14.25,10.0,14.125],"rotation":0,"texture":"#0","tintindex":0},"down":{"uv":[14.25,10.375,14.125,10.5],"rotation":0,"texture":"#0","tintindex":0}}},{"from":[7.142857,4.5714283,7.857143],"to":[8.857143,7.428571,9.0],"rotation":{"angle":-22.5,"axis":"x","origin":[8.0,5.428571,8.285714]},"faces":{"east":{"uv":[10.375,13.625,10.5,13.9375],"rotation":0,"texture":"#0","tintindex":0},"south":{"uv":[13.0,7.75,13.1875,8.0625],"rotation":0,"texture":"#0","tintindex":0},"north":{"uv":[13.0,6.3125,13.1875,6.625],"rotation":0,"texture":"#0","tintindex":0},"west":{"uv":[10.5625,13.625,10.6875,13.9375],"rotation":0,"texture":"#0","tintindex":0},"up":{"uv":[8.25,14.125,8.0625,14.0],"rotation":0,"texture":"#0","tintindex":0},"down":{"uv":[14.1875,9.5,14.0,9.625],"rotation":0,"texture":"#0","tintindex":0}}},{"from":[7.142857,-0.67018986,8.21778],"to":[8.857143,4.472667,9.360638],"rotation":{"angle":0.0,"axis":"y","origin":[8.0,5.32981,8.0749235]},"faces":{"east":{"uv":[2.8125,12.875,2.9375,13.4375],"rotation":0,"texture":"#0","tintindex":0},"south":{"uv":[10.875,11.9375,11.0625,12.5],"rotation":0,"texture":"#0","tintindex":0},"north":{"uv":[1.1875,11.875,1.375,12.4375],"rotation":0,"texture":"#0","tintindex":0},"west":{"uv":[4.6875,12.875,4.8125,13.4375],"rotation":0,"texture":"#0","tintindex":0},"up":{"uv":[10.5625,14.125,10.375,14.0],"rotation":0,"texture":"#0","tintindex":0},"down":{"uv":[10.8125,14.0,10.625,14.125],"rotation":0,"texture":"#0","tintindex":0}}},{"from":[8.0,-2.955905,8.503494],"to":[8.0,4.472667,11.932066],"rotation":{"angle":0.0,"axis":"y","origin":[7.714286,5.32981,8.932066]},"faces":{"east":{"uv":[5.3125,9.0,5.6875,9.8125],"rotation":0,"texture":"#0","tintindex":0},"south":{"uv":[3.6875,14.0,3.6875,14.8125],"rotation":0,"texture":"#0","tintindex":0},"north":{"uv":[11.25,13.9375,11.25,14.75],"rotation":0,"texture":"#0","tintindex":0},"west":{"uv":[6.25,9.0,6.625,9.8125],"rotation":0,"texture":"#0","tintindex":0},"up":{"uv":[8.6875,13.0625,8.6875,12.6875],"rotation":0,"texture":"#0","tintindex":0},"down":{"uv":[13.1875,0.6875,13.1875,1.0625],"rotation":0,"texture":"#0","tintindex":0}}},{"from":[7.428571,-2.955905,7.789209],"to":[9.142858,-0.67018986,9.503494],"rotation":{"angle":45.0,"axis":"y","origin":[8.0,-1.8130474,8.932066]},"faces":{"east":{"uv":[13.5,1.375,13.6875,1.625],"rotation":0,"texture":"#0","tintindex":0},"south":{"uv":[13.5,2.75,13.6875,3.0],"rotation":0,"texture":"#0","tintindex":0},"north":{"uv":[0.625,13.5,0.8125,13.75],"rotation":0,"texture":"#0","tintindex":0},"west":{"uv":[4.5625,13.5,4.75,13.75],"rotation":0,"texture":"#0","tintindex":0},"up":{"uv":[12.3125,13.9375,12.125,13.75],"rotation":0,"texture":"#0","tintindex":0},"down":{"uv":[13.9375,13.6875,13.75,13.875],"rotation":0,"texture":"#0","tintindex":0}}},{"from":[6.285714,8.571428,7.714286],"to":[9.714286,9.714286,8.285714],"rotation":{"angle":0.0,"axis":"y","origin":[10.0,9.428572,-1.4285717]},"faces":{"east":{"uv":[6.125,14.1875,6.1875,14.3125],"rotation":0,"texture":"#0","tintindex":0},"south":{"uv":[13.4375,12.75,13.8125,12.875],"rotation":0,"texture":"#0","tintindex":0},"north":{"uv":[13.375,12.0625,13.75,12.1875],"rotation":0,"texture":"#0","tintindex":0},"west":{"uv":[14.1875,6.25,14.25,6.375],"rotation":0,"texture":"#0","tintindex":0},"up":{"uv":[14.375,11.25,14.0,11.1875],"rotation":0,"texture":"#0","tintindex":0},"down":{"uv":[14.375,11.3125,14.0,11.375],"rotation":0,"texture":"#0","tintindex":0}}},{"from":[6.0,7.5714283,6.857143],"to":[10.0,9.285714,8.571428],"rotation":{"angle":45.0,"axis":"x","origin":[8.0,8.0,7.428571]},"faces":{"east":{"uv":[0.0,13.8125,0.1875,14.0],"rotation":0,"texture":"#0","tintindex":0},"south":{"uv":[12.5,6.5,12.9375,6.6875],"rotation":0,"texture":"#0","tintindex":0},"north":{"uv":[12.5,3.875,12.9375,4.0625],"rotation":0,"texture":"#0","tintindex":0},"west":{"uv":[0.25,13.8125,0.4375,14.0],"rotation":0,"texture":"#0","tintindex":0},"up":{"uv":[12.9375,7.125,12.5,6.9375],"rotation":0,"texture":"#0","tintindex":0},"down":{"uv":[13.0,0.25,12.5625,0.4375],"rotation":0,"texture":"#0","tintindex":0}}}],"display":{"head":{"translation":[0.0,-6.4,0.0],"scale":[4.0,4.0,4.0]}}}