{"textures":{"0":"modelengine:entity/clang_bot_glow"},"elements":[{"from":[6.285714,5.428571,8.285714],"to":[9.714286,10.0,10.0],"rotation":{"angle":0.0,"axis":"y","origin":[6.0,9.428572,-1.4285717]},"faces":{"east":{"uv":[0.8125,12.3125,1.0,12.8125],"rotation":0,"texture":"#0","tintindex":0},"south":{"uv":[5.0,11.0625,5.375,11.5625],"rotation":0,"texture":"#0","tintindex":0},"north":{"uv":[6.4375,11.0,6.8125,11.5],"rotation":0,"texture":"#0","tintindex":0},"west":{"uv":[10.5625,12.3125,10.75,12.8125],"rotation":0,"texture":"#0","tintindex":0},"up":{"uv":[9.4375,5.8125,9.0625,5.625],"rotation":0,"texture":"#0","tintindex":0},"down":{"uv":[13.125,8.625,12.75,8.8125],"rotation":0,"texture":"#0","tintindex":0}}},{"from":[6.857143,2.5714283,8.285714],"to":[9.142858,5.428571,10.0],"rotation":{"angle":0.0,"axis":"y","origin":[6.0,3.7142854,-1.4285717]},"faces":{"east":{"uv":[7.5,12.9375,7.6875,13.25],"rotation":0,"texture":"#0","tintindex":0},"south":{"uv":[10.8125,12.5625,11.0625,12.875],"rotation":0,"texture":"#0","tintindex":0},"north":{"uv":[12.5625,7.1875,12.8125,7.5],"rotation":0,"texture":"#0","tintindex":0},"west":{"uv":[0.0,13.0,0.1875,13.3125],"rotation":0,"texture":"#0","tintindex":0},"up":{"uv":[13.5625,10.75,13.3125,10.5625],"rotation":0,"texture":"#0","tintindex":0},"down":{"uv":[11.375,13.3125,11.125,13.5],"rotation":0,"texture":"#0","tintindex":0}}},{"from":[6.857143,9.714286,7.714286],"to":[9.142858,10.857143,10.0],"rotation":{"angle":0.0,"axis":"y","origin":[6.0,10.285714,-1.4285717]},"faces":{"east":{"uv":[1.3125,13.8125,1.5625,13.9375],"rotation":0,"texture":"#0","tintindex":0},"south":{"uv":[2.0,13.8125,2.25,13.9375],"rotation":0,"texture":"#0","tintindex":0},"north":{"uv":[13.8125,1.125,14.0625,1.25],"rotation":0,"texture":"#0","tintindex":0},"west":{"uv":[2.3125,13.8125,2.5625,13.9375],"rotation":0,"texture":"#0","tintindex":0},"up":{"uv":[13.1875,1.375,12.9375,1.125],"rotation":0,"texture":"#0","tintindex":0},"down":{"uv":[2.125,12.9375,1.875,13.1875],"rotation":0,"texture":"#0","tintindex":0}}},{"from":[7.428571,10.0,8.285714],"to":[8.571428,12.857143,9.428572],"rotation":{"angle":-45.0,"axis":"y","origin":[8.0,11.714286,8.857143]},"faces":{"east":{"uv":[11.8125,13.5,11.9375,13.8125],"rotation":0,"texture":"#0","tintindex":0},"south":{"uv":[8.5,13.5625,8.625,13.875],"rotation":0,"texture":"#0","tintindex":0},"north":{"uv":[5.8125,13.5,5.9375,13.8125],"rotation":0,"texture":"#0","tintindex":0},"west":{"uv":[13.5625,9.4375,13.6875,9.75],"rotation":0,"texture":"#0","tintindex":0},"up":{"uv":[14.25,0.375,14.125,0.25],"rotation":0,"texture":"#0","tintindex":0},"down":{"uv":[14.25,0.4375,14.125,0.5625],"rotation":0,"texture":"#0","tintindex":0}}},{"from":[7.142857,4.5714283,7.857143],"to":[8.857143,7.428571,9.0],"rotation":{"angle":-22.5,"axis":"x","origin":[8.0,5.428571,8.285714]},"faces":{"east":{"uv":[2.8125,13.5,2.9375,13.8125],"rotation":0,"texture":"#0","tintindex":0},"south":{"uv":[3.1875,11.1875,3.375,11.5],"rotation":0,"texture":"#0","tintindex":0},"north":{"uv":[9.875,11.0625,10.0625,11.375],"rotation":0,"texture":"#0","tintindex":0},"west":{"uv":[4.8125,13.5,4.9375,13.8125],"rotation":0,"texture":"#0","tintindex":0},"up":{"uv":[10.1875,14.0625,10.0,13.9375],"rotation":0,"texture":"#0","tintindex":0},"down":{"uv":[12.5625,13.9375,12.375,14.0625],"rotation":0,"texture":"#0","tintindex":0}}},{"from":[7.142857,-0.67018986,8.21778],"to":[8.857143,4.472667,9.360638],"rotation":{"angle":0.0,"axis":"y","origin":[8.0,5.32981,8.0749235]},"faces":{"east":{"uv":[1.6875,12.75,1.8125,13.3125],"rotation":0,"texture":"#0","tintindex":0},"south":{"uv":[7.5,11.8125,7.6875,12.375],"rotation":0,"texture":"#0","tintindex":0},"north":{"uv":[4.4375,1.75,4.625,2.3125],"rotation":0,"texture":"#0","tintindex":0},"west":{"uv":[0.6875,12.875,0.8125,13.4375],"rotation":0,"texture":"#0","tintindex":0},"up":{"uv":[14.125,12.5,13.9375,12.375],"rotation":0,"texture":"#0","tintindex":0},"down":{"uv":[12.8125,13.9375,12.625,14.0625],"rotation":0,"texture":"#0","tintindex":0}}},{"from":[8.0,-2.955905,8.503494],"to":[8.0,4.472667,11.932066],"rotation":{"angle":0.0,"axis":"y","origin":[8.285714,5.32981,8.932066]},"faces":{"east":{"uv":[0.5,8.0,0.875,8.8125],"rotation":0,"texture":"#0","tintindex":0},"south":{"uv":[7.875,13.9375,7.875,14.75],"rotation":0,"texture":"#0","tintindex":0},"north":{"uv":[5.6875,7.1875,5.6875,8.0],"rotation":0,"texture":"#0","tintindex":0},"west":{"uv":[6.75,8.0625,7.125,8.875],"rotation":0,"texture":"#0","tintindex":0},"up":{"uv":[8.375,3.4375,8.375,3.0625],"rotation":0,"texture":"#0","tintindex":0},"down":{"uv":[6.6875,9.0,6.6875,9.375],"rotation":0,"texture":"#0","tintindex":0}}},{"from":[6.857143,-2.955905,7.789209],"to":[8.571428,-0.67018986,9.503494],"rotation":{"angle":-45.0,"axis":"y","origin":[8.0,-1.8130474,8.932066]},"faces":{"east":{"uv":[13.3125,9.625,13.5,9.875],"rotation":0,"texture":"#0","tintindex":0},"south":{"uv":[13.3125,9.9375,13.5,10.1875],"rotation":0,"texture":"#0","tintindex":0},"north":{"uv":[13.3125,9.3125,13.5,9.5625],"rotation":0,"texture":"#0","tintindex":0},"west":{"uv":[10.5,13.3125,10.6875,13.5625],"rotation":0,"texture":"#0","tintindex":0},"up":{"uv":[13.875,4.9375,13.6875,4.75],"rotation":0,"texture":"#0","tintindex":0},"down":{"uv":[13.875,6.0625,13.6875,6.25],"rotation":0,"texture":"#0","tintindex":0}}},{"from":[6.285714,8.571428,7.714286],"to":[9.714286,9.714286,8.285714],"rotation":{"angle":0.0,"axis":"y","origin":[6.0,9.428572,-1.4285717]},"faces":{"east":{"uv":[1.0625,12.3125,1.125,12.4375],"rotation":0,"texture":"#0","tintindex":0},"south":{"uv":[13.3125,5.75,13.6875,5.875],"rotation":0,"texture":"#0","tintindex":0},"north":{"uv":[13.3125,4.3125,13.6875,4.4375],"rotation":0,"texture":"#0","tintindex":0},"west":{"uv":[5.125,12.375,5.1875,12.5],"rotation":0,"texture":"#0","tintindex":0},"up":{"uv":[14.3125,10.1875,13.9375,10.125],"rotation":0,"texture":"#0","tintindex":0},"down":{"uv":[14.3125,10.25,13.9375,10.3125],"rotation":0,"texture":"#0","tintindex":0}}},{"from":[6.0,7.5714283,6.857143],"to":[10.0,9.285714,8.571428],"rotation":{"angle":45.0,"axis":"x","origin":[8.0,8.0,7.428571]},"faces":{"east":{"uv":[13.6875,1.6875,13.875,1.875],"rotation":0,"texture":"#0","tintindex":0},"south":{"uv":[12.5,0.0,12.9375,0.1875],"rotation":0,"texture":"#0","tintindex":0},"north":{"uv":[12.4375,11.25,12.875,11.4375],"rotation":0,"texture":"#0","tintindex":0},"west":{"uv":[13.6875,4.5,13.875,4.6875],"rotation":0,"texture":"#0","tintindex":0},"up":{"uv":[1.8125,12.6875,1.375,12.5],"rotation":0,"texture":"#0","tintindex":0},"down":{"uv":[12.9375,3.625,12.5,3.8125],"rotation":0,"texture":"#0","tintindex":0}}}],"display":{"head":{"translation":[0.0,-6.4,0.0],"scale":[4.0,4.0,4.0]}}}