{"textures":{"0":"modelengine:entity/clang_bot_glow"},"elements":[{"from":[7.1530094,5.142857,7.408266],"to":[8.867295,6.857143,9.122552],"rotation":{"angle":0.0,"axis":"y","origin":[10.867295,-18.285715,7.408266]},"faces":{"east":{"uv":[13.6875,12.4375,13.875,12.625],"rotation":0,"texture":"#0","tintindex":0},"south":{"uv":[12.5,13.6875,12.6875,13.875],"rotation":0,"texture":"#0","tintindex":0},"north":{"uv":[13.6875,10.1875,13.875,10.375],"rotation":0,"texture":"#0","tintindex":0},"west":{"uv":[12.75,13.6875,12.9375,13.875],"rotation":0,"texture":"#0","tintindex":0},"up":{"uv":[13.1875,13.875,13.0,13.6875],"rotation":0,"texture":"#0","tintindex":0},"down":{"uv":[13.6875,13.6875,13.5,13.875],"rotation":0,"texture":"#0","tintindex":0}}},{"from":[7.438724,3.4285712,7.408266],"to":[8.581581,5.142857,9.122552],"rotation":{"angle":0.0,"axis":"y","origin":[11.153009,-18.285715,7.408266]},"faces":{"east":{"uv":[13.75,1.375,13.9375,1.5625],"rotation":0,"texture":"#0","tintindex":0},"south":{"uv":[13.6875,13.9375,13.8125,14.125],"rotation":0,"texture":"#0","tintindex":0},"north":{"uv":[13.5,13.9375,13.625,14.125],"rotation":0,"texture":"#0","tintindex":0},"west":{"uv":[13.75,2.4375,13.9375,2.625],"rotation":0,"texture":"#0","tintindex":0},"up":{"uv":[14.0,14.125,13.875,13.9375],"rotation":0,"texture":"#0","tintindex":0},"down":{"uv":[0.625,14.0,0.5,14.1875],"rotation":0,"texture":"#0","tintindex":0}}},{"from":[6.8261924,1.4920254,7.122552],"to":[7.96905,3.7777395,9.408266],"rotation":{"angle":-22.5,"axis":"z","origin":[7.397621,2.0634542,8.551124]},"faces":{"east":{"uv":[12.9375,8.875,13.1875,9.125],"rotation":0,"texture":"#0","tintindex":0},"south":{"uv":[2.625,13.8125,2.75,14.0625],"rotation":0,"texture":"#0","tintindex":0},"north":{"uv":[1.625,13.8125,1.75,14.0625],"rotation":0,"texture":"#0","tintindex":0},"west":{"uv":[10.75,12.9375,11.0,13.1875],"rotation":0,"texture":"#0","tintindex":0},"up":{"uv":[4.0,14.0625,3.875,13.8125],"rotation":0,"texture":"#0","tintindex":0},"down":{"uv":[4.1875,13.8125,4.0625,14.0625],"rotation":0,"texture":"#0","tintindex":0}}},{"from":[7.263545,-0.18234634,7.122552],"to":[7.834974,2.1033678,9.408266],"rotation":{"angle":22.5,"axis":"z","origin":[7.834974,0.38908195,8.265409]},"faces":{"east":{"uv":[11.625,12.9375,11.875,13.1875],"rotation":0,"texture":"#0","tintindex":0},"south":{"uv":[11.125,11.9375,11.1875,12.1875],"rotation":0,"texture":"#0","tintindex":0},"north":{"uv":[1.75,10.0,1.8125,10.25],"rotation":0,"texture":"#0","tintindex":0},"west":{"uv":[12.25,12.9375,12.5,13.1875],"rotation":0,"texture":"#0","tintindex":0},"up":{"uv":[12.0625,7.1875,12.0,6.9375],"rotation":0,"texture":"#0","tintindex":0},"down":{"uv":[6.5,12.4375,6.4375,12.6875],"rotation":0,"texture":"#0","tintindex":0}}},{"from":[8.823798,1.6225176,6.5511236],"to":[9.3952265,3.3368034,7.6939807],"rotation":{"angle":22.5,"axis":"z","origin":[7.9666553,0.47966003,8.265409]},"faces":{"east":{"uv":[13.125,13.9375,13.25,14.125],"rotation":0,"texture":"#0","tintindex":0},"south":{"uv":[5.875,14.0625,5.9375,14.25],"rotation":0,"texture":"#0","tintindex":0},"north":{"uv":[10.375,13.375,10.4375,13.5625],"rotation":0,"texture":"#0","tintindex":0},"west":{"uv":[13.3125,13.9375,13.4375,14.125],"rotation":0,"texture":"#0","tintindex":0},"up":{"uv":[12.4375,13.875,12.375,13.75],"rotation":0,"texture":"#0","tintindex":0},"down":{"uv":[3.4375,14.1875,3.375,14.3125],"rotation":0,"texture":"#0","tintindex":0}}},{"from":[6.295867,7.428571,7.408266],"to":[9.724439,8.571428,8.551124],"rotation":{"angle":45.0,"axis":"x","origin":[6.581581,8.0,7.979695]},"faces":{"east":{"uv":[0.6875,14.125,0.8125,14.25],"rotation":0,"texture":"#0","tintindex":0},"south":{"uv":[13.3125,11.1875,13.6875,11.3125],"rotation":0,"texture":"#0","tintindex":0},"north":{"uv":[13.3125,6.75,13.6875,6.875],"rotation":0,"texture":"#0","tintindex":0},"west":{"uv":[0.875,14.125,1.0,14.25],"rotation":0,"texture":"#0","tintindex":0},"up":{"uv":[13.6875,11.5,13.3125,11.375],"rotation":0,"texture":"#0","tintindex":0},"down":{"uv":[13.6875,11.5625,13.3125,11.6875],"rotation":0,"texture":"#0","tintindex":0}}},{"from":[6.8672953,6.857143,6.836838],"to":[9.153009,9.142858,9.693981],"rotation":{"angle":0.0,"axis":"y","origin":[10.867295,-18.285715,7.408266]},"faces":{"east":{"uv":[12.625,2.75,12.9375,3.0],"rotation":0,"texture":"#0","tintindex":0},"south":{"uv":[12.9375,4.5,13.1875,4.75],"rotation":0,"texture":"#0","tintindex":0},"north":{"uv":[12.9375,2.4375,13.1875,2.6875],"rotation":0,"texture":"#0","tintindex":0},"west":{"uv":[12.25,12.625,12.5625,12.875],"rotation":0,"texture":"#0","tintindex":0},"up":{"uv":[12.875,12.9375,12.625,12.625],"rotation":0,"texture":"#0","tintindex":0},"down":{"uv":[12.9375,1.4375,12.6875,1.75],"rotation":0,"texture":"#0","tintindex":0}}},{"from":[6.0101523,6.285714,7.6939807],"to":[6.581581,9.714286,8.836838],"rotation":{"angle":45.0,"axis":"y","origin":[8.153009,8.0,8.122552]},"faces":{"east":{"uv":[11.4375,13.3125,11.5625,13.6875],"rotation":0,"texture":"#0","tintindex":0},"south":{"uv":[4.25,13.8125,4.3125,14.1875],"rotation":0,"texture":"#0","tintindex":0},"north":{"uv":[2.1875,12.5625,2.25,12.9375],"rotation":0,"texture":"#0","tintindex":0},"west":{"uv":[13.3125,13.125,13.4375,13.5],"rotation":0,"texture":"#0","tintindex":0},"up":{"uv":[9.5625,12.625,9.5,12.5],"rotation":0,"texture":"#0","tintindex":0},"down":{"uv":[13.25,3.0625,13.1875,3.1875],"rotation":0,"texture":"#0","tintindex":0}}},{"from":[9.836838,6.285714,6.683828],"to":[10.408266,9.714286,7.8266854],"rotation":{"angle":-45.0,"axis":"y","origin":[6.836838,8.0,7.1123996]},"faces":{"east":{"uv":[0.0,13.375,0.125,13.75],"rotation":0,"texture":"#0","tintindex":0},"south":{"uv":[11.125,13.9375,11.1875,14.3125],"rotation":0,"texture":"#0","tintindex":0},"north":{"uv":[6.25,13.9375,6.3125,14.3125],"rotation":0,"texture":"#0","tintindex":0},"west":{"uv":[0.1875,13.375,0.3125,13.75],"rotation":0,"texture":"#0","tintindex":0},"up":{"uv":[4.625,13.4375,4.5625,13.3125],"rotation":0,"texture":"#0","tintindex":0},"down":{"uv":[8.625,13.375,8.5625,13.5],"rotation":0,"texture":"#0","tintindex":0}}},{"from":[7.142857,6.285714,9.571428],"to":[8.857143,9.714286,10.142858],"rotation":{"angle":0.0,"axis":"y","origin":[5.285714,8.0,9.428572]},"faces":{"east":{"uv":[12.875,13.9375,12.9375,14.3125],"rotation":0,"texture":"#0","tintindex":0},"south":{"uv":[4.4375,12.875,4.625,13.25],"rotation":0,"texture":"#0","tintindex":0},"north":{"uv":[4.1875,12.875,4.375,13.25],"rotation":0,"texture":"#0","tintindex":0},"west":{"uv":[13.0,13.9375,13.0625,14.3125],"rotation":0,"texture":"#0","tintindex":0},"up":{"uv":[14.25,14.1875,14.0625,14.125],"rotation":0,"texture":"#0","tintindex":0},"down":{"uv":[14.375,0.625,14.1875,0.6875],"rotation":0,"texture":"#0","tintindex":0}}}],"display":{"head":{"translation":[0.0,-6.4,0.0],"scale":[4.0,4.0,4.0]}}}