{"textures":{"0":"modelengine:entity/clang_bot_glow"},"elements":[{"from":[7.142857,4.5714283,5.285714],"to":[8.857143,8.571428,9.285714],"rotation":{"angle":-22.5,"axis":"x","origin":[10.285714,10.0,8.142858]},"faces":{"east":{"uv":[10.75,1.8125,11.1875,2.25],"rotation":0,"texture":"#0","tintindex":0},"south":{"uv":[7.5,12.4375,7.6875,12.875],"rotation":0,"texture":"#0","tintindex":0},"north":{"uv":[8.125,2.125,8.3125,2.5625],"rotation":0,"texture":"#0","tintindex":0},"west":{"uv":[10.75,4.8125,11.1875,5.25],"rotation":0,"texture":"#0","tintindex":0},"up":{"uv":[11.9375,12.875,11.75,12.4375],"rotation":0,"texture":"#0","tintindex":0},"down":{"uv":[0.1875,12.5,0.0,12.9375],"rotation":0,"texture":"#0","tintindex":0}}},{"from":[6.0,4.5714283,5.285714],"to":[7.142857,10.285714,9.285714],"rotation":{"angle":-22.5,"axis":"x","origin":[7.428571,10.0,8.142858]},"faces":{"east":{"uv":[6.6875,9.625,7.125,10.25],"rotation":0,"texture":"#0","tintindex":0},"south":{"uv":[12.6875,9.375,12.8125,10.0],"rotation":0,"texture":"#0","tintindex":0},"north":{"uv":[8.5,12.6875,8.625,13.3125],"rotation":0,"texture":"#0","tintindex":0},"west":{"uv":[9.6875,4.8125,10.125,5.4375],"rotation":0,"texture":"#0","tintindex":0},"up":{"uv":[13.375,4.9375,13.25,4.5],"rotation":0,"texture":"#0","tintindex":0},"down":{"uv":[13.375,5.0,13.25,5.4375],"rotation":0,"texture":"#0","tintindex":0}}},{"from":[7.0,-1.9535055,7.4960256],"to":[9.285714,1.4750657,10.3531685],"rotation":{"angle":0.0,"axis":"y","origin":[8.142858,-4.699917,9.663514]},"faces":{"east":{"uv":[6.75,11.8125,7.0625,12.1875],"rotation":0,"texture":"#0","tintindex":0},"south":{"uv":[12.375,9.375,12.625,9.75],"rotation":0,"texture":"#0","tintindex":0},"north":{"uv":[8.9375,12.375,9.1875,12.75],"rotation":0,"texture":"#0","tintindex":0},"west":{"uv":[7.125,11.8125,7.4375,12.1875],"rotation":0,"texture":"#0","tintindex":0},"up":{"uv":[9.75,13.0,9.5,12.6875],"rotation":0,"texture":"#0","tintindex":0},"down":{"uv":[10.0625,12.6875,9.8125,13.0],"rotation":0,"texture":"#0","tintindex":0}}},{"from":[7.142857,-5.382077,7.7817397],"to":[8.857143,-1.9535055,10.067454],"rotation":{"angle":0.0,"axis":"y","origin":[8.142858,-4.699917,9.663514]},"faces":{"east":{"uv":[12.375,9.8125,12.625,10.1875],"rotation":0,"texture":"#0","tintindex":0},"south":{"uv":[5.375,12.875,5.5625,13.25],"rotation":0,"texture":"#0","tintindex":0},"north":{"uv":[5.125,12.875,5.3125,13.25],"rotation":0,"texture":"#0","tintindex":0},"west":{"uv":[12.375,11.75,12.625,12.125],"rotation":0,"texture":"#0","tintindex":0},"up":{"uv":[1.0625,13.625,0.875,13.375],"rotation":0,"texture":"#0","tintindex":0},"down":{"uv":[13.5625,3.625,13.375,3.875],"rotation":0,"texture":"#0","tintindex":0}}},{"from":[7.714286,-9.357153,7.2097673],"to":[9.428572,-5.357152,11.781197],"rotation":{"angle":0.0,"axis":"y","origin":[8.142858,-4.699917,9.663514]},"faces":{"east":{"uv":[4.4375,10.0625,4.9375,10.5],"rotation":0,"texture":"#0","tintindex":0},"south":{"uv":[12.5,5.0625,12.6875,5.5],"rotation":0,"texture":"#0","tintindex":0},"north":{"uv":[3.9375,12.5,4.125,12.9375],"rotation":0,"texture":"#0","tintindex":0},"west":{"uv":[5.0,10.0625,5.5,10.5],"rotation":0,"texture":"#0","tintindex":0},"up":{"uv":[2.5,12.9375,2.3125,12.4375],"rotation":0,"texture":"#0","tintindex":0},"down":{"uv":[2.75,12.4375,2.5625,12.9375],"rotation":0,"texture":"#0","tintindex":0}}},{"from":[8.285714,-9.72814,11.221616],"to":[10.0,-5.72814,15.793045],"rotation":{"angle":45.0,"axis":"x","origin":[8.142858,-4.699917,9.663514]},"faces":{"east":{"uv":[10.125,8.375,10.625,8.8125],"rotation":0,"texture":"#0","tintindex":0},"south":{"uv":[12.5,8.25,12.6875,8.6875],"rotation":0,"texture":"#0","tintindex":0},"north":{"uv":[12.5,7.75,12.6875,8.1875],"rotation":0,"texture":"#0","tintindex":0},"west":{"uv":[10.1875,4.8125,10.6875,5.25],"rotation":0,"texture":"#0","tintindex":0},"up":{"uv":[3.375,12.9375,3.1875,12.4375],"rotation":0,"texture":"#0","tintindex":0},"down":{"uv":[3.625,12.4375,3.4375,12.9375],"rotation":0,"texture":"#0","tintindex":0}}},{"from":[5.285714,-11.691061,12.830816],"to":[8.714286,-7.691059,14.545101],"rotation":{"angle":22.5,"axis":"x","origin":[8.142858,-4.699917,9.663514]},"faces":{"east":{"uv":[9.25,12.5,9.4375,12.9375],"rotation":0,"texture":"#0","tintindex":0},"south":{"uv":[11.1875,8.4375,11.5625,8.875],"rotation":0,"texture":"#0","tintindex":0},"north":{"uv":[11.1875,7.9375,11.5625,8.375],"rotation":0,"texture":"#0","tintindex":0},"west":{"uv":[12.0,12.5,12.1875,12.9375],"rotation":0,"texture":"#0","tintindex":0},"up":{"uv":[13.1875,5.0,12.8125,4.8125],"rotation":0,"texture":"#0","tintindex":0},"down":{"uv":[13.25,5.8125,12.875,6.0],"rotation":0,"texture":"#0","tintindex":0}}},{"from":[9.366706,-10.535013,6.4713473],"to":[10.509563,-7.1064405,8.757062],"rotation":{"angle":-22.5,"axis":"z","origin":[8.0,-2.000063,17.228153]},"faces":{"east":{"uv":[6.125,12.4375,6.375,12.8125],"rotation":0,"texture":"#0","tintindex":0},"south":{"uv":[7.125,13.375,7.25,13.75],"rotation":0,"texture":"#0","tintindex":0},"north":{"uv":[5.625,13.375,5.75,13.75],"rotation":0,"texture":"#0","tintindex":0},"west":{"uv":[12.4375,10.8125,12.6875,11.1875],"rotation":0,"texture":"#0","tintindex":0},"up":{"uv":[5.625,14.0625,5.5,13.8125],"rotation":0,"texture":"#0","tintindex":0},"down":{"uv":[13.9375,6.3125,13.8125,6.5625],"rotation":0,"texture":"#0","tintindex":0}}},{"from":[8.385074,-10.924246,7.2281528],"to":[9.527931,-9.781387,10.656725],"rotation":{"angle":-22.5,"axis":"z","origin":[8.0,-2.000063,17.228153]},"faces":{"east":{"uv":[13.375,0.0,13.75,0.125],"rotation":0,"texture":"#0","tintindex":0},"south":{"uv":[4.0625,14.125,4.1875,14.25],"rotation":0,"texture":"#0","tintindex":0},"north":{"uv":[14.125,3.9375,14.25,4.0625],"rotation":0,"texture":"#0","tintindex":0},"west":{"uv":[13.375,3.9375,13.75,4.0625],"rotation":0,"texture":"#0","tintindex":0},"up":{"uv":[1.8125,13.75,1.6875,13.375],"rotation":0,"texture":"#0","tintindex":0},"down":{"uv":[4.0625,13.375,3.9375,13.75],"rotation":0,"texture":"#0","tintindex":0}}},{"from":[6.5714283,1.4750657,6.924597],"to":[9.428572,5.475066,10.924597],"rotation":{"angle":0.0,"axis":"y","origin":[8.142858,-4.699917,9.663514]},"faces":{"east":{"uv":[10.75,5.3125,11.1875,5.75],"rotation":0,"texture":"#0","tintindex":0},"south":{"uv":[5.875,11.5,6.1875,11.9375],"rotation":0,"texture":"#0","tintindex":0},"north":{"uv":[4.375,11.5,4.6875,11.9375],"rotation":0,"texture":"#0","tintindex":0},"west":{"uv":[10.75,7.4375,11.1875,7.875],"rotation":0,"texture":"#0","tintindex":0},"up":{"uv":[3.5,12.0,3.1875,11.5625],"rotation":0,"texture":"#0","tintindex":0},"down":{"uv":[3.875,11.5625,3.5625,12.0],"rotation":0,"texture":"#0","tintindex":0}}},{"from":[5.142857,7.231049,7.149846],"to":[10.857143,8.945335,8.864132],"rotation":{"angle":0.0,"axis":"y","origin":[8.0,8.088192,8.0069895]},"faces":{"east":{"uv":[5.0,13.75,5.1875,13.9375],"rotation":0,"texture":"#0","tintindex":0},"south":{"uv":[11.8125,4.0625,12.4375,4.25],"rotation":0,"texture":"#0","tintindex":0},"north":{"uv":[11.6875,10.0,12.3125,10.1875],"rotation":0,"texture":"#0","tintindex":0},"west":{"uv":[5.25,13.75,5.4375,13.9375],"rotation":0,"texture":"#0","tintindex":0},"up":{"uv":[12.4375,5.625,11.8125,5.4375],"rotation":0,"texture":"#0","tintindex":0},"down":{"uv":[12.4375,6.5,11.8125,6.6875],"rotation":0,"texture":"#0","tintindex":0}}},{"from":[8.857143,4.5714283,5.285714],"to":[10.0,10.285714,9.285714],"rotation":{"angle":-22.5,"axis":"x","origin":[10.285714,10.0,8.142858]},"faces":{"east":{"uv":[8.1875,9.25,8.625,9.875],"rotation":0,"texture":"#0","tintindex":0},"south":{"uv":[8.3125,12.6875,8.4375,13.3125],"rotation":0,"texture":"#0","tintindex":0},"north":{"uv":[8.125,12.6875,8.25,13.3125],"rotation":0,"texture":"#0","tintindex":0},"west":{"uv":[0.0,9.625,0.4375,10.25],"rotation":0,"texture":"#0","tintindex":0},"up":{"uv":[3.6875,13.6875,3.5625,13.25],"rotation":0,"texture":"#0","tintindex":0},"down":{"uv":[3.875,13.25,3.75,13.6875],"rotation":0,"texture":"#0","tintindex":0}}}],"display":{"head":{"translation":[0.0,-6.4,0.0],"scale":[4.0,4.0,4.0]}}}