{"textures":{"0":"modelengine:entity/clang_bot_glow"},"elements":[{"from":[6.6,30.0,9.554899],"to":[9.4,32.0,12.354898],"rotation":{"angle":0.0,"axis":"y","origin":[8.0,31.509865,10.642579]},"faces":{"east":{"uv":[11.5625,10.25,12.0,10.5625],"rotation":0,"texture":"#0","tintindex":0},"south":{"uv":[4.75,11.625,5.1875,11.9375],"rotation":0,"texture":"#0","tintindex":0},"north":{"uv":[6.25,11.5625,6.6875,11.875],"rotation":0,"texture":"#0","tintindex":0},"west":{"uv":[7.75,11.625,8.1875,11.9375],"rotation":0,"texture":"#0","tintindex":0},"up":{"uv":[11.1875,9.375,10.75,8.9375],"rotation":0,"texture":"#0","tintindex":0},"down":{"uv":[11.1875,9.4375,10.75,9.875],"rotation":0,"texture":"#0","tintindex":0}}},{"from":[7.0,26.0,9.954899],"to":[9.0,30.0,11.954899],"rotation":{"angle":0.0,"axis":"y","origin":[8.0,31.509865,10.642579]},"faces":{"east":{"uv":[9.0,10.375,9.3125,11.0],"rotation":0,"texture":"#0","tintindex":0},"south":{"uv":[9.375,10.375,9.6875,11.0],"rotation":0,"texture":"#0","tintindex":0},"north":{"uv":[10.375,5.3125,10.6875,5.9375],"rotation":0,"texture":"#0","tintindex":0},"west":{"uv":[9.75,10.375,10.0625,11.0],"rotation":0,"texture":"#0","tintindex":0},"up":{"uv":[12.4375,8.0625,12.125,7.75],"rotation":0,"texture":"#0","tintindex":0},"down":{"uv":[12.4375,8.125,12.125,8.4375],"rotation":0,"texture":"#0","tintindex":0}}},{"from":[6.8,25.2,9.754899],"to":[9.2,26.0,12.1549],"rotation":{"angle":0.0,"axis":"y","origin":[8.0,31.509865,10.642579]},"faces":{"east":{"uv":[13.375,7.5625,13.75,7.6875],"rotation":0,"texture":"#0","tintindex":0},"south":{"uv":[13.375,8.0625,13.75,8.1875],"rotation":0,"texture":"#0","tintindex":0},"north":{"uv":[13.375,6.9375,13.75,7.0625],"rotation":0,"texture":"#0","tintindex":0},"west":{"uv":[8.125,13.375,8.5,13.5],"rotation":0,"texture":"#0","tintindex":0},"up":{"uv":[11.75,6.875,11.375,6.5],"rotation":0,"texture":"#0","tintindex":0},"down":{"uv":[7.25,11.375,6.875,11.75],"rotation":0,"texture":"#0","tintindex":0}}},{"from":[7.4,15.6,10.354898],"to":[8.6,25.2,11.554899],"rotation":{"angle":0.0,"axis":"y","origin":[8.0,31.509865,10.642579]},"faces":{"east":{"uv":[6.0,6.625,6.1875,8.125],"rotation":0,"texture":"#0","tintindex":0},"south":{"uv":[2.9375,7.0,3.125,8.5],"rotation":0,"texture":"#0","tintindex":0},"north":{"uv":[5.75,6.625,5.9375,8.125],"rotation":0,"texture":"#0","tintindex":0},"west":{"uv":[3.1875,7.0,3.375,8.5],"rotation":0,"texture":"#0","tintindex":0},"up":{"uv":[9.125,13.9375,8.9375,13.75],"rotation":0,"texture":"#0","tintindex":0},"down":{"uv":[9.375,13.75,9.1875,13.9375],"rotation":0,"texture":"#0","tintindex":0}}},{"from":[7.4,15.960196,16.373894],"to":[8.6,17.160196,17.573895],"rotation":{"angle":22.5,"axis":"x","origin":[8.0,31.509865,10.642579]},"faces":{"east":{"uv":[6.375,13.75,6.5625,13.9375],"rotation":0,"texture":"#0","tintindex":0},"south":{"uv":[6.625,13.75,6.8125,13.9375],"rotation":0,"texture":"#0","tintindex":0},"north":{"uv":[6.0,13.75,6.1875,13.9375],"rotation":0,"texture":"#0","tintindex":0},"west":{"uv":[13.75,6.6875,13.9375,6.875],"rotation":0,"texture":"#0","tintindex":0},"up":{"uv":[8.25,13.9375,8.0625,13.75],"rotation":0,"texture":"#0","tintindex":0},"down":{"uv":[8.875,13.75,8.6875,13.9375],"rotation":0,"texture":"#0","tintindex":0}}},{"from":[7.2,9.160196,16.173893],"to":[8.8,15.960196,17.773895],"rotation":{"angle":22.5,"axis":"x","origin":[8.0,31.509865,10.642579]},"faces":{"east":{"uv":[7.5,9.75,7.75,10.8125],"rotation":0,"texture":"#0","tintindex":0},"south":{"uv":[7.8125,9.75,8.0625,10.8125],"rotation":0,"texture":"#0","tintindex":0},"north":{"uv":[7.1875,9.75,7.4375,10.8125],"rotation":0,"texture":"#0","tintindex":0},"west":{"uv":[8.6875,9.75,8.9375,10.8125],"rotation":0,"texture":"#0","tintindex":0},"up":{"uv":[13.25,1.6875,13.0,1.4375],"rotation":0,"texture":"#0","tintindex":0},"down":{"uv":[2.4375,13.0,2.1875,13.25],"rotation":0,"texture":"#0","tintindex":0}}},{"from":[7.2,6.34472,7.2],"to":[8.8,8.74472,8.8],"rotation":{"angle":0.0,"axis":"y","origin":[8.2,27.054585,7.8876805]},"faces":{"east":{"uv":[11.4375,12.4375,11.6875,12.8125],"rotation":0,"texture":"#0","tintindex":0},"south":{"uv":[12.4375,12.1875,12.6875,12.5625],"rotation":0,"texture":"#0","tintindex":0},"north":{"uv":[11.125,12.4375,11.375,12.8125],"rotation":0,"texture":"#0","tintindex":0},"west":{"uv":[1.0625,12.5,1.3125,12.875],"rotation":0,"texture":"#0","tintindex":0},"up":{"uv":[13.1875,12.8125,12.9375,12.5625],"rotation":0,"texture":"#0","tintindex":0},"down":{"uv":[13.1875,12.875,12.9375,13.125],"rotation":0,"texture":"#0","tintindex":0}}},{"from":[4.6,5.5447197,4.6],"to":[11.4,6.34472,11.4],"rotation":{"angle":-45.0,"axis":"y","origin":[8.0,5.9447203,8.0]},"faces":{"east":{"uv":[11.5,3.0,12.5625,3.125],"rotation":0,"texture":"#0","tintindex":0},"south":{"uv":[11.5625,10.625,12.625,10.75],"rotation":0,"texture":"#0","tintindex":0},"north":{"uv":[4.125,5.875,5.1875,6.0],"rotation":0,"texture":"#0","tintindex":0},"west":{"uv":[11.6875,4.875,12.75,5.0],"rotation":0,"texture":"#0","tintindex":0},"up":{"uv":[6.875,6.0,5.8125,4.9375],"rotation":0,"texture":"#0","tintindex":0},"down":{"uv":[4.0625,5.875,3.0,6.9375],"rotation":0,"texture":"#0","tintindex":0}}},{"from":[3.4,5.5447197,3.4],"to":[12.6,7.14472,4.6],"rotation":{"angle":-45.0,"axis":"y","origin":[8.0,5.9447203,8.0]},"faces":{"east":{"uv":[13.375,8.25,13.5625,8.5],"rotation":0,"texture":"#0","tintindex":0},"south":{"uv":[8.6875,7.4375,10.125,7.6875],"rotation":0,"texture":"#0","tintindex":0},"north":{"uv":[8.4375,4.0,9.875,4.25],"rotation":0,"texture":"#0","tintindex":0},"west":{"uv":[13.375,8.5625,13.5625,8.8125],"rotation":0,"texture":"#0","tintindex":0},"up":{"uv":[11.1875,1.25,9.75,1.0625],"rotation":0,"texture":"#0","tintindex":0},"down":{"uv":[11.1875,1.3125,9.75,1.5],"rotation":0,"texture":"#0","tintindex":0}}},{"from":[3.4,5.5447197,4.6],"to":[4.6,7.14472,11.4],"rotation":{"angle":-45.0,"axis":"y","origin":[8.0,5.9447203,8.0]},"faces":{"east":{"uv":[9.75,6.5,10.8125,6.75],"rotation":0,"texture":"#0","tintindex":0},"south":{"uv":[13.4375,0.5,13.625,0.75],"rotation":0,"texture":"#0","tintindex":0},"north":{"uv":[13.4375,0.1875,13.625,0.4375],"rotation":0,"texture":"#0","tintindex":0},"west":{"uv":[9.75,6.8125,10.8125,7.0625],"rotation":0,"texture":"#0","tintindex":0},"up":{"uv":[2.75,10.9375,2.5625,9.875],"rotation":0,"texture":"#0","tintindex":0},"down":{"uv":[6.4375,9.875,6.25,10.9375],"rotation":0,"texture":"#0","tintindex":0}}},{"from":[3.4,5.5447197,11.4],"to":[12.6,7.14472,12.6],"rotation":{"angle":-45.0,"axis":"y","origin":[8.0,5.9447203,8.0]},"faces":{"east":{"uv":[10.125,13.375,10.3125,13.625],"rotation":0,"texture":"#0","tintindex":0},"south":{"uv":[8.6875,8.0625,10.125,8.3125],"rotation":0,"texture":"#0","tintindex":0},"north":{"uv":[8.6875,7.75,10.125,8.0],"rotation":0,"texture":"#0","tintindex":0},"west":{"uv":[13.375,11.75,13.5625,12.0],"rotation":0,"texture":"#0","tintindex":0},"up":{"uv":[11.1875,1.75,9.75,1.5625],"rotation":0,"texture":"#0","tintindex":0},"down":{"uv":[11.1875,3.5,9.75,3.6875],"rotation":0,"texture":"#0","tintindex":0}}},{"from":[11.4,5.5447197,4.6],"to":[12.6,7.14472,11.4],"rotation":{"angle":-45.0,"axis":"y","origin":[8.0,5.9447203,8.0]},"faces":{"east":{"uv":[9.75,7.125,10.8125,7.375],"rotation":0,"texture":"#0","tintindex":0},"south":{"uv":[13.4375,1.75,13.625,2.0],"rotation":0,"texture":"#0","tintindex":0},"north":{"uv":[13.4375,0.8125,13.625,1.0625],"rotation":0,"texture":"#0","tintindex":0},"west":{"uv":[9.9375,3.75,11.0,4.0],"rotation":0,"texture":"#0","tintindex":0},"up":{"uv":[1.9375,11.375,1.75,10.3125],"rotation":0,"texture":"#0","tintindex":0},"down":{"uv":[2.1875,10.3125,2.0,11.375],"rotation":0,"texture":"#0","tintindex":0}}},{"from":[5.2,2.34472,5.2],"to":[10.8,5.5447197,10.8],"rotation":{"angle":-45.0,"axis":"y","origin":[8.0,5.9447203,8.0]},"faces":{"east":{"uv":[7.4375,2.625,8.3125,3.125],"rotation":0,"texture":"#0","tintindex":0},"south":{"uv":[7.4375,3.1875,8.3125,3.6875],"rotation":0,"texture":"#0","tintindex":0},"north":{"uv":[7.4375,0.0,8.3125,0.5],"rotation":0,"texture":"#0","tintindex":0},"west":{"uv":[7.5,3.75,8.375,4.25],"rotation":0,"texture":"#0","tintindex":0},"up":{"uv":[0.875,7.9375,0.0,7.0625],"rotation":0,"texture":"#0","tintindex":0},"down":{"uv":[7.125,7.125,6.25,8.0],"rotation":0,"texture":"#0","tintindex":0}}},{"from":[4.8,-12.45528,4.8],"to":[11.2,2.34472,11.2],"rotation":{"angle":-45.0,"axis":"y","origin":[8.0,5.9447203,8.0]},"faces":{"east":{"uv":[3.375,0.0,4.375,2.3125],"rotation":0,"texture":"#0","tintindex":0},"south":{"uv":[1.0625,3.375,2.0625,5.6875],"rotation":0,"texture":"#0","tintindex":0},"north":{"uv":[0.0,3.375,1.0,5.6875],"rotation":0,"texture":"#0","tintindex":0},"west":{"uv":[2.125,3.375,3.125,5.6875],"rotation":0,"texture":"#0","tintindex":0},"up":{"uv":[7.25,7.0625,6.25,6.0625],"rotation":0,"texture":"#0","tintindex":0},"down":{"uv":[7.375,2.625,6.375,3.625],"rotation":0,"texture":"#0","tintindex":0}}},{"from":[6.6,-12.596703,1.3531957],"to":[9.4,-6.9967012,4.1531963],"rotation":{"angle":45.0,"axis":"x","origin":[8.0,-9.655281,4.8745165]},"faces":{"east":{"uv":[2.1875,8.5,2.625,9.375],"rotation":0,"texture":"#0","tintindex":0},"south":{"uv":[8.5625,4.9375,9.0,5.8125],"rotation":0,"texture":"#0","tintindex":0},"north":{"uv":[8.4375,3.0625,8.875,3.9375],"rotation":0,"texture":"#0","tintindex":0},"west":{"uv":[8.625,1.1875,9.0625,2.0625],"rotation":0,"texture":"#0","tintindex":0},"up":{"uv":[11.4375,3.25,11.0,2.8125],"rotation":0,"texture":"#0","tintindex":0},"down":{"uv":[6.375,11.0,5.9375,11.4375],"rotation":0,"texture":"#0","tintindex":0}}},{"from":[6.6,-12.596703,11.881532],"to":[9.4,-6.9967012,14.681532],"rotation":{"angle":-45.0,"axis":"x","origin":[8.0,-9.655281,11.160212]},"faces":{"east":{"uv":[2.625,8.5,2.1875,9.375],"rotation":0,"texture":"#0","tintindex":0},"south":{"uv":[8.875,3.0625,8.4375,3.9375],"rotation":0,"texture":"#0","tintindex":0},"north":{"uv":[9.0,4.9375,8.5625,5.8125],"rotation":0,"texture":"#0","tintindex":0},"west":{"uv":[9.0625,1.1875,8.625,2.0625],"rotation":0,"texture":"#0","tintindex":0},"up":{"uv":[11.4375,2.8125,11.0,3.25],"rotation":0,"texture":"#0","tintindex":0},"down":{"uv":[6.375,11.4375,5.9375,11.0],"rotation":0,"texture":"#0","tintindex":0}}},{"from":[11.864168,-12.596703,6.617364],"to":[14.664167,-6.9967012,9.417364],"rotation":{"angle":45.0,"axis":"z","origin":[11.142847,-9.655281,8.0173645]},"faces":{"east":{"uv":[8.4375,3.0625,8.875,3.9375],"rotation":0,"texture":"#0","tintindex":0},"south":{"uv":[2.1875,8.5,2.625,9.375],"rotation":0,"texture":"#0","tintindex":0},"north":{"uv":[8.625,1.1875,9.0625,2.0625],"rotation":0,"texture":"#0","tintindex":0},"west":{"uv":[8.5625,4.9375,9.0,5.8125],"rotation":0,"texture":"#0","tintindex":0},"up":{"uv":[11.4375,3.25,11.0,2.8125],"rotation":90,"texture":"#0","tintindex":0},"down":{"uv":[6.375,11.0,5.9375,11.4375],"rotation":270,"texture":"#0","tintindex":0}}},{"from":[1.3358321,-12.596703,6.617364],"to":[4.135832,-6.9967012,9.417364],"rotation":{"angle":-45.0,"axis":"z","origin":[4.8571525,-9.655281,8.0173645]},"faces":{"east":{"uv":[9.0,4.9375,8.5625,5.8125],"rotation":0,"texture":"#0","tintindex":0},"south":{"uv":[2.625,8.5,2.1875,9.375],"rotation":0,"texture":"#0","tintindex":0},"north":{"uv":[9.0625,1.1875,8.625,2.0625],"rotation":0,"texture":"#0","tintindex":0},"west":{"uv":[8.875,3.0625,8.4375,3.9375],"rotation":0,"texture":"#0","tintindex":0},"up":{"uv":[11.4375,2.8125,11.0,3.25],"rotation":90,"texture":"#0","tintindex":0},"down":{"uv":[6.375,11.4375,5.9375,11.0],"rotation":270,"texture":"#0","tintindex":0}}},{"from":[4.0,-11.655281,4.0],"to":[12.0,-0.8552799,12.0],"rotation":{"angle":-45.0,"axis":"y","origin":[8.0,5.9447203,8.0]},"faces":{"east":{"uv":[3.1875,4.125,4.4375,5.8125],"rotation":0,"texture":"#0","tintindex":0},"south":{"uv":[4.4375,0.0,5.6875,1.6875],"rotation":0,"texture":"#0","tintindex":0},"north":{"uv":[3.375,2.375,4.625,4.0625],"rotation":0,"texture":"#0","tintindex":0},"west":{"uv":[4.5,4.125,5.75,5.8125],"rotation":0,"texture":"#0","tintindex":0},"up":{"uv":[5.9375,3.0,4.6875,1.75],"rotation":0,"texture":"#0","tintindex":0},"down":{"uv":[1.25,5.75,0.0,7.0],"rotation":0,"texture":"#0","tintindex":0}}},{"from":[3.0,-5.65528,13.0],"to":[13.0,-2.4552803,14.6],"rotation":{"angle":-45.0,"axis":"y","origin":[8.0,5.9447203,8.0]},"faces":{"east":{"uv":[11.6875,9.4375,11.9375,9.9375],"rotation":0,"texture":"#0","tintindex":0},"south":{"uv":[6.9375,5.5,8.5,6.0],"rotation":0,"texture":"#0","tintindex":0},"north":{"uv":[6.9375,4.9375,8.5,5.4375],"rotation":0,"texture":"#0","tintindex":0},"west":{"uv":[11.6875,10.8125,11.9375,11.3125],"rotation":0,"texture":"#0","tintindex":0},"up":{"uv":[9.0625,4.875,7.5,4.625],"rotation":0,"texture":"#0","tintindex":0},"down":{"uv":[9.4375,0.875,7.875,1.125],"rotation":0,"texture":"#0","tintindex":0}}},{"from":[13.0,-5.65528,1.4000001],"to":[14.6,-2.4552803,14.6],"rotation":{"angle":-45.0,"axis":"y","origin":[8.0,5.9447203,8.0]},"faces":{"east":{"uv":[6.0,2.0625,8.0625,2.5625],"rotation":0,"texture":"#0","tintindex":0},"south":{"uv":[11.6875,8.875,11.9375,9.375],"rotation":0,"texture":"#0","tintindex":0},"north":{"uv":[8.5625,11.6875,8.8125,12.1875],"rotation":0,"texture":"#0","tintindex":0},"west":{"uv":[4.125,6.0625,6.1875,6.5625],"rotation":0,"texture":"#0","tintindex":0},"up":{"uv":[1.8125,9.3125,1.5625,7.25],"rotation":0,"texture":"#0","tintindex":0},"down":{"uv":[2.125,7.25,1.875,9.3125],"rotation":0,"texture":"#0","tintindex":0}}},{"from":[1.4000001,-5.65528,1.4000001],"to":[3.0,-2.4552803,14.6],"rotation":{"angle":-45.0,"axis":"y","origin":[8.0,5.9447203,8.0]},"faces":{"east":{"uv":[5.75,0.9375,7.8125,1.4375],"rotation":0,"texture":"#0","tintindex":0},"south":{"uv":[2.25,10.3125,2.5,10.8125],"rotation":0,"texture":"#0","tintindex":0},"north":{"uv":[5.4375,8.0625,5.6875,8.5625],"rotation":0,"texture":"#0","tintindex":0},"west":{"uv":[6.0,1.5,8.0625,2.0],"rotation":0,"texture":"#0","tintindex":0},"up":{"uv":[1.1875,9.125,0.9375,7.0625],"rotation":0,"texture":"#0","tintindex":0},"down":{"uv":[1.5,7.25,1.25,9.3125],"rotation":0,"texture":"#0","tintindex":0}}},{"from":[2.7999997,-8.85528,2.7999997],"to":[13.200001,-3.2552795,13.200001],"rotation":{"angle":45.0,"axis":"y","origin":[8.0,5.9447203,8.0]},"faces":{"east":{"uv":[5.75,0.0,7.375,0.875],"rotation":0,"texture":"#0","tintindex":0},"south":{"uv":[1.3125,5.75,2.9375,6.625],"rotation":0,"texture":"#0","tintindex":0},"north":{"uv":[4.6875,3.0625,6.3125,3.9375],"rotation":0,"texture":"#0","tintindex":0},"west":{"uv":[5.8125,4.0,7.4375,4.875],"rotation":0,"texture":"#0","tintindex":0},"up":{"uv":[3.3125,1.625,1.6875,0.0],"rotation":0,"texture":"#0","tintindex":0},"down":{"uv":[3.3125,1.6875,1.6875,3.3125],"rotation":0,"texture":"#0","tintindex":0}}},{"from":[2.7999997,-3.2552795,2.7999997],"to":[13.200001,-2.85528,13.200001],"rotation":{"angle":-45.0,"axis":"y","origin":[8.0,5.9447203,8.0]},"faces":{"east":{"uv":[11.9375,3.5,13.5625,3.5625],"rotation":0,"texture":"#0","tintindex":0},"south":{"uv":[12.0,6.0625,13.625,6.125],"rotation":0,"texture":"#0","tintindex":0},"north":{"uv":[11.6875,7.625,13.3125,7.6875],"rotation":0,"texture":"#0","tintindex":0},"west":{"uv":[12.0,6.1875,13.625,6.25],"rotation":0,"texture":"#0","tintindex":0},"up":{"uv":[1.625,1.625,0.0,0.0],"rotation":0,"texture":"#0","tintindex":0},"down":{"uv":[1.625,1.6875,0.0,3.3125],"rotation":0,"texture":"#0","tintindex":0}}},{"from":[3.0,-5.65528,1.4000001],"to":[13.0,-2.4552803,3.0],"rotation":{"angle":-45.0,"axis":"y","origin":[8.0,5.9447203,8.0]},"faces":{"east":{"uv":[6.875,10.3125,7.125,10.8125],"rotation":0,"texture":"#0","tintindex":0},"south":{"uv":[1.3125,6.6875,2.875,7.1875],"rotation":0,"texture":"#0","tintindex":0},"north":{"uv":[4.125,6.625,5.6875,7.125],"rotation":0,"texture":"#0","tintindex":0},"west":{"uv":[8.25,11.6875,8.5,12.1875],"rotation":0,"texture":"#0","tintindex":0},"up":{"uv":[9.0,0.8125,7.4375,0.5625],"rotation":0,"texture":"#0","tintindex":0},"down":{"uv":[9.0625,4.3125,7.5,4.5625],"rotation":0,"texture":"#0","tintindex":0}}}],"display":{"head":{"translation":[0.0,59.42112,0.0],"scale":[4.0,4.0,4.0]}}}