{"textures":{"0":"modelengine:entity/clang_bot_glow"},"elements":[{"from":[5.714286,9.142858,5.714286],"to":[10.285714,12.571428,9.142858],"rotation":{"angle":0.0,"axis":"y","origin":[8.0,-13.714287,7.428571]},"faces":{"east":{"uv":[11.25,4.5625,11.625,4.9375],"rotation":0,"texture":"#0","tintindex":0},"south":{"uv":[10.125,11.0,10.625,11.375],"rotation":0,"texture":"#0","tintindex":0},"north":{"uv":[10.375,0.625,10.875,1.0],"rotation":0,"texture":"#0","tintindex":0},"west":{"uv":[11.25,5.0,11.625,5.375],"rotation":0,"texture":"#0","tintindex":0},"up":{"uv":[11.1875,11.375,10.6875,11.0],"rotation":0,"texture":"#0","tintindex":0},"down":{"uv":[4.9375,11.0625,4.4375,11.4375],"rotation":0,"texture":"#0","tintindex":0}}},{"from":[6.857143,8.571428,5.714286],"to":[9.142858,9.142858,6.857143],"rotation":{"angle":0.0,"axis":"y","origin":[8.0,-13.714287,7.428571]},"faces":{"east":{"uv":[3.0,5.75,3.125,5.8125],"rotation":0,"texture":"#0","tintindex":0},"south":{"uv":[13.5,7.9375,13.75,8.0],"rotation":0,"texture":"#0","tintindex":0},"north":{"uv":[2.25,10.875,2.5,10.9375],"rotation":0,"texture":"#0","tintindex":0},"west":{"uv":[8.875,0.4375,9.0,0.5],"rotation":0,"texture":"#0","tintindex":0},"up":{"uv":[8.8125,6.0,8.5625,5.875],"rotation":0,"texture":"#0","tintindex":0},"down":{"uv":[9.25,9.75,9.0,9.875],"rotation":0,"texture":"#0","tintindex":0}}}],"display":{"head":{"translation":[0.0,-6.4,0.0],"scale":[4.0,4.0,4.0]}}}