{"textures":{"0":"modelengine:entity/clang_bot_glow"},"elements":[{"from":[7.142857,7.857143,6.5714283],"to":[8.857143,9.0,12.285715],"rotation":{"angle":0.0,"axis":"y","origin":[7.714286,-10.428572,11.142858]},"faces":{"east":{"uv":[12.5625,2.0625,13.1875,2.1875],"rotation":0,"texture":"#0","tintindex":0},"south":{"uv":[13.875,10.4375,14.0625,10.5625],"rotation":0,"texture":"#0","tintindex":0},"north":{"uv":[2.5,11.5,2.6875,11.625],"rotation":0,"texture":"#0","tintindex":0},"west":{"uv":[12.5625,2.25,13.1875,2.375],"rotation":0,"texture":"#0","tintindex":0},"up":{"uv":[2.875,9.125,2.6875,8.5],"rotation":0,"texture":"#0","tintindex":0},"down":{"uv":[1.6875,10.5,1.5,11.125],"rotation":0,"texture":"#0","tintindex":0}}},{"from":[-5.4285717,8.857143,6.5714283],"to":[-0.2857151,10.0,12.285715],"rotation":{"angle":-22.5,"axis":"z","origin":[0.85714245,-10.285715,40.857143]},"faces":{"east":{"uv":[3.4375,7.0,4.0625,7.125],"rotation":0,"texture":"#0","tintindex":0},"south":{"uv":[12.6875,6.75,13.25,6.875],"rotation":0,"texture":"#0","tintindex":0},"north":{"uv":[12.6875,4.3125,13.25,4.4375],"rotation":0,"texture":"#0","tintindex":0},"west":{"uv":[12.4375,10.4375,13.0625,10.5625],"rotation":0,"texture":"#0","tintindex":0},"up":{"uv":[9.25,9.0,8.6875,8.375],"rotation":0,"texture":"#0","tintindex":0},"down":{"uv":[9.4375,2.125,8.875,2.75],"rotation":0,"texture":"#0","tintindex":0}}},{"from":[-5.4285717,10.0,11.7],"to":[0.28571415,13.428572,13.985715],"rotation":{"angle":-22.5,"axis":"z","origin":[0.85714245,-10.285715,40.857143]},"faces":{"east":{"uv":[8.4375,12.25,8.6875,12.625],"rotation":0,"texture":"#0","tintindex":0},"south":{"uv":[9.9375,8.875,10.5625,9.25],"rotation":0,"texture":"#0","tintindex":0},"north":{"uv":[9.9375,4.0625,10.5625,4.4375],"rotation":0,"texture":"#0","tintindex":0},"west":{"uv":[9.625,12.25,9.875,12.625],"rotation":0,"texture":"#0","tintindex":0},"up":{"uv":[11.875,1.5625,11.25,1.3125],"rotation":0,"texture":"#0","tintindex":0},"down":{"uv":[11.875,1.625,11.25,1.875],"rotation":0,"texture":"#0","tintindex":0}}},{"from":[15.714286,10.0,11.714286],"to":[21.428572,13.428572,14.0],"rotation":{"angle":22.5,"axis":"z","origin":[15.142858,-10.285715,40.857143]},"faces":{"east":{"uv":[9.9375,12.25,10.1875,12.625],"rotation":0,"texture":"#0","tintindex":0},"south":{"uv":[9.6875,9.9375,10.3125,10.3125],"rotation":0,"texture":"#0","tintindex":0},"north":{"uv":[9.0,9.9375,9.625,10.3125],"rotation":0,"texture":"#0","tintindex":0},"west":{"uv":[10.25,12.25,10.5,12.625],"rotation":0,"texture":"#0","tintindex":0},"up":{"uv":[11.875,2.1875,11.25,1.9375],"rotation":0,"texture":"#0","tintindex":0},"down":{"uv":[11.875,3.3125,11.25,3.5625],"rotation":0,"texture":"#0","tintindex":0}}},{"from":[10.221989,7.501588,6.0],"to":[11.364845,10.93016,13.428572],"rotation":{"angle":22.5,"axis":"z","origin":[0.5077019,-11.069843,40.857143]},"faces":{"east":{"uv":[9.5,0.625,10.3125,1.0],"rotation":0,"texture":"#0","tintindex":0},"south":{"uv":[4.375,13.3125,4.5,13.6875],"rotation":0,"texture":"#0","tintindex":0},"north":{"uv":[13.25,6.3125,13.375,6.6875],"rotation":0,"texture":"#0","tintindex":0},"west":{"uv":[9.5,1.875,10.3125,2.25],"rotation":0,"texture":"#0","tintindex":0},"up":{"uv":[0.375,12.625,0.25,11.8125],"rotation":0,"texture":"#0","tintindex":0},"down":{"uv":[6.6875,11.9375,6.5625,12.75],"rotation":0,"texture":"#0","tintindex":0}}},{"from":[11.107702,7.501588,12.271429],"to":[17.964848,11.501588,13.414286],"rotation":{"angle":22.5,"axis":"z","origin":[0.5077019,-11.069843,40.857143]},"faces":{"east":{"uv":[9.1875,13.0,9.3125,13.4375],"rotation":0,"texture":"#0","tintindex":0},"south":{"uv":[9.125,4.3125,9.875,4.75],"rotation":0,"texture":"#0","tintindex":0},"north":{"uv":[8.9375,3.5,9.6875,3.9375],"rotation":0,"texture":"#0","tintindex":0},"west":{"uv":[13.0,11.75,13.125,12.1875],"rotation":0,"texture":"#0","tintindex":0},"up":{"uv":[12.75,6.4375,12.0,6.3125],"rotation":0,"texture":"#0","tintindex":0},"down":{"uv":[12.8125,11.5625,12.0625,11.6875],"rotation":0,"texture":"#0","tintindex":0}}},{"from":[-6.9158077,12.286903,5.428571],"to":[-5.772951,15.715475,12.857143],"rotation":{"angle":-22.5,"axis":"z","origin":[-1.2015219,-7.4273834,41.428574]},"faces":{"east":{"uv":[8.875,6.5625,9.6875,6.9375],"rotation":0,"texture":"#0","tintindex":0},"south":{"uv":[8.5,10.4375,8.625,10.8125],"rotation":0,"texture":"#0","tintindex":0},"north":{"uv":[6.5,9.875,6.625,10.25],"rotation":0,"texture":"#0","tintindex":0},"west":{"uv":[1.875,9.4375,2.6875,9.8125],"rotation":0,"texture":"#0","tintindex":0},"up":{"uv":[5.6875,10.6875,5.5625,9.875],"rotation":0,"texture":"#0","tintindex":0},"down":{"uv":[3.125,11.6875,3.0,12.5],"rotation":0,"texture":"#0","tintindex":0}}},{"from":[10.096252,17.89745,4.8714285],"to":[16.381968,19.040306,12.3],"rotation":{"angle":22.5,"axis":"z","origin":[13.524824,-1.8168383,41.428574]},"faces":{"east":{"uv":[11.8125,4.3125,12.625,4.4375],"rotation":0,"texture":"#0","tintindex":0},"south":{"uv":[12.4375,0.9375,13.125,1.0625],"rotation":0,"texture":"#0","tintindex":0},"north":{"uv":[12.4375,0.75,13.125,0.875],"rotation":0,"texture":"#0","tintindex":0},"west":{"uv":[11.8125,5.6875,12.625,5.8125],"rotation":0,"texture":"#0","tintindex":0},"up":{"uv":[4.125,8.0,3.4375,7.1875],"rotation":0,"texture":"#0","tintindex":0},"down":{"uv":[4.875,7.1875,4.1875,8.0],"rotation":0,"texture":"#0","tintindex":0}}},{"from":[9.524824,13.326019,12.271429],"to":[15.810539,18.468876,12.842857],"rotation":{"angle":22.5,"axis":"z","origin":[13.524824,-1.24541,42.57143]},"faces":{"east":{"uv":[2.8125,9.875,2.875,10.4375],"rotation":0,"texture":"#0","tintindex":0},"south":{"uv":[2.1875,7.875,2.875,8.4375],"rotation":0,"texture":"#0","tintindex":0},"north":{"uv":[2.1875,7.25,2.875,7.8125],"rotation":0,"texture":"#0","tintindex":0},"west":{"uv":[2.8125,10.5,2.875,11.0625],"rotation":0,"texture":"#0","tintindex":0},"up":{"uv":[5.375,4.0625,4.6875,4.0],"rotation":0,"texture":"#0","tintindex":0},"down":{"uv":[13.125,3.375,12.4375,3.4375],"rotation":0,"texture":"#0","tintindex":0}}},{"from":[21.772951,12.286903,5.442857],"to":[22.915808,15.715475,12.8714285],"rotation":{"angle":22.5,"axis":"z","origin":[17.201523,-7.4273834,41.428574]},"faces":{"east":{"uv":[9.5,6.0625,10.3125,6.4375],"rotation":0,"texture":"#0","tintindex":0},"south":{"uv":[6.0625,13.3125,6.1875,13.6875],"rotation":0,"texture":"#0","tintindex":0},"north":{"uv":[5.4375,13.3125,5.5625,13.6875],"rotation":0,"texture":"#0","tintindex":0},"west":{"uv":[9.3125,9.5,10.125,9.875],"rotation":0,"texture":"#0","tintindex":0},"up":{"uv":[4.625,12.8125,4.5,12.0],"rotation":0,"texture":"#0","tintindex":0},"down":{"uv":[4.8125,12.0,4.6875,12.8125],"rotation":0,"texture":"#0","tintindex":0}}},{"from":[-0.38196754,17.89745,4.8571424],"to":[5.903747,19.040306,12.285715],"rotation":{"angle":-22.5,"axis":"z","origin":[2.4751754,-1.8168383,41.428574]},"faces":{"east":{"uv":[11.8125,6.75,12.625,6.875],"rotation":0,"texture":"#0","tintindex":0},"south":{"uv":[12.4375,10.25,13.125,10.375],"rotation":0,"texture":"#0","tintindex":0},"north":{"uv":[12.4375,3.1875,13.125,3.3125],"rotation":0,"texture":"#0","tintindex":0},"west":{"uv":[12.0,5.875,12.8125,6.0],"rotation":0,"texture":"#0","tintindex":0},"up":{"uv":[5.625,8.0,4.9375,7.1875],"rotation":0,"texture":"#0","tintindex":0},"down":{"uv":[7.875,7.125,7.1875,7.9375],"rotation":0,"texture":"#0","tintindex":0}}},{"from":[-1.9648466,7.501588,12.3],"to":[4.8922973,11.501588,13.442858],"rotation":{"angle":-22.5,"axis":"z","origin":[15.492298,-11.069843,40.857143]},"faces":{"east":{"uv":[11.9375,13.0,12.0625,13.4375],"rotation":0,"texture":"#0","tintindex":0},"south":{"uv":[9.3125,8.375,10.0625,8.8125],"rotation":0,"texture":"#0","tintindex":0},"north":{"uv":[7.375,9.25,8.125,9.6875],"rotation":0,"texture":"#0","tintindex":0},"west":{"uv":[12.5625,13.0,12.6875,13.4375],"rotation":0,"texture":"#0","tintindex":0},"up":{"uv":[13.0,2.0,12.25,1.875],"rotation":0,"texture":"#0","tintindex":0},"down":{"uv":[11.875,12.25,11.125,12.375],"rotation":0,"texture":"#0","tintindex":0}}},{"from":[0.18946075,13.326019,12.285715],"to":[6.475176,18.468876,12.857143],"rotation":{"angle":-22.5,"axis":"z","origin":[2.4751754,-1.24541,42.57143]},"faces":{"east":{"uv":[6.25,13.3125,6.3125,13.875],"rotation":0,"texture":"#0","tintindex":0},"south":{"uv":[7.9375,7.6875,8.625,8.25],"rotation":0,"texture":"#0","tintindex":0},"north":{"uv":[7.9375,7.0625,8.625,7.625],"rotation":0,"texture":"#0","tintindex":0},"west":{"uv":[12.0,13.5,12.0625,14.0625],"rotation":0,"texture":"#0","tintindex":0},"up":{"uv":[14.0,6.0,13.3125,5.9375],"rotation":0,"texture":"#0","tintindex":0},"down":{"uv":[14.1875,3.0625,13.5,3.125],"rotation":0,"texture":"#0","tintindex":0}}},{"from":[16.285715,8.857143,6.5714283],"to":[21.428572,10.0,12.285715],"rotation":{"angle":22.5,"axis":"z","origin":[15.142858,-10.285715,40.857143]},"faces":{"east":{"uv":[12.5,4.125,13.125,4.25],"rotation":0,"texture":"#0","tintindex":0},"south":{"uv":[12.6875,10.625,13.25,10.75],"rotation":0,"texture":"#0","tintindex":0},"north":{"uv":[12.6875,10.0625,13.25,10.1875],"rotation":0,"texture":"#0","tintindex":0},"west":{"uv":[12.5625,0.5,13.1875,0.625],"rotation":0,"texture":"#0","tintindex":0},"up":{"uv":[9.4375,6.5,8.875,5.875],"rotation":0,"texture":"#0","tintindex":0},"down":{"uv":[0.5625,8.9375,0.0,9.5625],"rotation":0,"texture":"#0","tintindex":0}}},{"from":[4.6351542,7.501588,6.0],"to":[5.7780113,10.93016,13.428572],"rotation":{"angle":-22.5,"axis":"z","origin":[15.492298,-11.069843,40.857143]},"faces":{"east":{"uv":[9.5,2.3125,10.3125,2.6875],"rotation":0,"texture":"#0","tintindex":0},"south":{"uv":[5.25,13.3125,5.375,13.6875],"rotation":0,"texture":"#0","tintindex":0},"north":{"uv":[5.0625,13.3125,5.1875,13.6875],"rotation":0,"texture":"#0","tintindex":0},"west":{"uv":[9.5,5.625,10.3125,6.0],"rotation":0,"texture":"#0","tintindex":0},"up":{"uv":[12.125,2.9375,12.0,2.125],"rotation":0,"texture":"#0","tintindex":0},"down":{"uv":[4.4375,12.0,4.3125,12.8125],"rotation":0,"texture":"#0","tintindex":0}}}],"display":{"head":{"translation":[0.0,-6.4,0.0],"scale":[4.0,4.0,4.0]}}}