{"textures":{"0":"modelengine:entity/clang_bot_glow"},"elements":[{"from":[4.686737,-2.285715,3.1767101],"to":[7.54388,3.4285712,4.3195677],"rotation":{"angle":22.5,"axis":"y","origin":[10.401023,1.1428566,6.0338535]},"faces":{"east":{"uv":[3.1875,3.375,3.3125,4.0],"rotation":0,"texture":"#0","tintindex":0},"south":{"uv":[10.375,1.8125,10.6875,2.4375],"rotation":0,"texture":"#0","tintindex":0},"north":{"uv":[6.5,10.3125,6.8125,10.9375],"rotation":0,"texture":"#0","tintindex":0},"west":{"uv":[2.75,9.1875,2.875,9.8125],"rotation":0,"texture":"#0","tintindex":0},"up":{"uv":[11.5625,7.875,11.25,7.75],"rotation":0,"texture":"#0","tintindex":0},"down":{"uv":[13.8125,5.5625,13.5,5.6875],"rotation":0,"texture":"#0","tintindex":0}}},{"from":[7.239414,-2.285715,4.4875784],"to":[8.9537,1.1428566,5.630436],"rotation":{"angle":0.0,"axis":"y","origin":[8.096558,-0.57142925,5.344722]},"faces":{"east":{"uv":[6.5625,13.3125,6.6875,13.6875],"rotation":0,"texture":"#0","tintindex":0},"south":{"uv":[12.75,7.75,12.9375,8.125],"rotation":0,"texture":"#0","tintindex":0},"north":{"uv":[10.625,4.0625,10.8125,4.4375],"rotation":0,"texture":"#0","tintindex":0},"west":{"uv":[6.75,13.3125,6.875,13.6875],"rotation":0,"texture":"#0","tintindex":0},"up":{"uv":[14.0625,10.75,13.875,10.625],"rotation":0,"texture":"#0","tintindex":0},"down":{"uv":[14.0625,10.8125,13.875,10.9375],"rotation":0,"texture":"#0","tintindex":0}}},{"from":[4.9912186,-4.000001,4.707444],"to":[7.848362,-2.285715,5.8503013],"rotation":{"angle":22.5,"axis":"y","origin":[6.7055044,-1.1428576,7.564587]},"faces":{"east":{"uv":[13.0,8.375,13.125,8.5625],"rotation":0,"texture":"#0","tintindex":0},"south":{"uv":[10.875,4.5625,11.1875,4.75],"rotation":0,"texture":"#0","tintindex":0},"north":{"uv":[9.125,1.875,9.4375,2.0625],"rotation":0,"texture":"#0","tintindex":0},"west":{"uv":[13.0625,0.25,13.1875,0.4375],"rotation":0,"texture":"#0","tintindex":0},"up":{"uv":[13.8125,7.875,13.5,7.75],"rotation":0,"texture":"#0","tintindex":0},"down":{"uv":[13.8125,8.875,13.5,9.0],"rotation":0,"texture":"#0","tintindex":0}}},{"from":[6.667986,-4.000001,4.4875784],"to":[8.382272,-2.285715,5.630436],"rotation":{"angle":0.0,"axis":"y","origin":[10.096558,-1.1428576,7.344722]},"faces":{"east":{"uv":[1.125,13.875,1.25,14.0625],"rotation":0,"texture":"#0","tintindex":0},"south":{"uv":[13.625,11.75,13.8125,11.9375],"rotation":0,"texture":"#0","tintindex":0},"north":{"uv":[13.625,10.5625,13.8125,10.75],"rotation":0,"texture":"#0","tintindex":0},"west":{"uv":[2.8125,13.875,2.9375,14.0625],"rotation":0,"texture":"#0","tintindex":0},"up":{"uv":[14.0625,11.125,13.875,11.0],"rotation":0,"texture":"#0","tintindex":0},"down":{"uv":[11.875,13.875,11.6875,14.0],"rotation":0,"texture":"#0","tintindex":0}}},{"from":[3.8322463,-2.285715,3.531939],"to":[5.546532,0.0,4.674796],"rotation":{"angle":45.0,"axis":"y","origin":[7.260818,-1.1428576,6.389082]},"faces":{"east":{"uv":[10.1875,5.3125,10.3125,5.5625],"rotation":0,"texture":"#0","tintindex":0},"south":{"uv":[7.6875,8.0,7.875,8.25],"rotation":0,"texture":"#0","tintindex":0},"north":{"uv":[7.875,1.1875,8.0625,1.4375],"rotation":0,"texture":"#0","tintindex":0},"west":{"uv":[13.0625,1.75,13.1875,2.0],"rotation":0,"texture":"#0","tintindex":0},"up":{"uv":[14.0625,11.8125,13.875,11.6875],"rotation":0,"texture":"#0","tintindex":0},"down":{"uv":[14.0625,12.1875,13.875,12.3125],"rotation":0,"texture":"#0","tintindex":0}}},{"from":[2.6893892,0.0,3.531939],"to":[5.546532,3.4285712,4.674796],"rotation":{"angle":45.0,"axis":"y","origin":[7.260818,-1.1428576,6.389082]},"faces":{"east":{"uv":[7.5,13.3125,7.625,13.6875],"rotation":0,"texture":"#0","tintindex":0},"south":{"uv":[9.0625,0.4375,9.375,0.8125],"rotation":0,"texture":"#0","tintindex":0},"north":{"uv":[6.0,2.625,6.3125,3.0],"rotation":0,"texture":"#0","tintindex":0},"west":{"uv":[13.3125,8.875,13.4375,9.25],"rotation":0,"texture":"#0","tintindex":0},"up":{"uv":[13.8125,9.1875,13.5,9.0625],"rotation":0,"texture":"#0","tintindex":0},"down":{"uv":[13.8125,10.8125,13.5,10.9375],"rotation":0,"texture":"#0","tintindex":0}}},{"from":[4.050923,3.4285712,4.0598702],"to":[5.7652082,5.714286,5.2027273],"rotation":{"angle":45.0,"axis":"y","origin":[7.479494,-0.57142925,6.917013]},"faces":{"east":{"uv":[7.5,13.75,7.625,14.0],"rotation":0,"texture":"#0","tintindex":0},"south":{"uv":[13.25,7.75,13.4375,8.0],"rotation":0,"texture":"#0","tintindex":0},"north":{"uv":[13.1875,10.25,13.375,10.5],"rotation":0,"texture":"#0","tintindex":0},"west":{"uv":[8.3125,13.75,8.4375,14.0],"rotation":0,"texture":"#0","tintindex":0},"up":{"uv":[14.0625,12.8125,13.875,12.6875],"rotation":0,"texture":"#0","tintindex":0},"down":{"uv":[14.0625,13.125,13.875,13.25],"rotation":0,"texture":"#0","tintindex":0}}},{"from":[6.667986,-2.285715,4.4875784],"to":[7.239414,2.2857141,5.630436],"rotation":{"angle":0.0,"axis":"y","origin":[10.667986,-1.1428576,7.344722]},"faces":{"east":{"uv":[6.9375,12.875,7.0625,13.375],"rotation":0,"texture":"#0","tintindex":0},"south":{"uv":[4.375,13.75,4.4375,14.25],"rotation":0,"texture":"#0","tintindex":0},"north":{"uv":[3.75,13.75,3.8125,14.25],"rotation":0,"texture":"#0","tintindex":0},"west":{"uv":[1.125,12.9375,1.25,13.4375],"rotation":0,"texture":"#0","tintindex":0},"up":{"uv":[0.5625,9.75,0.5,9.625],"rotation":0,"texture":"#0","tintindex":0},"down":{"uv":[10.8125,5.8125,10.75,5.9375],"rotation":0,"texture":"#0","tintindex":0}}},{"from":[4.33519,3.4285712,5.4093647],"to":[6.6209044,6.285714,6.5522223],"rotation":{"angle":22.5,"axis":"y","origin":[6.0494757,5.714286,5.9807935]},"faces":{"east":{"uv":[6.9375,13.4375,7.0625,13.75],"rotation":0,"texture":"#0","tintindex":0},"south":{"uv":[1.875,12.5625,2.125,12.875],"rotation":0,"texture":"#0","tintindex":0},"north":{"uv":[5.4375,8.625,5.6875,8.9375],"rotation":0,"texture":"#0","tintindex":0},"west":{"uv":[1.125,13.5,1.25,13.8125],"rotation":0,"texture":"#0","tintindex":0},"up":{"uv":[13.9375,1.0625,13.6875,0.9375],"rotation":0,"texture":"#0","tintindex":0},"down":{"uv":[13.9375,12.9375,13.6875,13.0625],"rotation":0,"texture":"#0","tintindex":0}}},{"from":[2.204722,-2.285715,10.158596],"to":[7.3475795,3.4285712,15.301455],"rotation":{"angle":22.5,"axis":"y","origin":[-3.5095634,-0.57142925,5.3014536]},"faces":{"east":{"uv":[6.75,8.9375,7.3125,9.5625],"rotation":0,"texture":"#0","tintindex":0},"south":{"uv":[3.4375,9.0,4.0,9.625],"rotation":0,"texture":"#0","tintindex":0},"north":{"uv":[8.9375,2.8125,9.5,3.4375],"rotation":0,"texture":"#0","tintindex":0},"west":{"uv":[4.0625,9.0,4.625,9.625],"rotation":0,"texture":"#0","tintindex":0},"up":{"uv":[1.1875,9.75,0.625,9.1875],"rotation":0,"texture":"#0","tintindex":0},"down":{"uv":[9.875,8.875,9.3125,9.4375],"rotation":0,"texture":"#0","tintindex":0}}},{"from":[2.7761507,3.4285712,10.730025],"to":[6.7761507,6.285714,14.730025],"rotation":{"angle":22.5,"axis":"y","origin":[-3.5095634,-0.57142925,5.3014536]},"faces":{"east":{"uv":[2.0,11.5,2.4375,11.8125],"rotation":0,"texture":"#0","tintindex":0},"south":{"uv":[11.5,2.25,11.9375,2.5625],"rotation":0,"texture":"#0","tintindex":0},"north":{"uv":[0.9375,11.5,1.375,11.8125],"rotation":0,"texture":"#0","tintindex":0},"west":{"uv":[11.5,2.625,11.9375,2.9375],"rotation":0,"texture":"#0","tintindex":0},"up":{"uv":[4.375,11.0625,3.9375,10.625],"rotation":0,"texture":"#0","tintindex":0},"down":{"uv":[11.0625,10.5,10.625,10.9375],"rotation":0,"texture":"#0","tintindex":0}}},{"from":[0.20472193,1.1428566,11.158596],"to":[3.0618649,4.5714283,14.587168],"rotation":{"angle":22.5,"axis":"y","origin":[-3.5095634,-0.57142925,5.3014536]},"faces":{"east":{"uv":[11.25,9.375,11.625,9.75],"rotation":0,"texture":"#0","tintindex":0},"south":{"uv":[0.4375,11.75,0.75,12.125],"rotation":0,"texture":"#0","tintindex":0},"north":{"uv":[11.6875,11.375,12.0,11.75],"rotation":0,"texture":"#0","tintindex":0},"west":{"uv":[11.25,9.8125,11.625,10.1875],"rotation":0,"texture":"#0","tintindex":0},"up":{"uv":[12.0625,4.0,11.75,3.625],"rotation":0,"texture":"#0","tintindex":0},"down":{"uv":[5.5625,11.75,5.25,12.125],"rotation":0,"texture":"#0","tintindex":0}}},{"from":[5.3409815,-5.1428576,7.0372505],"to":[8.198125,-2.285715,9.894394],"rotation":{"angle":-22.5,"axis":"y","origin":[6.769553,-5.4285717,8.465822]},"faces":{"east":{"uv":[8.875,12.0,9.1875,12.3125],"rotation":0,"texture":"#0","tintindex":0},"south":{"uv":[12.0,8.875,12.3125,9.1875],"rotation":0,"texture":"#0","tintindex":0},"north":{"uv":[7.75,12.0,8.0625,12.3125],"rotation":0,"texture":"#0","tintindex":0},"west":{"uv":[12.0,9.25,12.3125,9.5625],"rotation":0,"texture":"#0","tintindex":0},"up":{"uv":[12.3125,9.9375,12.0,9.625],"rotation":0,"texture":"#0","tintindex":0},"down":{"uv":[12.3125,10.8125,12.0,11.125],"rotation":0,"texture":"#0","tintindex":0}}},{"from":[6.7998962,5.4780393,6.924915],"to":[10.799896,9.478039,10.924915],"rotation":{"angle":-22.5,"axis":"z","origin":[8.228468,8.9066105,7.782058]},"faces":{"east":{"uv":[1.0,10.5,1.4375,10.9375],"rotation":0,"texture":"#0","tintindex":0},"south":{"uv":[10.5,2.5,10.9375,2.9375],"rotation":0,"texture":"#0","tintindex":0},"north":{"uv":[10.375,6.0,10.8125,6.4375],"rotation":0,"texture":"#0","tintindex":0},"west":{"uv":[10.5,3.0,10.9375,3.4375],"rotation":0,"texture":"#0","tintindex":0},"up":{"uv":[10.5625,10.9375,10.125,10.5],"rotation":0,"texture":"#0","tintindex":0},"down":{"uv":[4.875,10.5625,4.4375,11.0],"rotation":0,"texture":"#0","tintindex":0}}},{"from":[4.285714,-6.285715,11.191878],"to":[5.428571,-2.285715,12.334736],"rotation":{"angle":45.0,"axis":"x","origin":[5.142857,-4.285715,10.334735]},"faces":{"east":{"uv":[9.9375,13.0625,10.0625,13.5],"rotation":0,"texture":"#0","tintindex":0},"south":{"uv":[1.3125,13.125,1.4375,13.5625],"rotation":0,"texture":"#0","tintindex":0},"north":{"uv":[9.75,13.0625,9.875,13.5],"rotation":0,"texture":"#0","tintindex":0},"west":{"uv":[1.5,13.125,1.625,13.5625],"rotation":0,"texture":"#0","tintindex":0},"up":{"uv":[11.5625,14.125,11.4375,14.0],"rotation":0,"texture":"#0","tintindex":0},"down":{"uv":[12.25,14.0,12.125,14.125],"rotation":0,"texture":"#0","tintindex":0}}},{"from":[4.285714,-3.4285717,9.477592],"to":[5.428571,-2.285715,11.191878],"rotation":{"angle":45.0,"axis":"x","origin":[5.142857,-4.285715,10.334735]},"faces":{"east":{"uv":[13.875,13.3125,14.0625,13.4375],"rotation":0,"texture":"#0","tintindex":0},"south":{"uv":[0.0,14.0625,0.125,14.1875],"rotation":0,"texture":"#0","tintindex":0},"north":{"uv":[14.0,13.6875,14.125,13.8125],"rotation":0,"texture":"#0","tintindex":0},"west":{"uv":[13.875,13.5,14.0625,13.625],"rotation":0,"texture":"#0","tintindex":0},"up":{"uv":[14.0625,0.375,13.9375,0.1875],"rotation":0,"texture":"#0","tintindex":0},"down":{"uv":[14.0625,0.4375,13.9375,0.625],"rotation":0,"texture":"#0","tintindex":0}}},{"from":[4.714286,-5.1428576,9.477592],"to":[5.285714,-3.4285717,11.191878],"rotation":{"angle":45.0,"axis":"x","origin":[5.142857,-4.285715,10.334735]},"faces":{"east":{"uv":[13.6875,0.1875,13.875,0.375],"rotation":0,"texture":"#0","tintindex":0},"south":{"uv":[5.4375,10.5625,5.5,10.75],"rotation":0,"texture":"#0","tintindex":0},"north":{"uv":[10.375,2.5,10.4375,2.6875],"rotation":0,"texture":"#0","tintindex":0},"west":{"uv":[13.6875,0.4375,13.875,0.625],"rotation":0,"texture":"#0","tintindex":0},"up":{"uv":[7.8125,11.5625,7.75,11.375],"rotation":0,"texture":"#0","tintindex":0},"down":{"uv":[6.8125,11.5625,6.75,11.75],"rotation":0,"texture":"#0","tintindex":0}}},{"from":[4.285714,-6.285715,8.334735],"to":[5.428571,-2.285715,9.477592],"rotation":{"angle":45.0,"axis":"x","origin":[5.142857,-4.285715,10.334735]},"faces":{"east":{"uv":[13.0625,5.0625,13.1875,5.5],"rotation":0,"texture":"#0","tintindex":0},"south":{"uv":[9.375,13.0625,9.5,13.5],"rotation":0,"texture":"#0","tintindex":0},"north":{"uv":[12.75,13.0,12.875,13.4375],"rotation":0,"texture":"#0","tintindex":0},"west":{"uv":[9.5625,13.0625,9.6875,13.5],"rotation":0,"texture":"#0","tintindex":0},"up":{"uv":[12.9375,6.4375,12.8125,6.3125],"rotation":0,"texture":"#0","tintindex":0},"down":{"uv":[13.0625,9.1875,12.9375,9.3125],"rotation":0,"texture":"#0","tintindex":0}}},{"from":[4.285714,-6.285715,9.477592],"to":[5.428571,-5.1428576,11.191878],"rotation":{"angle":45.0,"axis":"x","origin":[5.142857,-4.285715,10.334735]},"faces":{"east":{"uv":[13.9375,0.6875,14.125,0.8125],"rotation":0,"texture":"#0","tintindex":0},"south":{"uv":[14.0625,4.3125,14.1875,4.4375],"rotation":0,"texture":"#0","tintindex":0},"north":{"uv":[0.1875,14.0625,0.3125,14.1875],"rotation":0,"texture":"#0","tintindex":0},"west":{"uv":[0.8125,13.9375,1.0,14.0625],"rotation":0,"texture":"#0","tintindex":0},"up":{"uv":[14.0625,1.8125,13.9375,1.625],"rotation":0,"texture":"#0","tintindex":0},"down":{"uv":[14.0625,4.5,13.9375,4.6875],"rotation":0,"texture":"#0","tintindex":0}}},{"from":[8.285714,-3.4285717,9.477592],"to":[9.428572,-2.285715,11.191878],"rotation":{"angle":45.0,"axis":"x","origin":[17.714287,-4.285715,10.334735]},"faces":{"east":{"uv":[14.0625,13.5,13.875,13.625],"rotation":0,"texture":"#0","tintindex":0},"south":{"uv":[0.125,14.0625,0.0,14.1875],"rotation":0,"texture":"#0","tintindex":0},"north":{"uv":[14.125,13.6875,14.0,13.8125],"rotation":0,"texture":"#0","tintindex":0},"west":{"uv":[14.0625,13.3125,13.875,13.4375],"rotation":0,"texture":"#0","tintindex":0},"up":{"uv":[13.9375,0.375,14.0625,0.1875],"rotation":0,"texture":"#0","tintindex":0},"down":{"uv":[13.9375,0.4375,14.0625,0.625],"rotation":0,"texture":"#0","tintindex":0}}},{"from":[8.285714,-6.285715,8.334735],"to":[9.428572,-2.285715,9.477592],"rotation":{"angle":45.0,"axis":"x","origin":[17.714287,-4.285715,10.334735]},"faces":{"east":{"uv":[9.6875,13.0625,9.5625,13.5],"rotation":0,"texture":"#0","tintindex":0},"south":{"uv":[9.5,13.0625,9.375,13.5],"rotation":0,"texture":"#0","tintindex":0},"north":{"uv":[12.875,13.0,12.75,13.4375],"rotation":0,"texture":"#0","tintindex":0},"west":{"uv":[13.1875,5.0625,13.0625,5.5],"rotation":0,"texture":"#0","tintindex":0},"up":{"uv":[12.8125,6.4375,12.9375,6.3125],"rotation":0,"texture":"#0","tintindex":0},"down":{"uv":[12.9375,9.1875,13.0625,9.3125],"rotation":0,"texture":"#0","tintindex":0}}},{"from":[8.285714,-6.285715,9.477592],"to":[9.428572,-5.1428576,11.191878],"rotation":{"angle":45.0,"axis":"x","origin":[17.714287,-4.285715,10.334735]},"faces":{"east":{"uv":[1.0,13.9375,0.8125,14.0625],"rotation":0,"texture":"#0","tintindex":0},"south":{"uv":[14.1875,4.3125,14.0625,4.4375],"rotation":0,"texture":"#0","tintindex":0},"north":{"uv":[0.3125,14.0625,0.1875,14.1875],"rotation":0,"texture":"#0","tintindex":0},"west":{"uv":[14.125,0.6875,13.9375,0.8125],"rotation":0,"texture":"#0","tintindex":0},"up":{"uv":[13.9375,1.8125,14.0625,1.625],"rotation":0,"texture":"#0","tintindex":0},"down":{"uv":[13.9375,4.5,14.0625,4.6875],"rotation":0,"texture":"#0","tintindex":0}}},{"from":[8.428572,-5.1428576,9.477592],"to":[9.0,-3.4285717,11.191878],"rotation":{"angle":45.0,"axis":"x","origin":[17.714287,-4.285715,10.334735]},"faces":{"east":{"uv":[13.875,0.4375,13.6875,0.625],"rotation":0,"texture":"#0","tintindex":0},"south":{"uv":[5.5,10.5625,5.4375,10.75],"rotation":0,"texture":"#0","tintindex":0},"north":{"uv":[10.4375,2.5,10.375,2.6875],"rotation":0,"texture":"#0","tintindex":0},"west":{"uv":[13.875,0.1875,13.6875,0.375],"rotation":0,"texture":"#0","tintindex":0},"up":{"uv":[7.75,11.5625,7.8125,11.375],"rotation":0,"texture":"#0","tintindex":0},"down":{"uv":[6.75,11.5625,6.8125,11.75],"rotation":0,"texture":"#0","tintindex":0}}},{"from":[8.285714,-6.285715,11.191878],"to":[9.428572,-2.285715,12.334736],"rotation":{"angle":45.0,"axis":"x","origin":[17.714287,-4.285715,10.334735]},"faces":{"east":{"uv":[1.625,13.125,1.5,13.5625],"rotation":0,"texture":"#0","tintindex":0},"south":{"uv":[1.4375,13.125,1.3125,13.5625],"rotation":0,"texture":"#0","tintindex":0},"north":{"uv":[9.875,13.0625,9.75,13.5],"rotation":0,"texture":"#0","tintindex":0},"west":{"uv":[10.0625,13.0625,9.9375,13.5],"rotation":0,"texture":"#0","tintindex":0},"up":{"uv":[11.4375,14.125,11.5625,14.0],"rotation":0,"texture":"#0","tintindex":0},"down":{"uv":[12.125,14.0,12.25,14.125],"rotation":0,"texture":"#0","tintindex":0}}}],"display":{"head":{"translation":[0.0,-6.4,0.0],"scale":[4.0,4.0,4.0]}}}