{"textures":{"0":"modelengine:entity/clang_bot_glow"},"elements":[{"from":[6.0,5.285714,6.8284273],"to":[10.0,9.285714,11.399856],"rotation":{"angle":0.0,"axis":"y","origin":[3.4285712,-0.71428585,2.256998]},"faces":{"east":{"uv":[10.1875,7.4375,10.6875,7.875],"rotation":0,"texture":"#0","tintindex":0},"south":{"uv":[7.375,10.875,7.8125,11.3125],"rotation":0,"texture":"#0","tintindex":0},"north":{"uv":[6.875,10.875,7.3125,11.3125],"rotation":0,"texture":"#0","tintindex":0},"west":{"uv":[10.1875,9.3125,10.6875,9.75],"rotation":0,"texture":"#0","tintindex":0},"up":{"uv":[0.9375,10.75,0.5,10.25],"rotation":0,"texture":"#0","tintindex":0},"down":{"uv":[0.4375,10.3125,0.0,10.8125],"rotation":0,"texture":"#0","tintindex":0}}},{"from":[6.5714283,5.8571424,11.399856],"to":[9.428572,8.714286,15.399856],"rotation":{"angle":0.0,"axis":"y","origin":[3.4285712,-0.71428585,2.256998]},"faces":{"east":{"uv":[2.5,11.6875,2.9375,12.0],"rotation":0,"texture":"#0","tintindex":0},"south":{"uv":[5.25,12.1875,5.5625,12.5],"rotation":0,"texture":"#0","tintindex":0},"north":{"uv":[12.1875,4.5,12.5,4.8125],"rotation":0,"texture":"#0","tintindex":0},"west":{"uv":[11.6875,4.5,12.125,4.8125],"rotation":0,"texture":"#0","tintindex":0},"up":{"uv":[4.25,12.0625,3.9375,11.625],"rotation":0,"texture":"#0","tintindex":0},"down":{"uv":[9.75,11.625,9.4375,12.0625],"rotation":0,"texture":"#0","tintindex":0}}},{"from":[7.142857,4.285714,5.68557],"to":[8.857143,4.8571424,9.114141],"rotation":{"angle":0.0,"axis":"y","origin":[3.4285712,-1.7142859,6.2569985]},"faces":{"east":{"uv":[13.9375,12.5625,14.3125,12.625],"rotation":0,"texture":"#0","tintindex":0},"south":{"uv":[14.1875,2.1875,14.375,2.25],"rotation":0,"texture":"#0","tintindex":0},"north":{"uv":[14.1875,0.75,14.375,0.8125],"rotation":0,"texture":"#0","tintindex":0},"west":{"uv":[14.0,3.8125,14.375,3.875],"rotation":0,"texture":"#0","tintindex":0},"up":{"uv":[13.0625,7.5625,12.875,7.1875],"rotation":0,"texture":"#0","tintindex":0},"down":{"uv":[13.0625,9.375,12.875,9.75],"rotation":0,"texture":"#0","tintindex":0}}},{"from":[5.646653,4.810656,5.68557],"to":[7.360939,5.382085,9.114141],"rotation":{"angle":-22.5,"axis":"z","origin":[5.9323673,5.09637,7.9712844]},"faces":{"east":{"uv":[14.0,8.125,14.375,8.1875],"rotation":0,"texture":"#0","tintindex":0},"south":{"uv":[14.1875,3.5625,14.375,3.625],"rotation":0,"texture":"#0","tintindex":0},"north":{"uv":[14.1875,2.875,14.375,2.9375],"rotation":0,"texture":"#0","tintindex":0},"west":{"uv":[8.6875,14.0,9.0625,14.0625],"rotation":0,"texture":"#0","tintindex":0},"up":{"uv":[10.6875,13.25,10.5,12.875],"rotation":0,"texture":"#0","tintindex":0},"down":{"uv":[11.3125,12.875,11.125,13.25],"rotation":0,"texture":"#0","tintindex":0}}},{"from":[8.639061,4.810656,5.68557],"to":[10.353347,5.382085,9.114141],"rotation":{"angle":22.5,"axis":"z","origin":[10.067633,5.09637,7.9712844]},"faces":{"east":{"uv":[9.125,14.0,9.5,14.0625],"rotation":0,"texture":"#0","tintindex":0},"south":{"uv":[14.1875,4.6875,14.375,4.75],"rotation":0,"texture":"#0","tintindex":0},"north":{"uv":[14.1875,3.6875,14.375,3.75],"rotation":0,"texture":"#0","tintindex":0},"west":{"uv":[14.0,9.375,14.375,9.4375],"rotation":0,"texture":"#0","tintindex":0},"up":{"uv":[11.5625,13.25,11.375,12.875],"rotation":0,"texture":"#0","tintindex":0},"down":{"uv":[1.0625,12.9375,0.875,13.3125],"rotation":0,"texture":"#0","tintindex":0}}}],"display":{"head":{"translation":[0.0,-6.4,0.0],"scale":[4.0,4.0,4.0]}}}