{"textures":{"0":"modelengine:entity/clang_bot_glow"},"elements":[{"from":[6.0,5.285714,6.8284273],"to":[10.0,9.285714,11.399856],"rotation":{"angle":0.0,"axis":"y","origin":[12.571428,-0.71428585,2.256998]},"faces":{"east":{"uv":[8.125,9.9375,8.625,10.375],"rotation":0,"texture":"#0","tintindex":0},"south":{"uv":[3.4375,10.625,3.875,11.0625],"rotation":0,"texture":"#0","tintindex":0},"north":{"uv":[4.9375,10.5625,5.375,11.0],"rotation":0,"texture":"#0","tintindex":0},"west":{"uv":[1.1875,10.0,1.6875,10.4375],"rotation":0,"texture":"#0","tintindex":0},"up":{"uv":[3.875,10.5625,3.4375,10.0625],"rotation":0,"texture":"#0","tintindex":0},"down":{"uv":[4.375,10.0625,3.9375,10.5625],"rotation":0,"texture":"#0","tintindex":0}}},{"from":[6.5714283,5.8571424,11.399856],"to":[9.428572,8.714286,15.399856],"rotation":{"angle":0.0,"axis":"y","origin":[12.571428,-0.71428585,2.256998]},"faces":{"east":{"uv":[10.375,11.4375,10.8125,11.75],"rotation":0,"texture":"#0","tintindex":0},"south":{"uv":[12.0625,11.1875,12.375,11.5],"rotation":0,"texture":"#0","tintindex":0},"north":{"uv":[12.0625,10.25,12.375,10.5625],"rotation":0,"texture":"#0","tintindex":0},"west":{"uv":[11.5,0.0,11.9375,0.3125],"rotation":0,"texture":"#0","tintindex":0},"up":{"uv":[11.1875,11.875,10.875,11.4375],"rotation":0,"texture":"#0","tintindex":0},"down":{"uv":[11.8125,0.375,11.5,0.8125],"rotation":0,"texture":"#0","tintindex":0}}},{"from":[7.142857,4.285714,5.68557],"to":[8.857143,4.8571424,9.114141],"rotation":{"angle":0.0,"axis":"y","origin":[12.571428,-1.7142859,6.2569985]},"faces":{"east":{"uv":[12.1875,2.875,12.5625,2.9375],"rotation":0,"texture":"#0","tintindex":0},"south":{"uv":[13.0,12.4375,13.1875,12.5],"rotation":0,"texture":"#0","tintindex":0},"north":{"uv":[12.5,8.75,12.6875,8.8125],"rotation":0,"texture":"#0","tintindex":0},"west":{"uv":[13.75,2.9375,14.125,3.0],"rotation":0,"texture":"#0","tintindex":0},"up":{"uv":[12.9375,8.5625,12.75,8.1875],"rotation":0,"texture":"#0","tintindex":0},"down":{"uv":[12.9375,10.8125,12.75,11.1875],"rotation":0,"texture":"#0","tintindex":0}}},{"from":[8.639061,4.810656,5.68557],"to":[10.353347,5.382085,9.114141],"rotation":{"angle":22.5,"axis":"z","origin":[10.067633,5.09637,7.9712844]},"faces":{"east":{"uv":[13.875,11.875,14.25,11.9375],"rotation":0,"texture":"#0","tintindex":0},"south":{"uv":[14.125,13.25,14.3125,13.3125],"rotation":0,"texture":"#0","tintindex":0},"north":{"uv":[14.125,13.125,14.3125,13.1875],"rotation":0,"texture":"#0","tintindex":0},"west":{"uv":[13.9375,7.375,14.3125,7.4375],"rotation":0,"texture":"#0","tintindex":0},"up":{"uv":[12.9375,12.5,12.75,12.125],"rotation":0,"texture":"#0","tintindex":0},"down":{"uv":[6.625,12.8125,6.4375,13.1875],"rotation":0,"texture":"#0","tintindex":0}}},{"from":[5.646653,4.810656,5.68557],"to":[7.360939,5.382085,9.114141],"rotation":{"angle":-22.5,"axis":"z","origin":[5.9323673,5.09637,7.9712844]},"faces":{"east":{"uv":[13.9375,9.875,14.3125,9.9375],"rotation":0,"texture":"#0","tintindex":0},"south":{"uv":[14.125,13.5,14.3125,13.5625],"rotation":0,"texture":"#0","tintindex":0},"north":{"uv":[14.125,13.375,14.3125,13.4375],"rotation":0,"texture":"#0","tintindex":0},"west":{"uv":[13.9375,10.0,14.3125,10.0625],"rotation":0,"texture":"#0","tintindex":0},"up":{"uv":[9.125,13.1875,8.9375,12.8125],"rotation":0,"texture":"#0","tintindex":0},"down":{"uv":[0.625,12.875,0.4375,13.25],"rotation":0,"texture":"#0","tintindex":0}}}],"display":{"head":{"translation":[0.0,-6.4,0.0],"scale":[4.0,4.0,4.0]}}}