{"textures":{"0":"modelengine:entity/clang_bot_glow"},"elements":[{"from":[8.4561205,-2.285715,3.1767101],"to":[11.313263,3.4285712,4.3195677],"rotation":{"angle":-22.5,"axis":"y","origin":[5.598977,1.1428566,6.0338535]},"faces":{"east":{"uv":[10.125,12.6875,10.25,13.3125],"rotation":0,"texture":"#0","tintindex":0},"south":{"uv":[8.125,10.4375,8.4375,11.0625],"rotation":0,"texture":"#0","tintindex":0},"north":{"uv":[10.375,9.8125,10.6875,10.4375],"rotation":0,"texture":"#0","tintindex":0},"west":{"uv":[10.3125,12.6875,10.4375,13.3125],"rotation":0,"texture":"#0","tintindex":0},"up":{"uv":[13.9375,2.375,13.625,2.25],"rotation":0,"texture":"#0","tintindex":0},"down":{"uv":[13.9375,3.1875,13.625,3.3125],"rotation":0,"texture":"#0","tintindex":0}}},{"from":[7.0463,-2.285715,4.4875784],"to":[8.760586,1.1428566,5.630436],"rotation":{"angle":0.0,"axis":"y","origin":[7.903443,-0.57142925,5.344722]},"faces":{"east":{"uv":[7.3125,13.375,7.4375,13.75],"rotation":0,"texture":"#0","tintindex":0},"south":{"uv":[6.6875,12.875,6.875,13.25],"rotation":0,"texture":"#0","tintindex":0},"north":{"uv":[6.125,12.875,6.3125,13.25],"rotation":0,"texture":"#0","tintindex":0},"west":{"uv":[13.4375,2.0625,13.5625,2.4375],"rotation":0,"texture":"#0","tintindex":0},"up":{"uv":[14.1875,1.0,14.0,0.875],"rotation":0,"texture":"#0","tintindex":0},"down":{"uv":[1.5,14.0,1.3125,14.125],"rotation":0,"texture":"#0","tintindex":0}}},{"from":[8.151638,-4.000001,4.707444],"to":[11.008781,-2.285715,5.8503013],"rotation":{"angle":-22.5,"axis":"y","origin":[9.294496,-1.1428576,7.564587]},"faces":{"east":{"uv":[14.0,1.3125,14.125,1.5],"rotation":0,"texture":"#0","tintindex":0},"south":{"uv":[13.0,3.875,13.3125,4.0625],"rotation":0,"texture":"#0","tintindex":0},"north":{"uv":[13.0,3.625,13.3125,3.8125],"rotation":0,"texture":"#0","tintindex":0},"west":{"uv":[2.0,14.0,2.125,14.1875],"rotation":0,"texture":"#0","tintindex":0},"up":{"uv":[13.9375,3.5,13.625,3.375],"rotation":0,"texture":"#0","tintindex":0},"down":{"uv":[13.9375,3.5625,13.625,3.6875],"rotation":0,"texture":"#0","tintindex":0}}},{"from":[7.6177287,-4.000001,4.4875784],"to":[9.332014,-2.285715,5.630436],"rotation":{"angle":0.0,"axis":"y","origin":[5.9034424,-1.1428576,7.344722]},"faces":{"east":{"uv":[14.0,2.0625,14.125,2.25],"rotation":0,"texture":"#0","tintindex":0},"south":{"uv":[13.75,9.4375,13.9375,9.625],"rotation":0,"texture":"#0","tintindex":0},"north":{"uv":[9.4375,13.75,9.625,13.9375],"rotation":0,"texture":"#0","tintindex":0},"west":{"uv":[2.1875,14.0,2.3125,14.1875],"rotation":0,"texture":"#0","tintindex":0},"up":{"uv":[14.1875,2.4375,14.0,2.3125],"rotation":0,"texture":"#0","tintindex":0},"down":{"uv":[2.5625,14.0,2.375,14.125],"rotation":0,"texture":"#0","tintindex":0}}},{"from":[10.453468,-2.285715,3.531939],"to":[12.167753,0.0,4.674796],"rotation":{"angle":-45.0,"axis":"y","origin":[8.7391815,-1.1428576,6.389082]},"faces":{"east":{"uv":[6.875,13.8125,7.0,14.0625],"rotation":0,"texture":"#0","tintindex":0},"south":{"uv":[13.4375,4.8125,13.625,5.0625],"rotation":0,"texture":"#0","tintindex":0},"north":{"uv":[13.4375,4.5,13.625,4.75],"rotation":0,"texture":"#0","tintindex":0},"west":{"uv":[7.0625,13.8125,7.1875,14.0625],"rotation":0,"texture":"#0","tintindex":0},"up":{"uv":[14.1875,2.625,14.0,2.5],"rotation":0,"texture":"#0","tintindex":0},"down":{"uv":[14.1875,2.6875,14.0,2.8125],"rotation":0,"texture":"#0","tintindex":0}}},{"from":[10.453468,0.0,3.531939],"to":[13.310611,3.4285712,4.674796],"rotation":{"angle":-45.0,"axis":"y","origin":[8.7391815,-1.1428576,6.389082]},"faces":{"east":{"uv":[13.4375,5.125,13.5625,5.5],"rotation":0,"texture":"#0","tintindex":0},"south":{"uv":[10.1875,11.8125,10.5,12.1875],"rotation":0,"texture":"#0","tintindex":0},"north":{"uv":[9.8125,11.8125,10.125,12.1875],"rotation":0,"texture":"#0","tintindex":0},"west":{"uv":[13.4375,6.3125,13.5625,6.6875],"rotation":0,"texture":"#0","tintindex":0},"up":{"uv":[13.9375,3.875,13.625,3.75],"rotation":0,"texture":"#0","tintindex":0},"down":{"uv":[13.9375,4.125,13.625,4.25],"rotation":0,"texture":"#0","tintindex":0}}},{"from":[10.234792,3.4285712,4.0598702],"to":[11.949078,5.714286,5.2027273],"rotation":{"angle":-45.0,"axis":"y","origin":[8.520506,-0.57142925,6.917013]},"faces":{"east":{"uv":[7.25,13.8125,7.375,14.0625],"rotation":0,"texture":"#0","tintindex":0},"south":{"uv":[13.4375,12.4375,13.625,12.6875],"rotation":0,"texture":"#0","tintindex":0},"north":{"uv":[13.4375,10.25,13.625,10.5],"rotation":0,"texture":"#0","tintindex":0},"west":{"uv":[13.8125,7.9375,13.9375,8.1875],"rotation":0,"texture":"#0","tintindex":0},"up":{"uv":[3.1875,14.125,3.0,14.0],"rotation":0,"texture":"#0","tintindex":0},"down":{"uv":[14.1875,3.1875,14.0,3.3125],"rotation":0,"texture":"#0","tintindex":0}}},{"from":[8.760586,-2.285715,4.4875784],"to":[9.332014,2.2857141,5.630436],"rotation":{"angle":0.0,"axis":"y","origin":[5.332014,-1.1428576,7.344722]},"faces":{"east":{"uv":[4.875,12.9375,5.0,13.4375],"rotation":0,"texture":"#0","tintindex":0},"south":{"uv":[11.0,13.75,11.0625,14.25],"rotation":0,"texture":"#0","tintindex":0},"north":{"uv":[9.6875,13.75,9.75,14.25],"rotation":0,"texture":"#0","tintindex":0},"west":{"uv":[5.875,12.9375,6.0,13.4375],"rotation":0,"texture":"#0","tintindex":0},"up":{"uv":[6.0625,14.3125,6.0,14.1875],"rotation":0,"texture":"#0","tintindex":0},"down":{"uv":[14.25,6.0625,14.1875,6.1875],"rotation":0,"texture":"#0","tintindex":0}}},{"from":[9.379095,3.4285712,5.4093647],"to":[11.66481,6.285714,6.5522223],"rotation":{"angle":-22.5,"axis":"y","origin":[9.950524,5.714286,5.9807935]},"faces":{"east":{"uv":[9.8125,13.5625,9.9375,13.875],"rotation":0,"texture":"#0","tintindex":0},"south":{"uv":[1.375,12.75,1.625,13.0625],"rotation":0,"texture":"#0","tintindex":0},"north":{"uv":[12.6875,11.75,12.9375,12.0625],"rotation":0,"texture":"#0","tintindex":0},"west":{"uv":[11.125,13.5625,11.25,13.875],"rotation":0,"texture":"#0","tintindex":0},"up":{"uv":[14.0625,4.0625,13.8125,3.9375],"rotation":0,"texture":"#0","tintindex":0},"down":{"uv":[14.0625,5.3125,13.8125,5.4375],"rotation":0,"texture":"#0","tintindex":0}}},{"from":[8.65242,-2.285715,10.158596],"to":[13.795279,3.4285712,15.301455],"rotation":{"angle":-22.5,"axis":"y","origin":[19.509563,-0.57142925,5.3014536]},"faces":{"east":{"uv":[9.0625,4.9375,9.625,5.5625],"rotation":0,"texture":"#0","tintindex":0},"south":{"uv":[8.6875,9.0625,9.25,9.6875],"rotation":0,"texture":"#0","tintindex":0},"north":{"uv":[4.6875,9.0,5.25,9.625],"rotation":0,"texture":"#0","tintindex":0},"west":{"uv":[9.125,1.1875,9.6875,1.8125],"rotation":0,"texture":"#0","tintindex":0},"up":{"uv":[1.8125,9.9375,1.25,9.375],"rotation":0,"texture":"#0","tintindex":0},"down":{"uv":[10.0,0.0,9.4375,0.5625],"rotation":0,"texture":"#0","tintindex":0}}},{"from":[9.223849,3.4285712,10.730025],"to":[13.223849,6.285714,14.730025],"rotation":{"angle":-22.5,"axis":"y","origin":[19.509563,-0.57142925,5.3014536]},"faces":{"east":{"uv":[11.625,8.125,12.0625,8.4375],"rotation":0,"texture":"#0","tintindex":0},"south":{"uv":[11.625,8.5,12.0625,8.8125],"rotation":0,"texture":"#0","tintindex":0},"north":{"uv":[11.625,7.75,12.0625,8.0625],"rotation":0,"texture":"#0","tintindex":0},"west":{"uv":[8.9375,11.625,9.375,11.9375],"rotation":0,"texture":"#0","tintindex":0},"up":{"uv":[11.1875,10.375,10.75,9.9375],"rotation":0,"texture":"#0","tintindex":0},"down":{"uv":[0.9375,10.8125,0.5,11.25],"rotation":0,"texture":"#0","tintindex":0}}},{"from":[12.938135,1.1428566,11.158596],"to":[15.795279,4.5714283,14.587168],"rotation":{"angle":-22.5,"axis":"y","origin":[19.509563,-0.57142925,5.3014536]},"faces":{"east":{"uv":[7.3125,11.375,7.6875,11.75],"rotation":0,"texture":"#0","tintindex":0},"south":{"uv":[11.625,11.8125,11.9375,12.1875],"rotation":0,"texture":"#0","tintindex":0},"north":{"uv":[11.25,11.8125,11.5625,12.1875],"rotation":0,"texture":"#0","tintindex":0},"west":{"uv":[11.25,11.375,11.625,11.75],"rotation":0,"texture":"#0","tintindex":0},"up":{"uv":[12.1875,0.75,11.875,0.375],"rotation":0,"texture":"#0","tintindex":0},"down":{"uv":[1.125,11.875,0.8125,12.25],"rotation":0,"texture":"#0","tintindex":0}}},{"from":[7.801875,-5.1428576,7.0372505],"to":[10.6590185,-2.285715,9.894394],"rotation":{"angle":22.5,"axis":"y","origin":[9.230447,-5.4285717,8.465822]},"faces":{"east":{"uv":[9.25,12.125,9.5625,12.4375],"rotation":0,"texture":"#0","tintindex":0},"south":{"uv":[0.4375,12.1875,0.75,12.5],"rotation":0,"texture":"#0","tintindex":0},"north":{"uv":[12.125,8.5,12.4375,8.8125],"rotation":0,"texture":"#0","tintindex":0},"west":{"uv":[1.9375,12.1875,2.25,12.5],"rotation":0,"texture":"#0","tintindex":0},"up":{"uv":[12.5,2.4375,12.1875,2.125],"rotation":0,"texture":"#0","tintindex":0},"down":{"uv":[12.5,2.5,12.1875,2.8125],"rotation":0,"texture":"#0","tintindex":0}}},{"from":[5.2001033,5.4780393,6.924915],"to":[9.200104,9.478039,10.924915],"rotation":{"angle":22.5,"axis":"z","origin":[7.771532,8.9066105,7.782058]},"faces":{"east":{"uv":[0.0,10.875,0.4375,11.3125],"rotation":0,"texture":"#0","tintindex":0},"south":{"uv":[10.875,4.0625,11.3125,4.5],"rotation":0,"texture":"#0","tintindex":0},"north":{"uv":[5.4375,10.8125,5.875,11.25],"rotation":0,"texture":"#0","tintindex":0},"west":{"uv":[10.875,5.8125,11.3125,6.25],"rotation":0,"texture":"#0","tintindex":0},"up":{"uv":[11.3125,6.75,10.875,6.3125],"rotation":0,"texture":"#0","tintindex":0},"down":{"uv":[11.3125,6.8125,10.875,7.25],"rotation":0,"texture":"#0","tintindex":0}}},{"from":[10.571428,-6.285715,11.191878],"to":[11.714286,-2.285715,12.334736],"rotation":{"angle":45.0,"axis":"x","origin":[10.857143,-4.285715,10.334735]},"faces":{"east":{"uv":[13.3125,1.25,13.4375,1.6875],"rotation":0,"texture":"#0","tintindex":0},"south":{"uv":[2.0625,13.3125,2.1875,13.75],"rotation":0,"texture":"#0","tintindex":0},"north":{"uv":[0.4375,13.3125,0.5625,13.75],"rotation":0,"texture":"#0","tintindex":0},"west":{"uv":[2.25,13.3125,2.375,13.75],"rotation":0,"texture":"#0","tintindex":0},"up":{"uv":[7.3125,14.25,7.1875,14.125],"rotation":0,"texture":"#0","tintindex":0},"down":{"uv":[14.25,7.5,14.125,7.625],"rotation":0,"texture":"#0","tintindex":0}}},{"from":[10.571428,-3.4285717,9.477592],"to":[11.714286,-2.285715,11.191878],"rotation":{"angle":45.0,"axis":"x","origin":[10.857143,-4.285715,10.334735]},"faces":{"east":{"uv":[14.0,5.125,14.1875,5.25],"rotation":0,"texture":"#0","tintindex":0},"south":{"uv":[14.125,8.4375,14.25,8.5625],"rotation":0,"texture":"#0","tintindex":0},"north":{"uv":[14.125,8.25,14.25,8.375],"rotation":0,"texture":"#0","tintindex":0},"west":{"uv":[6.0,14.0,6.1875,14.125],"rotation":0,"texture":"#0","tintindex":0},"up":{"uv":[14.125,6.4375,14.0,6.25],"rotation":0,"texture":"#0","tintindex":0},"down":{"uv":[6.5,14.0,6.375,14.1875],"rotation":0,"texture":"#0","tintindex":0}}},{"from":[10.714286,-5.1428576,9.477592],"to":[11.285714,-3.4285717,11.191878],"rotation":{"angle":45.0,"axis":"x","origin":[10.857143,-4.285715,10.334735]},"faces":{"east":{"uv":[11.4375,13.75,11.625,13.9375],"rotation":0,"texture":"#0","tintindex":0},"south":{"uv":[3.0,14.1875,3.0625,14.375],"rotation":0,"texture":"#0","tintindex":0},"north":{"uv":[2.5,14.1875,2.5625,14.375],"rotation":0,"texture":"#0","tintindex":0},"west":{"uv":[13.75,11.4375,13.9375,11.625],"rotation":0,"texture":"#0","tintindex":0},"up":{"uv":[3.1875,14.375,3.125,14.1875],"rotation":0,"texture":"#0","tintindex":0},"down":{"uv":[3.3125,14.1875,3.25,14.375],"rotation":0,"texture":"#0","tintindex":0}}},{"from":[10.571428,-6.285715,8.334735],"to":[11.714286,-2.285715,9.477592],"rotation":{"angle":45.0,"axis":"x","origin":[10.857143,-4.285715,10.334735]},"faces":{"east":{"uv":[2.625,13.3125,2.75,13.75],"rotation":0,"texture":"#0","tintindex":0},"south":{"uv":[13.3125,2.75,13.4375,3.1875],"rotation":0,"texture":"#0","tintindex":0},"north":{"uv":[2.4375,13.3125,2.5625,13.75],"rotation":0,"texture":"#0","tintindex":0},"west":{"uv":[4.1875,13.3125,4.3125,13.75],"rotation":0,"texture":"#0","tintindex":0},"up":{"uv":[8.8125,14.25,8.6875,14.125],"rotation":0,"texture":"#0","tintindex":0},"down":{"uv":[9.0,14.125,8.875,14.25],"rotation":0,"texture":"#0","tintindex":0}}},{"from":[10.571428,-6.285715,9.477592],"to":[11.714286,-5.1428576,11.191878],"rotation":{"angle":45.0,"axis":"x","origin":[10.857143,-4.285715,10.334735]},"faces":{"east":{"uv":[14.0,6.5,14.1875,6.625],"rotation":0,"texture":"#0","tintindex":0},"south":{"uv":[9.25,14.125,9.375,14.25],"rotation":0,"texture":"#0","tintindex":0},"north":{"uv":[9.0625,14.125,9.1875,14.25],"rotation":0,"texture":"#0","tintindex":0},"west":{"uv":[6.5625,14.0,6.75,14.125],"rotation":0,"texture":"#0","tintindex":0},"up":{"uv":[14.125,6.875,14.0,6.6875],"rotation":0,"texture":"#0","tintindex":0},"down":{"uv":[14.125,7.875,14.0,8.0625],"rotation":0,"texture":"#0","tintindex":0}}},{"from":[6.5714283,-3.4285717,9.477592],"to":[7.714286,-2.285715,11.191878],"rotation":{"angle":45.0,"axis":"x","origin":[-1.7142859,-4.285715,10.334735]},"faces":{"east":{"uv":[6.1875,14.0,6.0,14.125],"rotation":0,"texture":"#0","tintindex":0},"south":{"uv":[14.25,8.4375,14.125,8.5625],"rotation":0,"texture":"#0","tintindex":0},"north":{"uv":[14.25,8.25,14.125,8.375],"rotation":0,"texture":"#0","tintindex":0},"west":{"uv":[14.1875,5.125,14.0,5.25],"rotation":0,"texture":"#0","tintindex":0},"up":{"uv":[14.0,6.4375,14.125,6.25],"rotation":0,"texture":"#0","tintindex":0},"down":{"uv":[6.375,14.0,6.5,14.1875],"rotation":0,"texture":"#0","tintindex":0}}},{"from":[6.5714283,-6.285715,8.334735],"to":[7.714286,-2.285715,9.477592],"rotation":{"angle":45.0,"axis":"x","origin":[-1.7142859,-4.285715,10.334735]},"faces":{"east":{"uv":[4.3125,13.3125,4.1875,13.75],"rotation":0,"texture":"#0","tintindex":0},"south":{"uv":[13.4375,2.75,13.3125,3.1875],"rotation":0,"texture":"#0","tintindex":0},"north":{"uv":[2.5625,13.3125,2.4375,13.75],"rotation":0,"texture":"#0","tintindex":0},"west":{"uv":[2.75,13.3125,2.625,13.75],"rotation":0,"texture":"#0","tintindex":0},"up":{"uv":[8.6875,14.25,8.8125,14.125],"rotation":0,"texture":"#0","tintindex":0},"down":{"uv":[8.875,14.125,9.0,14.25],"rotation":0,"texture":"#0","tintindex":0}}},{"from":[6.5714283,-6.285715,9.477592],"to":[7.714286,-5.1428576,11.191878],"rotation":{"angle":45.0,"axis":"x","origin":[-1.7142859,-4.285715,10.334735]},"faces":{"east":{"uv":[6.75,14.0,6.5625,14.125],"rotation":0,"texture":"#0","tintindex":0},"south":{"uv":[9.375,14.125,9.25,14.25],"rotation":0,"texture":"#0","tintindex":0},"north":{"uv":[9.1875,14.125,9.0625,14.25],"rotation":0,"texture":"#0","tintindex":0},"west":{"uv":[14.1875,6.5,14.0,6.625],"rotation":0,"texture":"#0","tintindex":0},"up":{"uv":[14.0,6.875,14.125,6.6875],"rotation":0,"texture":"#0","tintindex":0},"down":{"uv":[14.0,7.875,14.125,8.0625],"rotation":0,"texture":"#0","tintindex":0}}},{"from":[7.0,-5.1428576,9.477592],"to":[7.5714283,-3.4285717,11.191878],"rotation":{"angle":45.0,"axis":"x","origin":[-1.7142859,-4.285715,10.334735]},"faces":{"east":{"uv":[13.9375,11.4375,13.75,11.625],"rotation":0,"texture":"#0","tintindex":0},"south":{"uv":[3.0625,14.1875,3.0,14.375],"rotation":0,"texture":"#0","tintindex":0},"north":{"uv":[2.5625,14.1875,2.5,14.375],"rotation":0,"texture":"#0","tintindex":0},"west":{"uv":[11.625,13.75,11.4375,13.9375],"rotation":0,"texture":"#0","tintindex":0},"up":{"uv":[3.125,14.375,3.1875,14.1875],"rotation":0,"texture":"#0","tintindex":0},"down":{"uv":[3.25,14.1875,3.3125,14.375],"rotation":0,"texture":"#0","tintindex":0}}},{"from":[6.5714283,-6.285715,11.191878],"to":[7.714286,-2.285715,12.334736],"rotation":{"angle":45.0,"axis":"x","origin":[-1.7142859,-4.285715,10.334735]},"faces":{"east":{"uv":[2.375,13.3125,2.25,13.75],"rotation":0,"texture":"#0","tintindex":0},"south":{"uv":[2.1875,13.3125,2.0625,13.75],"rotation":0,"texture":"#0","tintindex":0},"north":{"uv":[0.5625,13.3125,0.4375,13.75],"rotation":0,"texture":"#0","tintindex":0},"west":{"uv":[13.4375,1.25,13.3125,1.6875],"rotation":0,"texture":"#0","tintindex":0},"up":{"uv":[7.1875,14.25,7.3125,14.125],"rotation":0,"texture":"#0","tintindex":0},"down":{"uv":[14.125,7.5,14.25,7.625],"rotation":0,"texture":"#0","tintindex":0}}}],"display":{"head":{"translation":[0.0,-6.4,0.0],"scale":[4.0,4.0,4.0]}}}