{"textures":{"0":"modelengine:entity/clang_bot_glow"},"elements":[{"from":[6.0,12.0,6.857143],"to":[10.0,14.285715,9.714286],"rotation":{"angle":0.0,"axis":"y","origin":[7.714286,-5.1428576,8.0]},"faces":{"east":{"uv":[0.4375,12.5625,0.75,12.8125],"rotation":0,"texture":"#0","tintindex":0},"south":{"uv":[11.9375,0.8125,12.375,1.0625],"rotation":0,"texture":"#0","tintindex":0},"north":{"uv":[1.9375,11.875,2.375,12.125],"rotation":0,"texture":"#0","tintindex":0},"west":{"uv":[12.5625,1.125,12.875,1.375],"rotation":0,"texture":"#0","tintindex":0},"up":{"uv":[1.9375,11.75,1.5,11.4375],"rotation":0,"texture":"#0","tintindex":0},"down":{"uv":[10.3125,11.4375,9.875,11.75],"rotation":0,"texture":"#0","tintindex":0}}},{"from":[6.5714283,14.285715,7.428571],"to":[9.428572,14.857143,9.142858],"rotation":{"angle":0.0,"axis":"y","origin":[7.714286,-4.5714293,8.0]},"faces":{"east":{"uv":[14.1875,4.8125,14.375,4.875],"rotation":0,"texture":"#0","tintindex":0},"south":{"uv":[14.0,13.0,14.3125,13.0625],"rotation":0,"texture":"#0","tintindex":0},"north":{"uv":[14.0,12.875,14.3125,12.9375],"rotation":0,"texture":"#0","tintindex":0},"west":{"uv":[14.1875,5.5,14.375,5.5625],"rotation":0,"texture":"#0","tintindex":0},"up":{"uv":[13.3125,7.125,13.0,6.9375],"rotation":0,"texture":"#0","tintindex":0},"down":{"uv":[13.3125,8.125,13.0,8.3125],"rotation":0,"texture":"#0","tintindex":0}}},{"from":[5.5820017,13.514369,8.714286],"to":[7.867716,14.657227,9.857143],"rotation":{"angle":22.5,"axis":"z","origin":[7.010573,14.085798,9.285714]},"faces":{"east":{"uv":[14.125,10.5625,14.25,10.6875],"rotation":0,"texture":"#0","tintindex":0},"south":{"uv":[4.6875,13.875,4.9375,14.0],"rotation":0,"texture":"#0","tintindex":0},"north":{"uv":[13.8125,12.0,14.0625,12.125],"rotation":0,"texture":"#0","tintindex":0},"west":{"uv":[14.125,10.75,14.25,10.875],"rotation":0,"texture":"#0","tintindex":0},"up":{"uv":[14.125,5.625,13.875,5.5],"rotation":0,"texture":"#0","tintindex":0},"down":{"uv":[5.9375,13.875,5.6875,14.0],"rotation":0,"texture":"#0","tintindex":0}}},{"from":[8.132284,13.514369,8.714286],"to":[10.417998,14.657227,9.857143],"rotation":{"angle":-22.5,"axis":"z","origin":[8.989428,14.085798,9.285714]},"faces":{"east":{"uv":[14.125,10.9375,14.25,11.0625],"rotation":0,"texture":"#0","tintindex":0},"south":{"uv":[13.875,8.625,14.125,8.75],"rotation":0,"texture":"#0","tintindex":0},"north":{"uv":[13.875,7.6875,14.125,7.8125],"rotation":0,"texture":"#0","tintindex":0},"west":{"uv":[14.125,11.6875,14.25,11.8125],"rotation":0,"texture":"#0","tintindex":0},"up":{"uv":[14.125,8.9375,13.875,8.8125],"rotation":0,"texture":"#0","tintindex":0},"down":{"uv":[14.125,9.0,13.875,9.125],"rotation":0,"texture":"#0","tintindex":0}}},{"from":[10.0,12.0,7.142857],"to":[13.428572,15.428572,10.571428],"rotation":{"angle":0.0,"axis":"y","origin":[10.0,-4.000001,8.857143]},"faces":{"east":{"uv":[0.5,11.3125,0.875,11.6875],"rotation":0,"texture":"#0","tintindex":0},"south":{"uv":[5.4375,11.3125,5.8125,11.6875],"rotation":0,"texture":"#0","tintindex":0},"north":{"uv":[11.25,10.9375,11.625,11.3125],"rotation":0,"texture":"#0","tintindex":0},"west":{"uv":[0.0,11.375,0.375,11.75],"rotation":0,"texture":"#0","tintindex":0},"up":{"uv":[11.75,4.4375,11.375,4.0625],"rotation":0,"texture":"#0","tintindex":0},"down":{"uv":[11.75,5.4375,11.375,5.8125],"rotation":0,"texture":"#0","tintindex":0}}},{"from":[8.428572,12.285715,6.742857],"to":[10.142858,14.0,7.885714],"rotation":{"angle":45.0,"axis":"x","origin":[9.142858,13.428572,7.1714287]},"faces":{"east":{"uv":[7.3125,3.75,7.4375,3.9375],"rotation":0,"texture":"#0","tintindex":0},"south":{"uv":[7.875,10.875,8.0625,11.0625],"rotation":0,"texture":"#0","tintindex":0},"north":{"uv":[5.75,1.5,5.9375,1.6875],"rotation":0,"texture":"#0","tintindex":0},"west":{"uv":[9.75,3.75,9.875,3.9375],"rotation":0,"texture":"#0","tintindex":0},"up":{"uv":[5.5,10.0,5.3125,9.875],"rotation":0,"texture":"#0","tintindex":0},"down":{"uv":[10.125,9.3125,9.9375,9.4375],"rotation":0,"texture":"#0","tintindex":0}}},{"from":[5.8571424,12.285715,6.742857],"to":[7.5714283,14.0,7.885714],"rotation":{"angle":45.0,"axis":"x","origin":[6.857143,13.428572,7.1714287]},"faces":{"east":{"uv":[1.0,10.25,1.125,10.4375],"rotation":0,"texture":"#0","tintindex":0},"south":{"uv":[13.625,8.625,13.8125,8.8125],"rotation":0,"texture":"#0","tintindex":0},"north":{"uv":[1.5,11.1875,1.6875,11.375],"rotation":0,"texture":"#0","tintindex":0},"west":{"uv":[8.3125,11.125,8.4375,11.3125],"rotation":0,"texture":"#0","tintindex":0},"up":{"uv":[10.9375,2.4375,10.75,2.3125],"rotation":0,"texture":"#0","tintindex":0},"down":{"uv":[11.1875,3.3125,11.0,3.4375],"rotation":0,"texture":"#0","tintindex":0}}},{"from":[7.428571,12.271429,6.742857],"to":[8.571428,12.271429,7.885714],"rotation":{"angle":45.0,"axis":"x","origin":[6.857143,13.428572,7.1714287]},"faces":{"east":{"uv":[7.3125,7.0625,7.4375,7.0625],"rotation":0,"texture":"#0","tintindex":0},"south":{"uv":[7.4375,0.875,7.5625,0.875],"rotation":0,"texture":"#0","tintindex":0},"north":{"uv":[3.1875,4.0625,3.3125,4.0625],"rotation":0,"texture":"#0","tintindex":0},"west":{"uv":[7.5,7.0625,7.625,7.0625],"rotation":0,"texture":"#0","tintindex":0},"up":{"uv":[1.1875,14.25,1.0625,14.125],"rotation":0,"texture":"#0","tintindex":0},"down":{"uv":[14.25,1.0625,14.125,1.1875],"rotation":0,"texture":"#0","tintindex":0}}},{"from":[6.285714,10.719961,6.686685],"to":[9.142858,13.577105,6.686685],"rotation":{"angle":-45.0,"axis":"z","origin":[8.0,11.862819,6.686685]},"faces":{"east":{"uv":[10.9375,0.625,10.9375,0.9375],"rotation":0,"texture":"#0","tintindex":0},"south":{"uv":[3.9375,12.125,4.25,12.4375],"rotation":0,"texture":"#0","tintindex":0},"north":{"uv":[12.125,3.625,12.4375,3.9375],"rotation":0,"texture":"#0","tintindex":0},"west":{"uv":[4.375,11.125,4.375,11.4375],"rotation":0,"texture":"#0","tintindex":0},"up":{"uv":[10.0625,1.8125,9.75,1.8125],"rotation":0,"texture":"#0","tintindex":0},"down":{"uv":[11.0625,10.4375,10.75,10.4375],"rotation":0,"texture":"#0","tintindex":0}}},{"from":[7.428571,10.148533,6.686685],"to":[10.285714,13.005676,6.686685],"rotation":{"angle":-45.0,"axis":"z","origin":[8.0,12.434248,6.686685]},"faces":{"east":{"uv":[10.9375,0.625,10.9375,0.9375],"rotation":0,"texture":"#0","tintindex":0},"south":{"uv":[3.9375,12.125,4.25,12.4375],"rotation":0,"texture":"#0","tintindex":0},"north":{"uv":[14.375,4.0625,14.6875,4.375],"rotation":0,"texture":"#0","tintindex":0},"west":{"uv":[4.375,11.125,4.375,11.4375],"rotation":0,"texture":"#0","tintindex":0},"up":{"uv":[10.0625,1.8125,9.75,1.8125],"rotation":0,"texture":"#0","tintindex":0},"down":{"uv":[11.0625,10.4375,10.75,10.4375],"rotation":0,"texture":"#0","tintindex":0}}},{"from":[6.285714,6.5225554,7.34916],"to":[9.714286,9.379698,7.920589],"rotation":{"angle":-22.5,"axis":"x","origin":[8.0,7.3796983,9.063446]},"faces":{"east":{"uv":[10.625,8.9375,10.6875,9.25],"rotation":0,"texture":"#0","tintindex":0},"south":{"uv":[11.6875,7.25,12.0625,7.5625],"rotation":0,"texture":"#0","tintindex":0},"north":{"uv":[11.6875,5.0625,12.0625,5.375],"rotation":0,"texture":"#0","tintindex":0},"west":{"uv":[11.25,5.4375,11.3125,5.75],"rotation":0,"texture":"#0","tintindex":0},"up":{"uv":[11.875,0.9375,11.5,0.875],"rotation":0,"texture":"#0","tintindex":0},"down":{"uv":[11.875,3.1875,11.5,3.25],"rotation":0,"texture":"#0","tintindex":0}}},{"from":[5.142857,5.9511266,7.920589],"to":[10.857143,9.379698,10.206304],"rotation":{"angle":-22.5,"axis":"x","origin":[7.857143,7.3796983,9.063446]},"faces":{"east":{"uv":[7.1875,12.25,7.4375,12.625],"rotation":0,"texture":"#0","tintindex":0},"south":{"uv":[1.875,9.875,2.5,10.25],"rotation":0,"texture":"#0","tintindex":0},"north":{"uv":[0.5,9.8125,1.125,10.1875],"rotation":0,"texture":"#0","tintindex":0},"west":{"uv":[8.125,12.25,8.375,12.625],"rotation":0,"texture":"#0","tintindex":0},"up":{"uv":[11.6875,4.0,11.0625,3.75],"rotation":0,"texture":"#0","tintindex":0},"down":{"uv":[11.875,1.0,11.25,1.25],"rotation":0,"texture":"#0","tintindex":0}}},{"from":[6.285714,8.571428,6.714286],"to":[9.714286,12.0,9.0],"rotation":{"angle":0.0,"axis":"y","origin":[8.0,8.571428,7.857143]},"faces":{"east":{"uv":[12.25,0.3125,12.5,0.6875],"rotation":0,"texture":"#0","tintindex":0},"south":{"uv":[11.25,8.9375,11.625,9.3125],"rotation":0,"texture":"#0","tintindex":0},"north":{"uv":[11.25,7.3125,11.625,7.6875],"rotation":0,"texture":"#0","tintindex":0},"west":{"uv":[12.25,1.125,12.5,1.5],"rotation":0,"texture":"#0","tintindex":0},"up":{"uv":[12.625,1.8125,12.25,1.5625],"rotation":0,"texture":"#0","tintindex":0},"down":{"uv":[7.125,12.25,6.75,12.5],"rotation":0,"texture":"#0","tintindex":0}}},{"from":[7.428571,14.0,8.428572],"to":[8.571428,15.142858,9.571428],"rotation":{"angle":0.0,"axis":"y","origin":[8.0,12.285715,7.857143]},"faces":{"east":{"uv":[14.125,12.1875,14.25,12.3125],"rotation":0,"texture":"#0","tintindex":0},"south":{"uv":[12.3125,14.125,12.4375,14.25],"rotation":0,"texture":"#0","tintindex":0},"north":{"uv":[14.125,12.0,14.25,12.125],"rotation":0,"texture":"#0","tintindex":0},"west":{"uv":[12.5,14.125,12.625,14.25],"rotation":0,"texture":"#0","tintindex":0},"up":{"uv":[12.8125,14.25,12.6875,14.125],"rotation":0,"texture":"#0","tintindex":0},"down":{"uv":[14.25,12.6875,14.125,12.8125],"rotation":0,"texture":"#0","tintindex":0}}},{"from":[6.285714,5.705929,9.274946],"to":[9.714286,6.848786,11.560661],"rotation":{"angle":-22.5,"axis":"x","origin":[8.0,3.4202142,10.703518]},"faces":{"east":{"uv":[5.9375,10.8125,6.1875,10.9375],"rotation":0,"texture":"#0","tintindex":0},"south":{"uv":[13.125,7.1875,13.5,7.3125],"rotation":0,"texture":"#0","tintindex":0},"north":{"uv":[13.0625,5.5625,13.4375,5.6875],"rotation":0,"texture":"#0","tintindex":0},"west":{"uv":[11.25,10.25,11.5,10.375],"rotation":0,"texture":"#0","tintindex":0},"up":{"uv":[12.5,7.5625,12.125,7.3125],"rotation":0,"texture":"#0","tintindex":0},"down":{"uv":[12.375,12.1875,12.0,12.4375],"rotation":0,"texture":"#0","tintindex":0}}},{"from":[3.4285712,3.0161533,8.442314],"to":[12.571428,6.444725,12.442314],"rotation":{"angle":22.5,"axis":"x","origin":[8.0,5.0161533,8.728028]},"faces":{"east":{"uv":[10.1875,7.9375,10.625,8.3125],"rotation":0,"texture":"#0","tintindex":0},"south":{"uv":[8.6875,7.0,9.6875,7.375],"rotation":0,"texture":"#0","tintindex":0},"north":{"uv":[8.375,0.0,9.375,0.375],"rotation":0,"texture":"#0","tintindex":0},"west":{"uv":[3.4375,11.125,3.875,11.5],"rotation":0,"texture":"#0","tintindex":0},"up":{"uv":[8.3125,6.5,7.3125,6.0625],"rotation":0,"texture":"#0","tintindex":0},"down":{"uv":[8.3125,6.5625,7.3125,7.0],"rotation":0,"texture":"#0","tintindex":0}}},{"from":[4.0,3.1234617,8.273113],"to":[12.0,5.980605,11.130257],"rotation":{"angle":-22.5,"axis":"x","origin":[8.0,7.980605,7.415971]},"faces":{"east":{"uv":[4.875,12.0,5.1875,12.3125],"rotation":0,"texture":"#0","tintindex":0},"south":{"uv":[9.5625,3.125,10.4375,3.4375],"rotation":0,"texture":"#0","tintindex":0},"north":{"uv":[9.5625,2.75,10.4375,3.0625],"rotation":0,"texture":"#0","tintindex":0},"west":{"uv":[5.875,12.0,6.1875,12.3125],"rotation":0,"texture":"#0","tintindex":0},"up":{"uv":[4.3125,10.0,3.4375,9.6875],"rotation":0,"texture":"#0","tintindex":0},"down":{"uv":[5.25,9.6875,4.375,10.0],"rotation":0,"texture":"#0","tintindex":0}}},{"from":[4.0,-0.5816183,7.787491],"to":[12.0,1.7040958,10.073205],"rotation":{"angle":-22.5,"axis":"x","origin":[8.571428,3.7040958,3.5017762]},"faces":{"east":{"uv":[0.625,8.875,0.875,9.125],"rotation":0,"texture":"#0","tintindex":0},"south":{"uv":[9.9375,4.5,10.8125,4.75],"rotation":0,"texture":"#0","tintindex":0},"north":{"uv":[6.375,3.6875,7.25,3.9375],"rotation":0,"texture":"#0","tintindex":0},"west":{"uv":[7.375,8.9375,7.625,9.1875],"rotation":0,"texture":"#0","tintindex":0},"up":{"uv":[10.9375,0.25,10.0625,0.0],"rotation":0,"texture":"#0","tintindex":0},"down":{"uv":[10.9375,0.3125,10.0625,0.5625],"rotation":0,"texture":"#0","tintindex":0}}}],"display":{"head":{"translation":[0.0,-6.4,0.0],"scale":[4.0,4.0,4.0]}}}