{"textures":{"0":"modelengine:entity/crab_mudflat"},"elements":[{"from":[7.142857,8.885715,5.285714],"to":[8.857143,8.885715,8.142858],"rotation":{"angle":0.0,"axis":"y","origin":[10.757761,9.015951,8.466426]},"faces":{"east":{"uv":[8.25,0.0,9.5,0.0],"rotation":0,"texture":"#0","tintindex":0},"south":{"uv":[8.25,0.25,9.0,0.25],"rotation":0,"texture":"#0","tintindex":0},"north":{"uv":[8.0,8.0,8.75,8.0],"rotation":0,"texture":"#0","tintindex":0},"west":{"uv":[8.25,0.5,9.5,0.5],"rotation":0,"texture":"#0","tintindex":0},"up":{"uv":[3.0,5.75,2.25,4.5],"rotation":0,"texture":"#0","tintindex":0},"down":{"uv":[3.0,4.5,2.25,5.75],"rotation":0,"texture":"#0","tintindex":0}}},{"from":[7.142857,7.742857,8.142858],"to":[8.857143,8.885715,8.142858],"rotation":{"angle":0.0,"axis":"y","origin":[10.757761,9.015951,8.466426]},"faces":{"east":{"uv":[5.25,8.0,5.25,8.5],"rotation":0,"texture":"#0","tintindex":0},"south":{"uv":[4.75,7.0,5.5,7.5],"rotation":0,"texture":"#0","tintindex":0},"north":{"uv":[5.5,7.0,4.75,7.5],"rotation":0,"texture":"#0","tintindex":0},"west":{"uv":[8.0,6.75,8.0,7.25],"rotation":0,"texture":"#0","tintindex":0},"up":{"uv":[8.75,7.5,8.0,7.5],"rotation":0,"texture":"#0","tintindex":0},"down":{"uv":[8.75,7.75,8.0,7.75],"rotation":0,"texture":"#0","tintindex":0}}},{"from":[7.142857,7.742857,5.285714],"to":[7.142857,8.885715,8.142858],"rotation":{"angle":0.0,"axis":"y","origin":[10.757761,9.015951,8.466426]},"faces":{"east":{"uv":[6.25,2.25,5.0,2.75],"rotation":0,"texture":"#0","tintindex":0},"south":{"uv":[3.25,8.25,3.25,8.75],"rotation":0,"texture":"#0","tintindex":0},"north":{"uv":[8.25,2.5,8.25,3.0],"rotation":0,"texture":"#0","tintindex":0},"west":{"uv":[5.0,2.25,6.25,2.75],"rotation":0,"texture":"#0","tintindex":0},"up":{"uv":[3.5,9.5,3.5,8.25],"rotation":0,"texture":"#0","tintindex":0},"down":{"uv":[3.75,8.25,3.75,9.5],"rotation":0,"texture":"#0","tintindex":0}}},{"from":[8.857143,7.742857,5.285714],"to":[8.857143,8.885715,8.142858],"rotation":{"angle":0.0,"axis":"y","origin":[10.757761,9.015951,8.466426]},"faces":{"east":{"uv":[5.0,0.0,6.25,0.5],"rotation":0,"texture":"#0","tintindex":0},"south":{"uv":[2.0,8.25,2.0,8.75],"rotation":0,"texture":"#0","tintindex":0},"north":{"uv":[8.25,1.75,8.25,2.25],"rotation":0,"texture":"#0","tintindex":0},"west":{"uv":[6.25,0.0,5.0,0.5],"rotation":0,"texture":"#0","tintindex":0},"up":{"uv":[2.75,9.5,2.75,8.25],"rotation":0,"texture":"#0","tintindex":0},"down":{"uv":[3.0,8.25,3.0,9.5],"rotation":0,"texture":"#0","tintindex":0}}},{"from":[7.142857,7.742857,5.285714],"to":[8.857143,8.885715,5.285714],"rotation":{"angle":0.0,"axis":"y","origin":[10.757761,9.015951,8.466426]},"faces":{"east":{"uv":[0.75,8.25,0.75,8.75],"rotation":0,"texture":"#0","tintindex":0},"south":{"uv":[6.5,7.0,5.75,7.5],"rotation":0,"texture":"#0","tintindex":0},"north":{"uv":[5.75,7.0,6.5,7.5],"rotation":0,"texture":"#0","tintindex":0},"west":{"uv":[8.25,0.75,8.25,1.25],"rotation":0,"texture":"#0","tintindex":0},"up":{"uv":[1.75,8.25,1.0,8.25],"rotation":0,"texture":"#0","tintindex":0},"down":{"uv":[9.0,1.5,8.25,1.5],"rotation":0,"texture":"#0","tintindex":0}}}],"display":{"head":{"translation":[0.0,-6.4,0.0],"scale":[4.0,4.0,4.0]}}}