{"textures":{"0":"modelengine:entity/hammerhead_shark"},"elements":[{"from":[7.714286,12.571428,8.857143],"to":[8.285714,17.714287,12.285715],"rotation":{"angle":45.0,"axis":"x","origin":[8.0,15.714286,9.142858]},"faces":{"east":{"uv":[5.375,5.25,6.125,6.375],"rotation":0,"texture":"#0","tintindex":0},"south":{"uv":[6.125,7.25,6.25,8.375],"rotation":0,"texture":"#0","tintindex":0},"north":{"uv":[6.0,7.25,6.125,8.375],"rotation":0,"texture":"#0","tintindex":0},"west":{"uv":[0.0,5.5,0.75,6.625],"rotation":0,"texture":"#0","tintindex":0},"up":{"uv":[6.5,8.0,6.375,7.25],"rotation":0,"texture":"#0","tintindex":0},"down":{"uv":[6.625,7.25,6.5,8.0],"rotation":0,"texture":"#0","tintindex":0}}},{"from":[5.428571,9.142858,1.4285712],"to":[10.571428,13.714286,5.428571],"rotation":{"angle":0.0,"axis":"y","origin":[8.0,12.571428,-0.57142925]},"faces":{"east":{"uv":[6.125,2.5,5.25,3.5],"rotation":0,"texture":"#0","tintindex":0},"south":{"uv":[4.0,1.125,5.125,2.125],"rotation":0,"texture":"#0","tintindex":0},"north":{"uv":[3.125,3.125,4.25,4.125],"rotation":0,"texture":"#0","tintindex":0},"west":{"uv":[5.25,2.5,6.125,3.5],"rotation":0,"texture":"#0","tintindex":0},"up":{"uv":[3.125,5.5,2.0,4.625],"rotation":0,"texture":"#0","tintindex":0},"down":{"uv":[4.25,5.0,3.125,5.875],"rotation":0,"texture":"#0","tintindex":0}}},{"from":[4.8571424,8.571428,5.428571],"to":[11.142858,13.714286,14.571428],"rotation":{"angle":0.0,"axis":"y","origin":[8.0,12.571428,-0.57142925]},"faces":{"east":{"uv":[4.0,2.0,2.0,3.125],"rotation":0,"texture":"#0","tintindex":0},"south":{"uv":[0.0,3.125,1.375,4.25],"rotation":0,"texture":"#0","tintindex":0},"north":{"uv":[2.75,0.0,4.125,1.125],"rotation":0,"texture":"#0","tintindex":0},"west":{"uv":[2.0,2.0,4.0,3.125],"rotation":0,"texture":"#0","tintindex":0},"up":{"uv":[1.375,2.0,0.0,0.0],"rotation":0,"texture":"#0","tintindex":0},"down":{"uv":[2.75,0.0,1.375,2.0],"rotation":0,"texture":"#0","tintindex":0}}}],"display":{"head":{"translation":[0.0,-6.4,0.0],"scale":[4.0,4.0,4.0]}}}