{"textures":{"0":"modelengine:entity/hammerhead_shark"},"elements":[{"from":[5.142857,6.285714,4.0],"to":[10.285714,9.142858,8.0],"rotation":{"angle":0.0,"axis":"y","origin":[7.714286,8.0,6.0]},"faces":{"east":{"uv":[6.375,4.5,7.25,5.125],"rotation":0,"texture":"#0","tintindex":0},"south":{"uv":[4.0,6.0,5.125,6.625],"rotation":0,"texture":"#0","tintindex":0},"north":{"uv":[2.875,5.875,4.0,6.5],"rotation":0,"texture":"#0","tintindex":0},"west":{"uv":[5.125,6.375,6.0,7.0],"rotation":0,"texture":"#0","tintindex":0},"up":{"uv":[5.5,5.25,4.375,4.375],"rotation":0,"texture":"#0","tintindex":0},"down":{"uv":[2.0,4.625,0.875,5.5],"rotation":0,"texture":"#0","tintindex":0}}},{"from":[0.0,7.428571,4.0],"to":[5.142857,9.142858,7.428571],"rotation":{"angle":0.0,"axis":"y","origin":[7.428571,-6.285715,10.285714]},"faces":{"east":{"uv":[6.875,1.125,7.625,1.5],"rotation":0,"texture":"#0","tintindex":0},"south":{"uv":[6.0,6.625,7.125,7.0],"rotation":0,"texture":"#0","tintindex":0},"north":{"uv":[6.375,2.0,7.5,2.375],"rotation":0,"texture":"#0","tintindex":0},"west":{"uv":[6.875,1.5,7.625,1.875],"rotation":0,"texture":"#0","tintindex":0},"up":{"uv":[6.375,4.25,5.25,3.5],"rotation":0,"texture":"#0","tintindex":0},"down":{"uv":[5.375,5.25,4.25,6.0],"rotation":0,"texture":"#0","tintindex":0}}},{"from":[-1.7142859,7.428571,3.4285712],"to":[0.0,9.142858,7.428571],"rotation":{"angle":0.0,"axis":"y","origin":[7.428571,-6.285715,10.285714]},"faces":{"east":{"uv":[0.75,6.75,1.625,7.125],"rotation":0,"texture":"#0","tintindex":0},"south":{"uv":[4.125,7.25,4.5,7.625],"rotation":0,"texture":"#0","tintindex":0},"north":{"uv":[0.875,4.25,1.25,4.625],"rotation":0,"texture":"#0","tintindex":0},"west":{"uv":[6.875,0.75,7.75,1.125],"rotation":0,"texture":"#0","tintindex":0},"up":{"uv":[4.875,7.5,4.5,6.625],"rotation":0,"texture":"#0","tintindex":0},"down":{"uv":[2.0,6.75,1.625,7.625],"rotation":0,"texture":"#0","tintindex":0}}},{"from":[10.285714,7.428571,4.0],"to":[15.428572,9.142858,7.428571],"rotation":{"angle":0.0,"axis":"y","origin":[14.571428,8.285714,5.5714283]},"faces":{"east":{"uv":[7.625,1.5,6.875,1.875],"rotation":0,"texture":"#0","tintindex":0},"south":{"uv":[7.125,6.625,6.0,7.0],"rotation":0,"texture":"#0","tintindex":0},"north":{"uv":[7.5,2.0,6.375,2.375],"rotation":0,"texture":"#0","tintindex":0},"west":{"uv":[7.625,1.125,6.875,1.5],"rotation":0,"texture":"#0","tintindex":0},"up":{"uv":[5.25,4.25,6.375,3.5],"rotation":0,"texture":"#0","tintindex":0},"down":{"uv":[4.25,5.25,5.375,6.0],"rotation":0,"texture":"#0","tintindex":0}}},{"from":[15.428572,7.428571,3.4285712],"to":[17.142857,9.142858,7.428571],"rotation":{"angle":0.0,"axis":"y","origin":[14.571428,8.285714,5.5714283]},"faces":{"east":{"uv":[7.75,0.75,6.875,1.125],"rotation":0,"texture":"#0","tintindex":0},"south":{"uv":[4.5,7.25,4.125,7.625],"rotation":0,"texture":"#0","tintindex":0},"north":{"uv":[1.25,4.25,0.875,4.625],"rotation":0,"texture":"#0","tintindex":0},"west":{"uv":[1.625,6.75,0.75,7.125],"rotation":0,"texture":"#0","tintindex":0},"up":{"uv":[4.5,7.5,4.875,6.625],"rotation":0,"texture":"#0","tintindex":0},"down":{"uv":[1.625,6.75,2.0,7.625],"rotation":0,"texture":"#0","tintindex":0}}},{"from":[6.0,5.714286,4.8571424],"to":[9.428572,6.285714,7.142857],"rotation":{"angle":0.0,"axis":"y","origin":[8.0,8.0,5.714286]},"faces":{"east":{"uv":[7.25,4.75,7.875,5.0],"rotation":0,"texture":"#0","tintindex":0},"south":{"uv":[5.375,7.0,6.375,7.25],"rotation":0,"texture":"#0","tintindex":0},"north":{"uv":[7.0,5.125,8.0,5.375],"rotation":0,"texture":"#0","tintindex":0},"west":{"uv":[5.375,7.25,6.0,7.5],"rotation":0,"texture":"#0","tintindex":0},"up":{"uv":[7.375,3.875,6.375,3.25],"rotation":0,"texture":"#0","tintindex":0},"down":{"uv":[7.375,3.875,6.375,4.5],"rotation":0,"texture":"#0","tintindex":0}}}],"display":{"head":{"translation":[0.0,-6.4,0.0],"scale":[4.0,4.0,4.0]}}}