{"textures":{"0":"modelengine:entity/hammerhead_shark"},"elements":[{"from":[0.14487314,7.428571,5.1322374],"to":[3.5734448,8.571428,7.9893804],"rotation":{"angle":0.0,"axis":"y","origin":[4.714286,9.714286,1.8571424]},"faces":{"east":{"uv":[3.5,7.25,4.125,7.5],"rotation":0,"texture":"#0","tintindex":0},"south":{"uv":[2.5,7.25,3.25,7.5],"rotation":0,"texture":"#0","tintindex":0},"north":{"uv":[0.0,7.25,0.75,7.5],"rotation":0,"texture":"#0","tintindex":0},"west":{"uv":[7.25,4.5,7.875,4.75],"rotation":0,"texture":"#0","tintindex":0},"up":{"uv":[0.75,7.25,0.0,6.625],"rotation":0,"texture":"#0","tintindex":0},"down":{"uv":[4.5,6.625,3.75,7.25],"rotation":0,"texture":"#0","tintindex":0}}},{"from":[3.5734448,7.428571,5.1322374],"to":[8.716302,8.571428,9.703666],"rotation":{"angle":0.0,"axis":"y","origin":[4.714286,9.714286,1.8571424]},"faces":{"east":{"uv":[7.0,0.5,8.0,0.75],"rotation":0,"texture":"#0","tintindex":0},"south":{"uv":[7.0,0.25,8.125,0.5],"rotation":0,"texture":"#0","tintindex":0},"north":{"uv":[7.0,0.0,8.125,0.25],"rotation":0,"texture":"#0","tintindex":0},"west":{"uv":[7.0,2.375,8.0,2.625],"rotation":0,"texture":"#0","tintindex":0},"up":{"uv":[5.125,3.125,4.0,2.125],"rotation":0,"texture":"#0","tintindex":0},"down":{"uv":[5.25,0.0,4.125,1.0],"rotation":0,"texture":"#0","tintindex":0}}}],"display":{"head":{"translation":[0.0,-6.4,0.0],"scale":[4.0,4.0,4.0]}}}