{"textures":{"0":"modelengine:entity/hammerhead_shark"},"elements":[{"from":[12.426556,7.428571,5.1322374],"to":[15.855127,8.571428,7.9893804],"rotation":{"angle":0.0,"axis":"y","origin":[11.285714,9.714286,1.8571424]},"faces":{"east":{"uv":[7.875,4.5,7.25,4.75],"rotation":0,"texture":"#0","tintindex":0},"south":{"uv":[3.25,7.25,2.5,7.5],"rotation":0,"texture":"#0","tintindex":0},"north":{"uv":[0.75,7.25,0.0,7.5],"rotation":0,"texture":"#0","tintindex":0},"west":{"uv":[4.125,7.25,3.5,7.5],"rotation":0,"texture":"#0","tintindex":0},"up":{"uv":[0.0,7.25,0.75,6.625],"rotation":0,"texture":"#0","tintindex":0},"down":{"uv":[3.75,6.625,4.5,7.25],"rotation":0,"texture":"#0","tintindex":0}}},{"from":[7.2836976,7.428571,5.1322374],"to":[12.426556,8.571428,9.703666],"rotation":{"angle":0.0,"axis":"y","origin":[11.285714,9.714286,1.8571424]},"faces":{"east":{"uv":[8.0,2.375,7.0,2.625],"rotation":0,"texture":"#0","tintindex":0},"south":{"uv":[8.125,0.25,7.0,0.5],"rotation":0,"texture":"#0","tintindex":0},"north":{"uv":[8.125,0.0,7.0,0.25],"rotation":0,"texture":"#0","tintindex":0},"west":{"uv":[8.0,0.5,7.0,0.75],"rotation":0,"texture":"#0","tintindex":0},"up":{"uv":[4.0,3.125,5.125,2.125],"rotation":0,"texture":"#0","tintindex":0},"down":{"uv":[4.125,0.0,5.25,1.0],"rotation":0,"texture":"#0","tintindex":0}}}],"display":{"head":{"translation":[0.0,-6.4,0.0],"scale":[4.0,4.0,4.0]}}}