{"textures":{"0":"modelengine:entity/hammerhead_shark"},"elements":[{"from":[5.8744745,5.5765047,8.0],"to":[9.874475,9.576505,13.714286],"rotation":{"angle":0.0,"axis":"y","origin":[7.8744745,8.433648,-7.1428576]},"faces":{"east":{"uv":[4.375,4.125,3.125,5.0],"rotation":0,"texture":"#0","tintindex":0},"south":{"uv":[5.5,4.25,6.375,5.125],"rotation":0,"texture":"#0","tintindex":0},"north":{"uv":[2.0,5.5,2.875,6.375],"rotation":0,"texture":"#0","tintindex":0},"west":{"uv":[3.125,4.125,4.375,5.0],"rotation":0,"texture":"#0","tintindex":0},"up":{"uv":[0.875,5.5,0.0,4.25],"rotation":0,"texture":"#0","tintindex":0},"down":{"uv":[5.25,3.125,4.375,4.375],"rotation":0,"texture":"#0","tintindex":0}}},{"from":[4.1255255,4.7092094,9.714286],"to":[6.4112396,5.2806377,12.0],"rotation":{"angle":45.0,"axis":"z","origin":[5.2683825,4.9949236,10.857143]},"faces":{"east":{"uv":[4.625,1.0,5.125,1.125],"rotation":0,"texture":"#0","tintindex":0},"south":{"uv":[5.5,5.125,6.0,5.25],"rotation":0,"texture":"#0","tintindex":0},"north":{"uv":[4.125,1.0,4.625,1.125],"rotation":0,"texture":"#0","tintindex":0},"west":{"uv":[6.375,2.375,6.875,2.5],"rotation":0,"texture":"#0","tintindex":0},"up":{"uv":[7.5,3.125,7.0,2.625],"rotation":0,"texture":"#0","tintindex":0},"down":{"uv":[5.375,7.0,4.875,7.5],"rotation":0,"texture":"#0","tintindex":0}}},{"from":[9.337708,4.7092094,9.714286],"to":[11.623423,5.2806377,12.0],"rotation":{"angle":-45.0,"axis":"z","origin":[10.480566,4.9949236,10.857143]},"faces":{"east":{"uv":[6.875,2.375,6.375,2.5],"rotation":0,"texture":"#0","tintindex":0},"south":{"uv":[6.0,5.125,5.5,5.25],"rotation":0,"texture":"#0","tintindex":0},"north":{"uv":[4.625,1.0,4.125,1.125],"rotation":0,"texture":"#0","tintindex":0},"west":{"uv":[5.125,1.0,4.625,1.125],"rotation":0,"texture":"#0","tintindex":0},"up":{"uv":[7.0,3.125,7.5,2.625],"rotation":0,"texture":"#0","tintindex":0},"down":{"uv":[4.875,7.0,5.375,7.5],"rotation":0,"texture":"#0","tintindex":0}}}],"display":{"head":{"translation":[0.0,-6.4,0.0],"scale":[4.0,4.0,4.0]}}}