{"textures":{"0":"modelengine:entity/hammerhead_shark"},"elements":[{"from":[6.5714283,6.27416,8.100024],"to":[9.428572,9.702731,13.81431],"rotation":{"angle":0.0,"axis":"y","origin":[8.0,8.559875,-12.75712]},"faces":{"east":{"uv":[6.375,1.75,5.125,2.5],"rotation":0,"texture":"#0","tintindex":0},"south":{"uv":[3.125,6.5,3.75,7.25],"rotation":0,"texture":"#0","tintindex":0},"north":{"uv":[2.5,6.5,3.125,7.25],"rotation":0,"texture":"#0","tintindex":0},"west":{"uv":[5.125,1.75,6.375,2.5],"rotation":0,"texture":"#0","tintindex":0},"up":{"uv":[1.375,6.75,0.75,5.5],"rotation":0,"texture":"#0","tintindex":0},"down":{"uv":[2.0,5.5,1.375,6.75],"rotation":0,"texture":"#0","tintindex":0}}},{"from":[7.714286,2.27416,10.957167],"to":[8.285714,7.9884458,13.242882],"rotation":{"angle":-45.0,"axis":"x","origin":[8.0,5.702731,11.81431]},"faces":{"east":{"uv":[6.375,0.75,6.875,2.0],"rotation":0,"texture":"#0","tintindex":0},"south":{"uv":[3.375,7.25,3.5,8.5],"rotation":0,"texture":"#0","tintindex":0},"north":{"uv":[3.25,7.25,3.375,8.5],"rotation":0,"texture":"#0","tintindex":0},"west":{"uv":[2.0,6.375,2.5,7.625],"rotation":0,"texture":"#0","tintindex":0},"up":{"uv":[5.25,3.0,5.125,2.5],"rotation":0,"texture":"#0","tintindex":0},"down":{"uv":[6.75,7.25,6.625,7.75],"rotation":0,"texture":"#0","tintindex":0}}},{"from":[7.714286,7.417017,9.81431],"to":[8.285714,14.27416,13.81431],"rotation":{"angle":45.0,"axis":"x","origin":[8.0,9.702731,11.81431]},"faces":{"east":{"uv":[1.375,3.125,2.25,4.625],"rotation":0,"texture":"#0","tintindex":0},"south":{"uv":[7.125,6.875,7.25,8.375],"rotation":0,"texture":"#0","tintindex":0},"north":{"uv":[1.5,7.125,1.625,8.625],"rotation":0,"texture":"#0","tintindex":0},"west":{"uv":[2.25,3.125,3.125,4.625],"rotation":0,"texture":"#0","tintindex":0},"up":{"uv":[4.375,4.0,4.25,3.125],"rotation":0,"texture":"#0","tintindex":0},"down":{"uv":[6.375,7.25,6.25,8.125],"rotation":0,"texture":"#0","tintindex":0}}}],"display":{"head":{"translation":[0.0,-6.4,0.0],"scale":[4.0,4.0,4.0]}}}