{"textures":{"0":"modelengine:entity/clang_ai_glow"},"elements":[{"from":[8.0,7.428571,7.428571],"to":[10.857143,8.571428,8.571428],"rotation":{"angle":0.0,"axis":"y","origin":[6.285714,-9.1428585,8.285714]},"faces":{"east":{"uv":[6.875,11.25,7.125,11.5],"rotation":0,"texture":"#0","tintindex":0},"south":{"uv":[4.625,9.875,5.25,10.125],"rotation":0,"texture":"#0","tintindex":0},"north":{"uv":[9.875,3.375,10.5,3.625],"rotation":0,"texture":"#0","tintindex":0},"west":{"uv":[7.625,11.25,7.875,11.5],"rotation":0,"texture":"#0","tintindex":0},"up":{"uv":[6.0,10.125,5.375,9.875],"rotation":0,"texture":"#0","tintindex":0},"down":{"uv":[6.75,10.0,6.125,10.25],"rotation":0,"texture":"#0","tintindex":0}}}],"display":{"head":{"translation":[0.0,-6.4,0.0],"scale":[4.0,4.0,4.0]}}}