{"textures":{"0":"modelengine:entity/clang_ai_glow"},"elements":[{"from":[5.142857,7.428571,7.428571],"to":[8.0,8.571428,8.571428],"rotation":{"angle":0.0,"axis":"y","origin":[9.714286,-9.1428585,8.285714]},"faces":{"east":{"uv":[11.25,5.875,11.5,6.125],"rotation":0,"texture":"#0","tintindex":0},"south":{"uv":[9.875,1.5,10.5,1.75],"rotation":0,"texture":"#0","tintindex":0},"north":{"uv":[9.875,0.0,10.5,0.25],"rotation":0,"texture":"#0","tintindex":0},"west":{"uv":[11.25,6.25,11.5,6.5],"rotation":0,"texture":"#0","tintindex":0},"up":{"uv":[10.5,2.125,9.875,1.875],"rotation":0,"texture":"#0","tintindex":0},"down":{"uv":[10.5,2.25,9.875,2.5],"rotation":0,"texture":"#0","tintindex":0}}}],"display":{"head":{"translation":[0.0,-6.4,0.0],"scale":[4.0,4.0,4.0]}}}