{"textures":{"0":"modelengine:entity/clang_ai_glow"},"elements":[{"from":[7.1099367,6.8797874,7.714286],"to":[8.824223,10.879787,8.285714],"rotation":{"angle":0.0,"axis":"y","origin":[5.663803,-15.579918,7.142857]},"faces":{"east":{"uv":[6.625,10.375,6.75,11.25],"rotation":0,"texture":"#0","tintindex":0},"south":{"uv":[4.625,8.875,5.0,9.75],"rotation":0,"texture":"#0","tintindex":0},"north":{"uv":[4.125,8.875,4.5,9.75],"rotation":0,"texture":"#0","tintindex":0},"west":{"uv":[4.375,10.625,4.5,11.5],"rotation":0,"texture":"#0","tintindex":0},"up":{"uv":[2.125,3.375,1.75,3.25],"rotation":0,"texture":"#0","tintindex":0},"down":{"uv":[3.0,3.5,2.625,3.625],"rotation":0,"texture":"#0","tintindex":0}}},{"from":[6.8242226,10.879787,7.428571],"to":[9.109937,13.165503,8.571428],"rotation":{"angle":0.0,"axis":"y","origin":[5.663803,-15.579918,7.142857]},"faces":{"east":{"uv":[0.75,10.75,1.0,11.25],"rotation":0,"texture":"#0","tintindex":0},"south":{"uv":[1.125,9.25,1.625,9.75],"rotation":0,"texture":"#0","tintindex":0},"north":{"uv":[9.25,0.875,9.75,1.375],"rotation":0,"texture":"#0","tintindex":0},"west":{"uv":[10.75,2.375,11.0,2.875],"rotation":0,"texture":"#0","tintindex":0},"up":{"uv":[8.0,6.5,7.5,6.25],"rotation":0,"texture":"#0","tintindex":0},"down":{"uv":[8.875,4.5,8.375,4.75],"rotation":0,"texture":"#0","tintindex":0}}}],"display":{"head":{"translation":[0.0,-6.4,0.0],"scale":[4.0,4.0,4.0]}}}