{"textures":{"0":"modelengine:entity/clang_ai_glow"},"elements":[{"from":[7.1757774,6.8797874,7.714286],"to":[8.890063,10.879787,8.285714],"rotation":{"angle":0.0,"axis":"y","origin":[10.336197,-15.579918,7.142857]},"faces":{"east":{"uv":[8.25,10.625,8.375,11.5],"rotation":0,"texture":"#0","tintindex":0},"south":{"uv":[5.625,8.875,6.0,9.75],"rotation":0,"texture":"#0","tintindex":0},"north":{"uv":[5.125,8.875,5.5,9.75],"rotation":0,"texture":"#0","tintindex":0},"west":{"uv":[3.375,10.75,3.5,11.625],"rotation":0,"texture":"#0","tintindex":0},"up":{"uv":[9.5,4.375,9.125,4.25],"rotation":0,"texture":"#0","tintindex":0},"down":{"uv":[11.5,10.125,11.125,10.25],"rotation":0,"texture":"#0","tintindex":0}}},{"from":[6.8900633,10.879787,7.428571],"to":[9.175777,13.165503,8.571428],"rotation":{"angle":0.0,"axis":"y","origin":[10.336197,-15.579918,7.142857]},"faces":{"east":{"uv":[2.625,10.75,2.875,11.25],"rotation":0,"texture":"#0","tintindex":0},"south":{"uv":[2.875,9.375,3.375,9.875],"rotation":0,"texture":"#0","tintindex":0},"north":{"uv":[6.5,9.25,7.0,9.75],"rotation":0,"texture":"#0","tintindex":0},"west":{"uv":[3.0,10.75,3.25,11.25],"rotation":0,"texture":"#0","tintindex":0},"up":{"uv":[11.125,0.25,10.625,0.0],"rotation":0,"texture":"#0","tintindex":0},"down":{"uv":[11.125,9.125,10.625,9.375],"rotation":0,"texture":"#0","tintindex":0}}}],"display":{"head":{"translation":[0.0,-6.4,0.0],"scale":[4.0,4.0,4.0]}}}