{"textures":{"0":"modelengine:entity/clang_ai_glow"},"elements":[{"from":[6.0,5.142857,6.0],"to":[10.0,8.0,10.0],"rotation":{"angle":0.0,"axis":"y","origin":[8.0,16.285715,8.0]},"faces":{"east":{"uv":[6.375,0.0,7.25,0.625],"rotation":0,"texture":"#0","tintindex":0},"south":{"uv":[6.375,2.25,7.25,2.875],"rotation":0,"texture":"#0","tintindex":0},"north":{"uv":[0.0,6.25,0.875,6.875],"rotation":0,"texture":"#0","tintindex":0},"west":{"uv":[1.0,6.5,1.875,7.125],"rotation":0,"texture":"#0","tintindex":0},"up":{"uv":[5.5,4.125,4.625,3.25],"rotation":0,"texture":"#0","tintindex":0},"down":{"uv":[5.5,4.25,4.625,5.125],"rotation":0,"texture":"#0","tintindex":0}}},{"from":[6.5714283,5.142857,3.142857],"to":[9.428572,7.428571,6.0],"rotation":{"angle":0.0,"axis":"y","origin":[8.0,16.285715,8.0]},"faces":{"east":{"uv":[9.125,2.0,9.75,2.5],"rotation":0,"texture":"#0","tintindex":0},"south":{"uv":[9.125,2.625,9.75,3.125],"rotation":0,"texture":"#0","tintindex":0},"north":{"uv":[9.0,4.5,9.625,5.0],"rotation":0,"texture":"#0","tintindex":0},"west":{"uv":[9.125,3.25,9.75,3.75],"rotation":0,"texture":"#0","tintindex":0},"up":{"uv":[9.125,1.375,8.5,0.75],"rotation":0,"texture":"#0","tintindex":0},"down":{"uv":[2.0,8.5,1.375,9.125],"rotation":0,"texture":"#0","tintindex":0}}},{"from":[7.142857,5.142857,1.9999995],"to":[8.857143,6.285714,3.142857],"rotation":{"angle":0.0,"axis":"y","origin":[8.0,16.285715,8.0]},"faces":{"east":{"uv":[11.25,9.5,11.5,9.75],"rotation":0,"texture":"#0","tintindex":0},"south":{"uv":[11.125,4.0,11.5,4.25],"rotation":0,"texture":"#0","tintindex":0},"north":{"uv":[3.625,11.125,4.0,11.375],"rotation":0,"texture":"#0","tintindex":0},"west":{"uv":[9.625,11.25,9.875,11.5],"rotation":0,"texture":"#0","tintindex":0},"up":{"uv":[11.5,4.625,11.125,4.375],"rotation":0,"texture":"#0","tintindex":0},"down":{"uv":[5.0,11.125,4.625,11.375],"rotation":0,"texture":"#0","tintindex":0}}},{"from":[7.142857,7.142857,4.285714],"to":[8.857143,8.857143,4.8571424],"rotation":{"angle":-22.5,"axis":"x","origin":[8.0,8.571428,4.5714283]},"faces":{"east":{"uv":[3.25,10.0,3.375,10.375],"rotation":0,"texture":"#0","tintindex":0},"south":{"uv":[10.625,4.25,11.0,4.625],"rotation":0,"texture":"#0","tintindex":0},"north":{"uv":[3.875,10.625,4.25,11.0],"rotation":0,"texture":"#0","tintindex":0},"west":{"uv":[6.375,10.875,6.5,11.25],"rotation":0,"texture":"#0","tintindex":0},"up":{"uv":[11.625,10.5,11.25,10.375],"rotation":0,"texture":"#0","tintindex":0},"down":{"uv":[11.625,10.625,11.25,10.75],"rotation":0,"texture":"#0","tintindex":0}}},{"from":[8.570231,7.1111298,3.9812403],"to":[9.14166,8.825416,5.1240973],"rotation":{"angle":22.5,"axis":"y","origin":[9.998803,8.396844,4.5526686]},"faces":{"east":{"uv":[5.125,11.125,5.375,11.5],"rotation":0,"texture":"#0","tintindex":0},"south":{"uv":[8.0,11.25,8.125,11.625],"rotation":0,"texture":"#0","tintindex":0},"north":{"uv":[4.125,11.125,4.25,11.5],"rotation":0,"texture":"#0","tintindex":0},"west":{"uv":[11.125,7.25,11.375,7.625],"rotation":0,"texture":"#0","tintindex":0},"up":{"uv":[1.125,11.75,1.0,11.5],"rotation":0,"texture":"#0","tintindex":0},"down":{"uv":[1.375,11.5,1.25,11.75],"rotation":0,"texture":"#0","tintindex":0}}},{"from":[6.8583403,7.1111298,3.9812403],"to":[7.4297686,8.825416,5.1240973],"rotation":{"angle":-22.5,"axis":"y","origin":[6.0011973,8.396844,4.5526686]},"faces":{"east":{"uv":[11.125,7.75,11.375,8.125],"rotation":0,"texture":"#0","tintindex":0},"south":{"uv":[0.25,11.375,0.375,11.75],"rotation":0,"texture":"#0","tintindex":0},"north":{"uv":[0.0,11.375,0.125,11.75],"rotation":0,"texture":"#0","tintindex":0},"west":{"uv":[8.5,11.125,8.75,11.5],"rotation":0,"texture":"#0","tintindex":0},"up":{"uv":[1.625,11.75,1.5,11.5],"rotation":0,"texture":"#0","tintindex":0},"down":{"uv":[1.875,11.5,1.75,11.75],"rotation":0,"texture":"#0","tintindex":0}}},{"from":[7.714286,7.142857,4.428571],"to":[8.285714,8.285714,5.0],"rotation":{"angle":22.5,"axis":"x","origin":[8.0,8.571428,4.5714283]},"faces":{"east":{"uv":[11.5,2.5,11.625,2.75],"rotation":0,"texture":"#0","tintindex":0},"south":{"uv":[11.5,2.875,11.625,3.125],"rotation":0,"texture":"#0","tintindex":0},"north":{"uv":[11.5,2.125,11.625,2.375],"rotation":0,"texture":"#0","tintindex":0},"west":{"uv":[11.5,3.25,11.625,3.5],"rotation":0,"texture":"#0","tintindex":0},"up":{"uv":[3.375,10.625,3.25,10.5],"rotation":0,"texture":"#0","tintindex":0},"down":{"uv":[10.875,4.0,10.75,4.125],"rotation":0,"texture":"#0","tintindex":0}}},{"from":[7.714286,4.285714,3.0],"to":[8.285714,5.428571,3.5714283],"rotation":{"angle":22.5,"axis":"x","origin":[8.0,8.285714,4.5714283]},"faces":{"east":{"uv":[3.875,11.5,4.0,11.75],"rotation":0,"texture":"#0","tintindex":0},"south":{"uv":[4.625,11.5,4.75,11.75],"rotation":0,"texture":"#0","tintindex":0},"north":{"uv":[3.625,11.5,3.75,11.75],"rotation":0,"texture":"#0","tintindex":0},"west":{"uv":[4.875,11.5,5.0,11.75],"rotation":0,"texture":"#0","tintindex":0},"up":{"uv":[10.125,10.875,10.0,10.75],"rotation":0,"texture":"#0","tintindex":0},"down":{"uv":[11.375,10.875,11.25,11.0],"rotation":0,"texture":"#0","tintindex":0}}},{"from":[6.5714283,0.5714283,8.0],"to":[9.428572,5.142857,8.0],"rotation":{"angle":0.0,"axis":"y","origin":[8.285714,4.5714283,7.428571]},"faces":{"east":{"uv":[0.0,0.0,0.0,1.0],"rotation":0,"texture":"#0","tintindex":0},"south":{"uv":[15.0,0.0,15.625,1.0],"rotation":0,"texture":"#0","tintindex":0},"north":{"uv":[15.0,0.0,15.625,1.0],"rotation":0,"texture":"#0","tintindex":0},"west":{"uv":[0.0,0.0,0.0,1.0],"rotation":0,"texture":"#0","tintindex":0},"up":{"uv":[0.0,0.0,1.0,0.0],"rotation":0,"texture":"#0","tintindex":0},"down":{"uv":[0.0,0.0,1.0,0.0],"rotation":0,"texture":"#0","tintindex":0}}},{"from":[8.0,0.5714283,6.5714283],"to":[8.0,5.142857,9.428572],"rotation":{"angle":0.0,"axis":"y","origin":[8.0,4.5714283,7.714286]},"faces":{"east":{"uv":[15.0,0.0,15.625,1.0],"rotation":0,"texture":"#0","tintindex":0},"south":{"uv":[0.0,0.0,1.0,1.0],"rotation":0,"texture":"#0","tintindex":0},"north":{"uv":[5.0,0.375,10.0,13.625],"rotation":0,"texture":"#0","tintindex":0},"west":{"uv":[15.0,0.0,15.625,1.0],"rotation":0,"texture":"#0","tintindex":0},"up":{"uv":[0.0,0.0,1.0,0.0],"rotation":0,"texture":"#0","tintindex":0},"down":{"uv":[0.0,0.0,1.0,0.0],"rotation":0,"texture":"#0","tintindex":0}}}],"display":{"head":{"translation":[0.0,-6.4,0.0],"scale":[4.0,4.0,4.0]}}}