{"textures":{"0":"modelengine:entity/clang_ai_glow"},"elements":[{"from":[6.0,5.142857,6.0],"to":[10.0,8.0,10.0],"rotation":{"angle":0.0,"axis":"y","origin":[8.0,16.285715,8.0]},"faces":{"east":{"uv":[5.875,6.0,6.75,6.625],"rotation":0,"texture":"#0","tintindex":0},"south":{"uv":[6.125,0.75,7.0,1.375],"rotation":0,"texture":"#0","tintindex":0},"north":{"uv":[4.875,6.0,5.75,6.625],"rotation":0,"texture":"#0","tintindex":0},"west":{"uv":[6.125,1.5,7.0,2.125],"rotation":0,"texture":"#0","tintindex":0},"up":{"uv":[5.125,0.875,4.25,0.0],"rotation":0,"texture":"#0","tintindex":0},"down":{"uv":[0.875,4.5,0.0,5.375],"rotation":0,"texture":"#0","tintindex":0}}},{"from":[6.5714283,5.142857,3.142857],"to":[9.428572,7.428571,6.0],"rotation":{"angle":0.0,"axis":"y","origin":[8.0,16.285715,8.0]},"faces":{"east":{"uv":[8.875,6.875,9.5,7.375],"rotation":0,"texture":"#0","tintindex":0},"south":{"uv":[8.625,8.875,9.25,9.375],"rotation":0,"texture":"#0","tintindex":0},"north":{"uv":[8.875,6.25,9.5,6.75],"rotation":0,"texture":"#0","tintindex":0},"west":{"uv":[2.125,9.0,2.75,9.5],"rotation":0,"texture":"#0","tintindex":0},"up":{"uv":[5.125,8.75,4.5,8.125],"rotation":0,"texture":"#0","tintindex":0},"down":{"uv":[5.875,8.125,5.25,8.75],"rotation":0,"texture":"#0","tintindex":0}}},{"from":[7.142857,5.142857,1.9999995],"to":[8.857143,6.285714,3.142857],"rotation":{"angle":0.0,"axis":"y","origin":[8.0,16.285715,8.0]},"faces":{"east":{"uv":[11.25,9.125,11.5,9.375],"rotation":0,"texture":"#0","tintindex":0},"south":{"uv":[11.125,1.375,11.5,1.625],"rotation":0,"texture":"#0","tintindex":0},"north":{"uv":[1.125,11.125,1.5,11.375],"rotation":0,"texture":"#0","tintindex":0},"west":{"uv":[9.25,11.25,9.5,11.5],"rotation":0,"texture":"#0","tintindex":0},"up":{"uv":[2.0,11.375,1.625,11.125],"rotation":0,"texture":"#0","tintindex":0},"down":{"uv":[11.5,1.75,11.125,2.0],"rotation":0,"texture":"#0","tintindex":0}}},{"from":[7.142857,7.142857,4.285714],"to":[8.857143,8.857143,4.8571424],"rotation":{"angle":-22.5,"axis":"x","origin":[8.0,8.571428,4.5714283]},"faces":{"east":{"uv":[4.375,4.75,4.5,5.125],"rotation":0,"texture":"#0","tintindex":0},"south":{"uv":[10.25,10.5,10.625,10.875],"rotation":0,"texture":"#0","tintindex":0},"north":{"uv":[10.5,7.0,10.875,7.375],"rotation":0,"texture":"#0","tintindex":0},"west":{"uv":[6.625,5.5,6.75,5.875],"rotation":0,"texture":"#0","tintindex":0},"up":{"uv":[11.625,1.25,11.25,1.125],"rotation":0,"texture":"#0","tintindex":0},"down":{"uv":[11.625,6.625,11.25,6.75],"rotation":0,"texture":"#0","tintindex":0}}},{"from":[6.8583403,7.1111298,3.9812403],"to":[7.4297686,8.825416,5.1240973],"rotation":{"angle":-22.5,"axis":"y","origin":[6.0011973,8.396844,4.5526686]},"faces":{"east":{"uv":[2.125,11.125,2.375,11.5],"rotation":0,"texture":"#0","tintindex":0},"south":{"uv":[2.125,8.5,2.25,8.875],"rotation":0,"texture":"#0","tintindex":0},"north":{"uv":[1.375,7.875,1.5,8.25],"rotation":0,"texture":"#0","tintindex":0},"west":{"uv":[11.125,2.125,11.375,2.5],"rotation":0,"texture":"#0","tintindex":0},"up":{"uv":[9.125,11.0,9.0,10.75],"rotation":0,"texture":"#0","tintindex":0},"down":{"uv":[7.75,10.875,7.625,11.125],"rotation":0,"texture":"#0","tintindex":0}}},{"from":[8.570231,7.1111298,3.9812403],"to":[9.14166,8.825416,5.1240973],"rotation":{"angle":22.5,"axis":"y","origin":[9.998803,8.396844,4.5526686]},"faces":{"east":{"uv":[11.125,2.625,11.375,3.0],"rotation":0,"texture":"#0","tintindex":0},"south":{"uv":[0.375,9.0,0.5,9.375],"rotation":0,"texture":"#0","tintindex":0},"north":{"uv":[1.125,8.625,1.25,9.0],"rotation":0,"texture":"#0","tintindex":0},"west":{"uv":[11.125,3.125,11.375,3.5],"rotation":0,"texture":"#0","tintindex":0},"up":{"uv":[0.625,11.625,0.5,11.375],"rotation":0,"texture":"#0","tintindex":0},"down":{"uv":[0.875,11.375,0.75,11.625],"rotation":0,"texture":"#0","tintindex":0}}},{"from":[7.714286,7.142857,4.428571],"to":[8.285714,8.285714,5.0],"rotation":{"angle":22.5,"axis":"x","origin":[8.0,8.571428,4.5714283]},"faces":{"east":{"uv":[2.75,11.375,2.875,11.625],"rotation":0,"texture":"#0","tintindex":0},"south":{"uv":[3.0,11.375,3.125,11.625],"rotation":0,"texture":"#0","tintindex":0},"north":{"uv":[2.5,11.375,2.625,11.625],"rotation":0,"texture":"#0","tintindex":0},"west":{"uv":[5.875,11.375,6.0,11.625],"rotation":0,"texture":"#0","tintindex":0},"up":{"uv":[0.5,9.625,0.375,9.5],"rotation":0,"texture":"#0","tintindex":0},"down":{"uv":[1.625,9.875,1.5,10.0],"rotation":0,"texture":"#0","tintindex":0}}},{"from":[7.714286,4.285714,3.0],"to":[8.285714,5.428571,3.5714283],"rotation":{"angle":22.5,"axis":"x","origin":[8.0,8.285714,4.5714283]},"faces":{"east":{"uv":[6.375,11.375,6.5,11.625],"rotation":0,"texture":"#0","tintindex":0},"south":{"uv":[6.625,11.375,6.75,11.625],"rotation":0,"texture":"#0","tintindex":0},"north":{"uv":[6.125,11.375,6.25,11.625],"rotation":0,"texture":"#0","tintindex":0},"west":{"uv":[7.25,11.375,7.375,11.625],"rotation":0,"texture":"#0","tintindex":0},"up":{"uv":[10.375,3.25,10.25,3.125],"rotation":0,"texture":"#0","tintindex":0},"down":{"uv":[8.0,10.375,7.875,10.5],"rotation":0,"texture":"#0","tintindex":0}}},{"from":[8.0,0.5714283,6.5714283],"to":[8.0,5.142857,9.428572],"rotation":{"angle":0.0,"axis":"y","origin":[8.0,4.5714283,7.714286]},"faces":{"east":{"uv":[15.0,0.0,15.625,1.0],"rotation":0,"texture":"#0","tintindex":0},"south":{"uv":[1.0,0.0,0.0,1.0],"rotation":0,"texture":"#0","tintindex":0},"north":{"uv":[10.0,0.375,5.0,13.625],"rotation":0,"texture":"#0","tintindex":0},"west":{"uv":[15.0,0.0,15.625,1.0],"rotation":0,"texture":"#0","tintindex":0},"up":{"uv":[1.0,0.0,0.0,0.0],"rotation":0,"texture":"#0","tintindex":0},"down":{"uv":[1.0,0.0,0.0,0.0],"rotation":0,"texture":"#0","tintindex":0}}},{"from":[6.5714283,0.5714283,8.0],"to":[9.428572,5.142857,8.0],"rotation":{"angle":0.0,"axis":"y","origin":[7.714286,4.5714283,7.428571]},"faces":{"east":{"uv":[0.0,0.0,0.0,1.0],"rotation":0,"texture":"#0","tintindex":0},"south":{"uv":[15.0,0.0,15.625,1.0],"rotation":0,"texture":"#0","tintindex":0},"north":{"uv":[15.0,0.0,15.625,1.0],"rotation":0,"texture":"#0","tintindex":0},"west":{"uv":[0.0,0.0,0.0,1.0],"rotation":0,"texture":"#0","tintindex":0},"up":{"uv":[1.0,0.0,0.0,0.0],"rotation":0,"texture":"#0","tintindex":0},"down":{"uv":[1.0,0.0,0.0,0.0],"rotation":0,"texture":"#0","tintindex":0}}}],"display":{"head":{"translation":[0.0,-6.4,0.0],"scale":[4.0,4.0,4.0]}}}