{"textures":{"0":"modelengine:entity/clang_ai_glow"},"elements":[{"from":[6.285714,7.142857,7.142857],"to":[8.0,8.857143,8.857143],"rotation":{"angle":0.0,"axis":"y","origin":[12.571428,-9.1428585,8.285714]},"faces":{"east":{"uv":[4.625,10.25,5.0,10.625],"rotation":0,"texture":"#0","tintindex":0},"south":{"uv":[10.25,5.0,10.625,5.375],"rotation":0,"texture":"#0","tintindex":0},"north":{"uv":[10.25,3.75,10.625,4.125],"rotation":0,"texture":"#0","tintindex":0},"west":{"uv":[5.125,10.25,5.5,10.625],"rotation":0,"texture":"#0","tintindex":0},"up":{"uv":[10.625,5.875,10.25,5.5],"rotation":0,"texture":"#0","tintindex":0},"down":{"uv":[6.0,10.25,5.625,10.625],"rotation":0,"texture":"#0","tintindex":0}}},{"from":[5.142857,6.0,6.0],"to":[6.285714,10.0,10.0],"rotation":{"angle":0.0,"axis":"y","origin":[12.571428,-9.1428585,8.285714]},"faces":{"east":{"uv":[2.625,3.75,3.5,4.625],"rotation":0,"texture":"#0","tintindex":0},"south":{"uv":[2.5,9.625,2.75,10.5],"rotation":0,"texture":"#0","tintindex":0},"north":{"uv":[7.125,9.25,7.375,10.125],"rotation":0,"texture":"#0","tintindex":0},"west":{"uv":[3.625,3.75,4.5,4.625],"rotation":0,"texture":"#0","tintindex":0},"up":{"uv":[9.875,7.0,9.625,6.125],"rotation":0,"texture":"#0","tintindex":0},"down":{"uv":[8.375,9.625,8.125,10.5],"rotation":0,"texture":"#0","tintindex":0}}},{"from":[4.0,6.5714283,6.5714283],"to":[5.142857,9.428572,9.428572],"rotation":{"angle":0.0,"axis":"y","origin":[12.571428,-9.1428585,8.285714]},"faces":{"east":{"uv":[7.5,5.5,8.125,6.125],"rotation":0,"texture":"#0","tintindex":0},"south":{"uv":[9.875,2.625,10.125,3.25],"rotation":0,"texture":"#0","tintindex":0},"north":{"uv":[1.125,9.875,1.375,10.5],"rotation":0,"texture":"#0","tintindex":0},"west":{"uv":[7.625,2.625,8.25,3.25],"rotation":0,"texture":"#0","tintindex":0},"up":{"uv":[4.125,10.5,3.875,9.875],"rotation":0,"texture":"#0","tintindex":0},"down":{"uv":[4.5,9.875,4.25,10.5],"rotation":0,"texture":"#0","tintindex":0}}}],"display":{"head":{"translation":[0.0,-6.4,0.0],"scale":[4.0,4.0,4.0]}}}