{"textures":{"0":"modelengine:entity/clang_ai_glow"},"elements":[{"from":[8.0,7.142857,7.142857],"to":[9.714286,8.857143,8.857143],"rotation":{"angle":0.0,"axis":"y","origin":[3.4285712,-9.1428585,8.285714]},"faces":{"east":{"uv":[10.25,7.5,10.625,7.875],"rotation":0,"texture":"#0","tintindex":0},"south":{"uv":[10.25,8.0,10.625,8.375],"rotation":0,"texture":"#0","tintindex":0},"north":{"uv":[6.875,10.25,7.25,10.625],"rotation":0,"texture":"#0","tintindex":0},"west":{"uv":[10.25,9.5,10.625,9.875],"rotation":0,"texture":"#0","tintindex":0},"up":{"uv":[10.125,10.625,9.75,10.25],"rotation":0,"texture":"#0","tintindex":0},"down":{"uv":[10.625,10.0,10.25,10.375],"rotation":0,"texture":"#0","tintindex":0}}},{"from":[9.714286,6.0,6.0],"to":[10.857143,10.0,10.0],"rotation":{"angle":0.0,"axis":"y","origin":[3.4285712,-9.1428585,8.285714]},"faces":{"east":{"uv":[4.0,1.25,4.875,2.125],"rotation":0,"texture":"#0","tintindex":0},"south":{"uv":[0.375,9.75,0.625,10.625],"rotation":0,"texture":"#0","tintindex":0},"north":{"uv":[9.375,9.625,9.625,10.5],"rotation":0,"texture":"#0","tintindex":0},"west":{"uv":[4.0,2.25,4.875,3.125],"rotation":0,"texture":"#0","tintindex":0},"up":{"uv":[1.0,10.625,0.75,9.75],"rotation":0,"texture":"#0","tintindex":0},"down":{"uv":[3.75,9.75,3.5,10.625],"rotation":0,"texture":"#0","tintindex":0}}},{"from":[10.857143,6.5714283,6.5714283],"to":[12.0,9.428572,9.428572],"rotation":{"angle":0.0,"axis":"y","origin":[3.4285712,-9.1428585,8.285714]},"faces":{"east":{"uv":[7.625,3.375,8.25,4.0],"rotation":0,"texture":"#0","tintindex":0},"south":{"uv":[10.0,6.125,10.25,6.75],"rotation":0,"texture":"#0","tintindex":0},"north":{"uv":[2.875,10.0,3.125,10.625],"rotation":0,"texture":"#0","tintindex":0},"west":{"uv":[7.625,4.125,8.25,4.75],"rotation":0,"texture":"#0","tintindex":0},"up":{"uv":[8.75,10.625,8.5,10.0],"rotation":0,"texture":"#0","tintindex":0},"down":{"uv":[9.125,10.0,8.875,10.625],"rotation":0,"texture":"#0","tintindex":0}}}],"display":{"head":{"translation":[0.0,-6.4,0.0],"scale":[4.0,4.0,4.0]}}}