{"textures":{"0":"modelengine:entity/clang_ai_glow"},"elements":[{"from":[6.857143,5.142857,6.857143],"to":[10.285714,10.285714,10.285714],"rotation":{"angle":0.0,"axis":"y","origin":[8.571428,6.857143,9.142858]},"faces":{"east":{"uv":[2.5,0.0,3.25,1.125],"rotation":0,"texture":"#0","tintindex":0},"south":{"uv":[0.0,3.0,0.75,4.125],"rotation":0,"texture":"#0","tintindex":0},"north":{"uv":[2.25,2.25,3.0,3.375],"rotation":0,"texture":"#0","tintindex":0},"west":{"uv":[3.125,1.25,3.875,2.375],"rotation":0,"texture":"#0","tintindex":0},"up":{"uv":[3.875,6.375,3.125,5.625],"rotation":0,"texture":"#0","tintindex":0},"down":{"uv":[6.375,3.25,5.625,4.0],"rotation":0,"texture":"#0","tintindex":0}}}],"display":{"head":{"translation":[0.0,-6.4,0.0],"scale":[4.0,4.0,4.0]}}}