{"textures":{"0":"modelengine:entity/clang_ai_glow"},"elements":[{"from":[5.714286,5.142857,6.857143],"to":[9.142858,10.285714,10.285714],"rotation":{"angle":0.0,"axis":"y","origin":[7.428571,6.857143,9.142858]},"faces":{"east":{"uv":[0.875,3.25,1.625,4.375],"rotation":0,"texture":"#0","tintindex":0},"south":{"uv":[3.375,0.0,4.125,1.125],"rotation":0,"texture":"#0","tintindex":0},"north":{"uv":[3.125,2.5,3.875,3.625],"rotation":0,"texture":"#0","tintindex":0},"west":{"uv":[1.75,3.5,2.5,4.625],"rotation":0,"texture":"#0","tintindex":0},"up":{"uv":[6.375,4.875,5.625,4.125],"rotation":0,"texture":"#0","tintindex":0},"down":{"uv":[4.75,6.0,4.0,6.75],"rotation":0,"texture":"#0","tintindex":0}}}],"display":{"head":{"translation":[0.0,-6.4,0.0],"scale":[4.0,4.0,4.0]}}}