{"textures":{"0":"modelengine:entity/clang_ai_glow"},"elements":[{"from":[7.142857,7.428571,7.857143],"to":[8.857143,9.142858,9.571428],"rotation":{"angle":-22.5,"axis":"x","origin":[8.0,7.428571,8.857143]},"faces":{"east":{"uv":[10.625,1.375,11.0,1.75],"rotation":0,"texture":"#0","tintindex":0},"south":{"uv":[1.625,10.625,2.0,11.0],"rotation":0,"texture":"#0","tintindex":0},"north":{"uv":[1.125,10.625,1.5,11.0],"rotation":0,"texture":"#0","tintindex":0},"west":{"uv":[10.625,1.875,11.0,2.25],"rotation":0,"texture":"#0","tintindex":0},"up":{"uv":[2.5,11.0,2.125,10.625],"rotation":0,"texture":"#0","tintindex":0},"down":{"uv":[11.0,3.125,10.625,3.5],"rotation":0,"texture":"#0","tintindex":0}}},{"from":[6.5714283,5.142857,7.5714283],"to":[9.428572,8.0,10.428572],"rotation":{"angle":0.0,"axis":"y","origin":[8.0,10.857143,8.857143]},"faces":{"east":{"uv":[8.125,6.25,8.75,6.875],"rotation":0,"texture":"#0","tintindex":0},"south":{"uv":[8.125,7.0,8.75,7.625],"rotation":0,"texture":"#0","tintindex":0},"north":{"uv":[6.0,8.125,6.625,8.75],"rotation":0,"texture":"#0","tintindex":0},"west":{"uv":[2.375,8.25,3.0,8.875],"rotation":0,"texture":"#0","tintindex":0},"up":{"uv":[8.875,5.5,8.25,4.875],"rotation":0,"texture":"#0","tintindex":0},"down":{"uv":[9.0,2.25,8.375,2.875],"rotation":0,"texture":"#0","tintindex":0}}},{"from":[7.142857,4.0,7.714286],"to":[8.857143,8.571428,10.0],"rotation":{"angle":0.0,"axis":"y","origin":[8.0,10.857143,8.857143]},"faces":{"east":{"uv":[0.0,7.0,0.5,8.0],"rotation":0,"texture":"#0","tintindex":0},"south":{"uv":[8.625,7.75,9.0,8.75],"rotation":0,"texture":"#0","tintindex":0},"north":{"uv":[7.625,8.625,8.0,9.625],"rotation":0,"texture":"#0","tintindex":0},"west":{"uv":[7.125,0.75,7.625,1.75],"rotation":0,"texture":"#0","tintindex":0},"up":{"uv":[10.125,10.125,9.75,9.625],"rotation":0,"texture":"#0","tintindex":0},"down":{"uv":[10.25,0.875,9.875,1.375],"rotation":0,"texture":"#0","tintindex":0}}},{"from":[6.5714283,2.5714283,7.428571],"to":[9.428572,4.285714,10.285714],"rotation":{"angle":0.0,"axis":"y","origin":[8.0,10.857143,8.857143]},"faces":{"east":{"uv":[9.5,8.0,10.125,8.375],"rotation":0,"texture":"#0","tintindex":0},"south":{"uv":[8.625,9.5,9.25,9.875],"rotation":0,"texture":"#0","tintindex":0},"north":{"uv":[9.5,7.5,10.125,7.875],"rotation":0,"texture":"#0","tintindex":0},"west":{"uv":[1.75,9.625,2.375,10.0],"rotation":0,"texture":"#0","tintindex":0},"up":{"uv":[9.0,3.625,8.375,3.0],"rotation":0,"texture":"#0","tintindex":0},"down":{"uv":[9.0,3.75,8.375,4.375],"rotation":0,"texture":"#0","tintindex":0}}}],"display":{"head":{"translation":[0.0,-6.4,0.0],"scale":[4.0,4.0,4.0]}}}