{"textures":{"0":"modelengine:entity/clang_ai_glow"},"elements":[{"from":[7.142857,7.428571,7.857143],"to":[8.857143,9.142858,9.571428],"rotation":{"angle":-22.5,"axis":"x","origin":[8.0,7.428571,8.857143]},"faces":{"east":{"uv":[10.375,0.875,10.75,1.25],"rotation":0,"texture":"#0","tintindex":0},"south":{"uv":[10.375,6.0,10.75,6.375],"rotation":0,"texture":"#0","tintindex":0},"north":{"uv":[10.375,0.375,10.75,0.75],"rotation":0,"texture":"#0","tintindex":0},"west":{"uv":[6.125,10.375,6.5,10.75],"rotation":0,"texture":"#0","tintindex":0},"up":{"uv":[10.75,6.875,10.375,6.5],"rotation":0,"texture":"#0","tintindex":0},"down":{"uv":[7.75,10.375,7.375,10.75],"rotation":0,"texture":"#0","tintindex":0}}},{"from":[6.5714283,5.142857,7.5714283],"to":[9.428572,8.0,10.428572],"rotation":{"angle":0.0,"axis":"y","origin":[8.0,10.857143,8.857143]},"faces":{"east":{"uv":[1.625,7.75,2.25,8.375],"rotation":0,"texture":"#0","tintindex":0},"south":{"uv":[0.625,7.875,1.25,8.5],"rotation":0,"texture":"#0","tintindex":0},"north":{"uv":[7.75,0.75,8.375,1.375],"rotation":0,"texture":"#0","tintindex":0},"west":{"uv":[7.125,7.875,7.75,8.5],"rotation":0,"texture":"#0","tintindex":0},"up":{"uv":[8.5,8.5,7.875,7.875],"rotation":0,"texture":"#0","tintindex":0},"down":{"uv":[4.375,8.0,3.75,8.625],"rotation":0,"texture":"#0","tintindex":0}}},{"from":[7.1571426,4.0,7.714286],"to":[8.842857,8.571428,10.0],"rotation":{"angle":0.0,"axis":"y","origin":[8.0,10.857143,8.857143]},"faces":{"east":{"uv":[4.25,6.875,4.75,7.875],"rotation":0,"texture":"#0","tintindex":0},"south":{"uv":[0.625,8.625,1.0,9.625],"rotation":0,"texture":"#0","tintindex":0},"north":{"uv":[3.125,8.25,3.5,9.25],"rotation":0,"texture":"#0","tintindex":0},"west":{"uv":[6.875,5.5,7.375,6.5],"rotation":0,"texture":"#0","tintindex":0},"up":{"uv":[8.125,5.375,7.75,4.875],"rotation":0,"texture":"#0","tintindex":0},"down":{"uv":[7.875,9.75,7.5,10.25],"rotation":0,"texture":"#0","tintindex":0}}},{"from":[6.5714283,2.5714283,7.428571],"to":[9.428572,4.285714,10.285714],"rotation":{"angle":0.0,"axis":"y","origin":[8.0,10.857143,8.857143]},"faces":{"east":{"uv":[9.375,9.125,10.0,9.5],"rotation":0,"texture":"#0","tintindex":0},"south":{"uv":[9.5,5.125,10.125,5.5],"rotation":0,"texture":"#0","tintindex":0},"north":{"uv":[9.375,8.625,10.0,9.0],"rotation":0,"texture":"#0","tintindex":0},"west":{"uv":[9.5,5.625,10.125,6.0],"rotation":0,"texture":"#0","tintindex":0},"up":{"uv":[8.75,0.625,8.125,0.0],"rotation":0,"texture":"#0","tintindex":0},"down":{"uv":[8.75,1.5,8.125,2.125],"rotation":0,"texture":"#0","tintindex":0}}}],"display":{"head":{"translation":[0.0,-6.4,0.0],"scale":[4.0,4.0,4.0]}}}