{"textures":{"0":"modelengine:entity/snowy_creeper"},"elements":[{"from":[5.142857,8.0,5.142857],"to":[10.857143,13.714286,10.857143],"rotation":{"angle":0.0,"axis":"y","origin":[8.0,10.857143,8.0]},"faces":{"east":{"uv":[0.0,2.5,2.5,5.0],"rotation":0,"texture":"#0","tintindex":0},"south":{"uv":[7.5,2.5,10.0,5.0],"rotation":0,"texture":"#0","tintindex":0},"north":{"uv":[2.5,2.5,5.0,5.0],"rotation":0,"texture":"#0","tintindex":0},"west":{"uv":[5.0,2.5,7.5,5.0],"rotation":0,"texture":"#0","tintindex":0},"up":{"uv":[5.0,2.5,2.5,0.0],"rotation":0,"texture":"#0","tintindex":0},"down":{"uv":[7.5,0.0,5.0,2.5],"rotation":0,"texture":"#0","tintindex":0}}},{"from":[4.0,8.571428,6.857143],"to":[12.0,14.857143,6.857143],"rotation":{"angle":0.0,"axis":"y","origin":[8.0,-2.285715,8.0]},"faces":{"east":{"uv":[7.0,5.0,7.0,7.75],"rotation":0,"texture":"#0","tintindex":0},"south":{"uv":[10.5,5.0,7.0,7.75],"rotation":0,"texture":"#0","tintindex":0},"north":{"uv":[7.0,5.0,10.5,7.75],"rotation":0,"texture":"#0","tintindex":0},"west":{"uv":[10.5,5.0,10.5,7.75],"rotation":0,"texture":"#0","tintindex":0},"up":{"uv":[10.5,5.0,7.0,5.0],"rotation":0,"texture":"#0","tintindex":0},"down":{"uv":[14.0,5.0,10.5,5.0],"rotation":0,"texture":"#0","tintindex":0}}},{"from":[4.0,8.571428,9.142858],"to":[12.0,14.857143,9.142858],"rotation":{"angle":0.0,"axis":"y","origin":[8.0,-2.285715,8.0]},"faces":{"east":{"uv":[7.0,5.0,7.0,7.75],"rotation":0,"texture":"#0","tintindex":0},"south":{"uv":[10.5,5.0,7.0,7.75],"rotation":0,"texture":"#0","tintindex":0},"north":{"uv":[7.0,5.0,10.5,7.75],"rotation":0,"texture":"#0","tintindex":0},"west":{"uv":[10.5,5.0,10.5,7.75],"rotation":0,"texture":"#0","tintindex":0},"up":{"uv":[10.5,5.0,7.0,5.0],"rotation":0,"texture":"#0","tintindex":0},"down":{"uv":[14.0,5.0,10.5,5.0],"rotation":0,"texture":"#0","tintindex":0}}},{"from":[2.8571424,11.428572,6.857143],"to":[5.142857,13.142858,8.571428],"rotation":{"angle":0.0,"axis":"y","origin":[8.0,-2.285715,8.0]},"faces":{"east":{"uv":[10.5,8.5,11.25,9.25],"rotation":0,"texture":"#0","tintindex":0},"south":{"uv":[13.0,8.5,14.0,9.25],"rotation":0,"texture":"#0","tintindex":0},"north":{"uv":[11.25,8.5,12.25,9.25],"rotation":0,"texture":"#0","tintindex":0},"west":{"uv":[12.25,8.5,13.0,9.25],"rotation":0,"texture":"#0","tintindex":0},"up":{"uv":[12.25,8.5,11.25,7.75],"rotation":0,"texture":"#0","tintindex":0},"down":{"uv":[13.25,7.75,12.25,8.5],"rotation":0,"texture":"#0","tintindex":0}}},{"from":[2.8571424,13.142858,7.142857],"to":[4.0,14.285715,8.285714],"rotation":{"angle":0.0,"axis":"y","origin":[8.0,-2.285715,8.0]},"faces":{"east":{"uv":[0.0,1.5,0.5,2.0],"rotation":0,"texture":"#0","tintindex":0},"south":{"uv":[1.5,1.5,2.0,2.0],"rotation":0,"texture":"#0","tintindex":0},"north":{"uv":[0.5,1.5,1.0,2.0],"rotation":0,"texture":"#0","tintindex":0},"west":{"uv":[1.0,1.5,1.5,2.0],"rotation":0,"texture":"#0","tintindex":0},"up":{"uv":[1.0,1.5,0.5,1.0],"rotation":0,"texture":"#0","tintindex":0},"down":{"uv":[1.5,1.0,1.0,1.5],"rotation":0,"texture":"#0","tintindex":0}}},{"from":[4.0,13.714286,7.142857],"to":[4.5714283,14.285715,8.285714],"rotation":{"angle":0.0,"axis":"y","origin":[8.0,-2.285715,8.0]},"faces":{"east":{"uv":[4.5,10.25,5.0,10.5],"rotation":0,"texture":"#0","tintindex":0},"south":{"uv":[5.75,10.25,6.0,10.5],"rotation":0,"texture":"#0","tintindex":0},"north":{"uv":[5.0,10.25,5.25,10.5],"rotation":0,"texture":"#0","tintindex":0},"west":{"uv":[5.25,10.25,5.75,10.5],"rotation":0,"texture":"#0","tintindex":0},"up":{"uv":[5.25,10.25,5.0,9.75],"rotation":0,"texture":"#0","tintindex":0},"down":{"uv":[5.5,9.75,5.25,10.25],"rotation":0,"texture":"#0","tintindex":0}}},{"from":[11.428572,13.714286,7.142857],"to":[12.0,14.285715,8.285714],"rotation":{"angle":0.0,"axis":"y","origin":[8.0,-2.285715,8.0]},"faces":{"east":{"uv":[9.5,8.25,10.0,8.5],"rotation":0,"texture":"#0","tintindex":0},"south":{"uv":[10.75,8.25,11.0,8.5],"rotation":0,"texture":"#0","tintindex":0},"north":{"uv":[10.0,8.25,10.25,8.5],"rotation":0,"texture":"#0","tintindex":0},"west":{"uv":[10.25,8.25,10.75,8.5],"rotation":0,"texture":"#0","tintindex":0},"up":{"uv":[10.25,8.25,10.0,7.75],"rotation":0,"texture":"#0","tintindex":0},"down":{"uv":[10.5,7.75,10.25,8.25],"rotation":0,"texture":"#0","tintindex":0}}},{"from":[10.857143,11.428572,6.857143],"to":[13.142858,13.142858,8.571428],"rotation":{"angle":0.0,"axis":"y","origin":[8.0,-2.285715,8.0]},"faces":{"east":{"uv":[10.0,3.25,10.75,4.0],"rotation":0,"texture":"#0","tintindex":0},"south":{"uv":[12.5,3.25,13.5,4.0],"rotation":0,"texture":"#0","tintindex":0},"north":{"uv":[10.75,3.25,11.75,4.0],"rotation":0,"texture":"#0","tintindex":0},"west":{"uv":[11.75,3.25,12.5,4.0],"rotation":0,"texture":"#0","tintindex":0},"up":{"uv":[11.75,3.25,10.75,2.5],"rotation":0,"texture":"#0","tintindex":0},"down":{"uv":[12.75,2.5,11.75,3.25],"rotation":0,"texture":"#0","tintindex":0}}},{"from":[12.0,13.142858,7.142857],"to":[13.142858,14.285715,8.285714],"rotation":{"angle":0.0,"axis":"y","origin":[8.0,-2.285715,8.0]},"faces":{"east":{"uv":[0.0,0.5,0.5,1.0],"rotation":0,"texture":"#0","tintindex":0},"south":{"uv":[1.5,0.5,2.0,1.0],"rotation":0,"texture":"#0","tintindex":0},"north":{"uv":[0.5,0.5,1.0,1.0],"rotation":0,"texture":"#0","tintindex":0},"west":{"uv":[1.0,0.5,1.5,1.0],"rotation":0,"texture":"#0","tintindex":0},"up":{"uv":[1.0,0.5,0.5,0.0],"rotation":0,"texture":"#0","tintindex":0},"down":{"uv":[1.5,0.0,1.0,0.5],"rotation":0,"texture":"#0","tintindex":0}}}],"display":{"head":{"translation":[0.0,-6.4,0.0],"scale":[4.0,4.0,4.0]}}}