{"textures":{"0":"modelengine:entity/snowy_creeper"},"elements":[{"from":[6.857143,3.4285712,6.857143],"to":[9.714286,8.0,9.142858],"rotation":{"angle":0.0,"axis":"y","origin":[6.857143,3.4285712,5.714286]},"faces":{"east":{"uv":[3.5,11.75,4.5,13.75],"rotation":0,"texture":"#0","tintindex":0},"south":{"uv":[6.75,11.75,8.0,13.75],"rotation":0,"texture":"#0","tintindex":0},"north":{"uv":[4.5,11.75,5.75,13.75],"rotation":0,"texture":"#0","tintindex":0},"west":{"uv":[5.75,11.75,6.75,13.75],"rotation":0,"texture":"#0","tintindex":0},"up":{"uv":[5.75,11.75,4.5,10.75],"rotation":0,"texture":"#0","tintindex":0},"down":{"uv":[7.0,10.75,5.75,11.75],"rotation":0,"texture":"#0","tintindex":0}}},{"from":[9.714286,4.5714283,8.0],"to":[10.857143,7.428571,8.0],"rotation":{"angle":0.0,"axis":"y","origin":[6.857143,3.4285712,5.714286]},"faces":{"east":{"uv":[8.0,10.75,8.0,12.0],"rotation":0,"texture":"#0","tintindex":0},"south":{"uv":[8.5,10.75,8.0,12.0],"rotation":0,"texture":"#0","tintindex":0},"north":{"uv":[8.0,10.75,8.5,12.0],"rotation":0,"texture":"#0","tintindex":0},"west":{"uv":[8.5,10.75,8.5,12.0],"rotation":0,"texture":"#0","tintindex":0},"up":{"uv":[8.5,10.75,8.0,10.75],"rotation":0,"texture":"#0","tintindex":0},"down":{"uv":[9.0,10.75,8.5,10.75],"rotation":0,"texture":"#0","tintindex":0}}}],"display":{"head":{"translation":[0.0,-6.4,0.0],"scale":[4.0,4.0,4.0]}}}