{"textures":{"2":"modelengine:entity/creeper_armor_1"},"elements":[{"from":[5.714286,2.2857141,5.714286],"to":[10.857143,9.142858,10.285714],"rotation":{"angle":0.0,"axis":"y","origin":[6.857143,3.4285712,5.714286]},"faces":{"east":{"uv":[3.5,11.75,4.5,13.75],"rotation":0,"texture":"#2","tintindex":0},"south":{"uv":[6.75,11.75,8.0,13.75],"rotation":0,"texture":"#2","tintindex":0},"north":{"uv":[4.5,11.75,5.75,13.75],"rotation":0,"texture":"#2","tintindex":0},"west":{"uv":[5.75,11.75,6.75,13.75],"rotation":0,"texture":"#2","tintindex":0},"up":{"uv":[5.75,11.75,4.5,10.75],"rotation":0,"texture":"#2","tintindex":0},"down":{"uv":[7.0,10.75,5.75,11.75],"rotation":0,"texture":"#2","tintindex":0}}},{"from":[10.857143,9.142858,10.285714],"to":[5.714286,2.2857141,5.714286],"rotation":{"angle":0.0,"axis":"y","origin":[6.857143,3.4285712,5.714286]},"faces":{"east":{"uv":[5.75,13.75,6.75,11.75],"rotation":0,"texture":"#2","tintindex":0},"south":{"uv":[4.5,13.75,5.75,11.75],"rotation":0,"texture":"#2","tintindex":0},"north":{"uv":[6.75,13.75,8.0,11.75],"rotation":0,"texture":"#2","tintindex":0},"west":{"uv":[3.5,13.75,4.5,11.75],"rotation":0,"texture":"#2","tintindex":0},"up":{"uv":[5.75,10.75,7.0,11.75],"rotation":0,"texture":"#2","tintindex":0},"down":{"uv":[4.5,11.75,5.75,10.75],"rotation":0,"texture":"#2","tintindex":0}}}],"display":{"head":{"translation":[0.0,-6.4,0.0],"scale":[4.0,4.0,4.0]}}}