{"textures":{"0":"modelengine:entity/snowy_creeper"},"elements":[{"from":[6.285714,3.4285712,6.857143],"to":[9.142858,8.0,9.142858],"rotation":{"angle":0.0,"axis":"y","origin":[9.142858,3.4285712,5.714286]},"faces":{"east":{"uv":[9.5,10.75,10.5,12.75],"rotation":0,"texture":"#0","tintindex":0},"south":{"uv":[12.75,10.75,14.0,12.75],"rotation":0,"texture":"#0","tintindex":0},"north":{"uv":[10.5,10.75,11.75,12.75],"rotation":0,"texture":"#0","tintindex":0},"west":{"uv":[11.75,10.75,12.75,12.75],"rotation":0,"texture":"#0","tintindex":0},"up":{"uv":[11.75,10.75,10.5,9.75],"rotation":0,"texture":"#0","tintindex":0},"down":{"uv":[13.0,9.75,11.75,10.75],"rotation":0,"texture":"#0","tintindex":0}}},{"from":[5.142857,4.5714283,8.0],"to":[6.285714,7.428571,8.0],"rotation":{"angle":0.0,"axis":"y","origin":[9.142858,3.4285712,5.714286]},"faces":{"east":{"uv":[0.0,5.0,0.0,6.25],"rotation":0,"texture":"#0","tintindex":0},"south":{"uv":[0.5,5.0,0.0,6.25],"rotation":0,"texture":"#0","tintindex":0},"north":{"uv":[0.0,5.0,0.5,6.25],"rotation":0,"texture":"#0","tintindex":0},"west":{"uv":[0.5,5.0,0.5,6.25],"rotation":0,"texture":"#0","tintindex":0},"up":{"uv":[0.5,5.0,0.0,5.0],"rotation":0,"texture":"#0","tintindex":0},"down":{"uv":[1.0,5.0,0.5,5.0],"rotation":0,"texture":"#0","tintindex":0}}}],"display":{"head":{"translation":[0.0,-6.4,0.0],"scale":[4.0,4.0,4.0]}}}