{"textures":{"2":"modelengine:entity/creeper_armor_1"},"elements":[{"from":[5.142857,2.2857141,5.714286],"to":[10.285714,9.142858,10.285714],"rotation":{"angle":0.0,"axis":"y","origin":[9.142858,3.4285712,5.714286]},"faces":{"east":{"uv":[9.5,10.75,10.5,12.75],"rotation":0,"texture":"#2","tintindex":0},"south":{"uv":[12.75,10.75,14.0,12.75],"rotation":0,"texture":"#2","tintindex":0},"north":{"uv":[10.5,10.75,11.75,12.75],"rotation":0,"texture":"#2","tintindex":0},"west":{"uv":[11.75,10.75,12.75,12.75],"rotation":0,"texture":"#2","tintindex":0},"up":{"uv":[11.75,10.75,10.5,9.75],"rotation":0,"texture":"#2","tintindex":0},"down":{"uv":[13.0,9.75,11.75,10.75],"rotation":0,"texture":"#2","tintindex":0}}},{"from":[10.285714,9.142858,10.285714],"to":[5.142857,2.2857141,5.714286],"rotation":{"angle":0.0,"axis":"y","origin":[9.142858,3.4285712,5.714286]},"faces":{"east":{"uv":[11.75,12.75,12.75,10.75],"rotation":0,"texture":"#2","tintindex":0},"south":{"uv":[10.5,12.75,11.75,10.75],"rotation":0,"texture":"#2","tintindex":0},"north":{"uv":[12.75,12.75,14.0,10.75],"rotation":0,"texture":"#2","tintindex":0},"west":{"uv":[9.5,12.75,10.5,10.75],"rotation":0,"texture":"#2","tintindex":0},"up":{"uv":[11.75,9.75,13.0,10.75],"rotation":0,"texture":"#2","tintindex":0},"down":{"uv":[10.5,10.75,11.75,9.75],"rotation":0,"texture":"#2","tintindex":0}}}],"display":{"head":{"translation":[0.0,-6.4,0.0],"scale":[4.0,4.0,4.0]}}}