{"textures":{"2":"modelengine:entity/creeper_armor_1"},"elements":[{"from":[5.714286,2.2857141,5.714286],"to":[10.857143,9.142858,10.285714],"rotation":{"angle":0.0,"axis":"y","origin":[6.857143,3.4285712,10.285714]},"faces":{"east":{"uv":[0.0,9.5,1.0,11.5],"rotation":0,"texture":"#2","tintindex":0},"south":{"uv":[3.25,9.5,4.5,11.5],"rotation":0,"texture":"#2","tintindex":0},"north":{"uv":[1.0,9.5,2.25,11.5],"rotation":0,"texture":"#2","tintindex":0},"west":{"uv":[2.25,9.5,3.25,11.5],"rotation":0,"texture":"#2","tintindex":0},"up":{"uv":[2.25,9.5,1.0,8.5],"rotation":0,"texture":"#2","tintindex":0},"down":{"uv":[3.5,8.5,2.25,9.5],"rotation":0,"texture":"#2","tintindex":0}}},{"from":[10.857143,9.142858,10.285714],"to":[5.714286,2.2857141,5.714286],"rotation":{"angle":0.0,"axis":"y","origin":[6.857143,3.4285712,10.285714]},"faces":{"east":{"uv":[2.25,11.5,3.25,9.5],"rotation":0,"texture":"#2","tintindex":0},"south":{"uv":[1.0,11.5,2.25,9.5],"rotation":0,"texture":"#2","tintindex":0},"north":{"uv":[3.25,11.5,4.5,9.5],"rotation":0,"texture":"#2","tintindex":0},"west":{"uv":[0.0,11.5,1.0,9.5],"rotation":0,"texture":"#2","tintindex":0},"up":{"uv":[2.25,8.5,3.5,9.5],"rotation":0,"texture":"#2","tintindex":0},"down":{"uv":[1.0,9.5,2.25,8.5],"rotation":0,"texture":"#2","tintindex":0}}}],"display":{"head":{"translation":[0.0,-6.4,0.0],"scale":[4.0,4.0,4.0]}}}