{"textures":{"0":"modelengine:entity/snowy_creeper"},"elements":[{"from":[6.857143,3.4285712,6.857143],"to":[9.714286,8.0,9.142858],"rotation":{"angle":0.0,"axis":"y","origin":[6.857143,3.4285712,10.285714]},"faces":{"east":{"uv":[0.0,9.5,1.0,11.5],"rotation":0,"texture":"#0","tintindex":0},"south":{"uv":[3.25,9.5,4.5,11.5],"rotation":0,"texture":"#0","tintindex":0},"north":{"uv":[1.0,9.5,2.25,11.5],"rotation":0,"texture":"#0","tintindex":0},"west":{"uv":[2.25,9.5,3.25,11.5],"rotation":0,"texture":"#0","tintindex":0},"up":{"uv":[2.25,9.5,1.0,8.5],"rotation":0,"texture":"#0","tintindex":0},"down":{"uv":[3.5,8.5,2.25,9.5],"rotation":0,"texture":"#0","tintindex":0}}},{"from":[9.714286,4.5714283,8.0],"to":[10.857143,7.428571,8.0],"rotation":{"angle":0.0,"axis":"y","origin":[6.857143,3.4285712,10.285714]},"faces":{"east":{"uv":[4.5,8.5,4.5,9.75],"rotation":0,"texture":"#0","tintindex":0},"south":{"uv":[5.0,8.5,4.5,9.75],"rotation":0,"texture":"#0","tintindex":0},"north":{"uv":[4.5,8.5,5.0,9.75],"rotation":0,"texture":"#0","tintindex":0},"west":{"uv":[5.0,8.5,5.0,9.75],"rotation":0,"texture":"#0","tintindex":0},"up":{"uv":[5.0,8.5,4.5,8.5],"rotation":0,"texture":"#0","tintindex":0},"down":{"uv":[5.5,8.5,5.0,8.5],"rotation":0,"texture":"#0","tintindex":0}}}],"display":{"head":{"translation":[0.0,-6.4,0.0],"scale":[4.0,4.0,4.0]}}}