{"textures":{"0":"modelengine:entity/snowy_creeper"},"elements":[{"from":[6.285714,3.4285712,6.857143],"to":[9.142858,8.0,9.142858],"rotation":{"angle":0.0,"axis":"y","origin":[9.142858,3.4285712,10.285714]},"faces":{"east":{"uv":[6.0,8.75,7.0,10.75],"rotation":0,"texture":"#0","tintindex":0},"south":{"uv":[9.25,8.75,10.5,10.75],"rotation":0,"texture":"#0","tintindex":0},"north":{"uv":[7.0,8.75,8.25,10.75],"rotation":0,"texture":"#0","tintindex":0},"west":{"uv":[8.25,8.75,9.25,10.75],"rotation":0,"texture":"#0","tintindex":0},"up":{"uv":[8.25,8.75,7.0,7.75],"rotation":0,"texture":"#0","tintindex":0},"down":{"uv":[9.5,7.75,8.25,8.75],"rotation":0,"texture":"#0","tintindex":0}}},{"from":[5.142857,4.5714283,8.0],"to":[6.285714,7.428571,8.0],"rotation":{"angle":0.0,"axis":"y","origin":[9.142858,3.4285712,10.285714]},"faces":{"east":{"uv":[5.5,5.0,5.5,6.25],"rotation":0,"texture":"#0","tintindex":0},"south":{"uv":[6.0,5.0,5.5,6.25],"rotation":0,"texture":"#0","tintindex":0},"north":{"uv":[5.5,5.0,6.0,6.25],"rotation":0,"texture":"#0","tintindex":0},"west":{"uv":[6.0,5.0,6.0,6.25],"rotation":0,"texture":"#0","tintindex":0},"up":{"uv":[6.0,5.0,5.5,5.0],"rotation":0,"texture":"#0","tintindex":0},"down":{"uv":[6.5,5.0,6.0,5.0],"rotation":0,"texture":"#0","tintindex":0}}}],"display":{"head":{"translation":[0.0,-6.4,0.0],"scale":[4.0,4.0,4.0]}}}