{"textures":{"0":"minecraft:block/cactus_side"},"elements":[{"from":[6.857143,8.571428,7.428571],"to":[10.285714,13.714286,8.571428],"rotation":{"angle":0.0,"axis":"y","origin":[8.0,8.0,8.0]},"faces":{"east":{"uv":[8.0,3.0,10.0,12.0],"rotation":0,"texture":"#0","tintindex":0},"south":{"uv":[5.0,7.0,11.0,16.0],"rotation":0,"texture":"#0","tintindex":0},"north":{"uv":[5.0,7.0,11.0,16.0],"rotation":0,"texture":"#0","tintindex":0},"west":{"uv":[4.0,1.0,6.0,10.0],"rotation":0,"texture":"#0","tintindex":0},"up":{"uv":[5.0,4.0,11.0,6.0],"rotation":0,"texture":"#0","tintindex":0},"down":{"uv":[5.0,4.0,11.0,6.0],"rotation":0,"texture":"#0","tintindex":0}}},{"from":[8.285714,15.285715,3.4285712],"to":[8.857143,19.857143,6.857143],"rotation":{"angle":-45.0,"axis":"x","origin":[8.0,17.285715,8.285714]},"faces":{"east":{"uv":[5.0,7.0,11.0,15.0],"rotation":0,"texture":"#0","tintindex":0},"south":{"uv":[1.0,3.0,2.0,11.0],"rotation":0,"texture":"#0","tintindex":0},"north":{"uv":[5.0,2.0,6.0,10.0],"rotation":0,"texture":"#0","tintindex":0},"west":{"uv":[5.0,3.0,11.0,11.0],"rotation":0,"texture":"#0","tintindex":0},"up":{"uv":[5.0,0.0,11.0,1.0],"rotation":90,"texture":"#0","tintindex":0},"down":{"uv":[5.0,8.0,11.0,9.0],"rotation":270,"texture":"#0","tintindex":0}}},{"from":[7.428571,17.467442,8.320377],"to":[9.714286,18.038868,11.748949],"rotation":{"angle":-45.0,"axis":"x","origin":[9.714286,15.46744,8.891806]},"faces":{"east":{"uv":[5.0,3.0,6.0,9.0],"rotation":270,"texture":"#0","tintindex":0},"south":{"uv":[6.0,0.0,10.0,1.0],"rotation":0,"texture":"#0","tintindex":0},"north":{"uv":[6.0,4.0,10.0,5.0],"rotation":180,"texture":"#0","tintindex":0},"west":{"uv":[5.0,3.0,6.0,9.0],"rotation":90,"texture":"#0","tintindex":0},"up":{"uv":[6.0,0.0,10.0,6.0],"rotation":180,"texture":"#0","tintindex":0},"down":{"uv":[6.0,8.0,10.0,14.0],"rotation":0,"texture":"#0","tintindex":0}}},{"from":[8.0,8.0,7.714286],"to":[9.142858,8.571428,8.285714],"rotation":{"angle":0.0,"axis":"y","origin":[8.0,8.0,8.0]},"faces":{"east":{"uv":[10.0,0.0,11.0,1.0],"rotation":0,"texture":"#0","tintindex":0},"south":{"uv":[9.0,8.0,11.0,9.0],"rotation":0,"texture":"#0","tintindex":0},"north":{"uv":[9.0,5.0,11.0,6.0],"rotation":0,"texture":"#0","tintindex":0},"west":{"uv":[10.0,6.0,11.0,7.0],"rotation":0,"texture":"#0","tintindex":0},"up":{"uv":[5.0,5.0,7.0,6.0],"rotation":0,"texture":"#0","tintindex":0},"down":{"uv":[10.0,6.0,12.0,7.0],"rotation":0,"texture":"#0","tintindex":0}}},{"from":[8.571428,15.285715,6.857143],"to":[8.571428,19.857143,7.428571],"rotation":{"angle":-45.0,"axis":"x","origin":[8.0,17.285715,8.285714]},"faces":{"east":{"uv":[0.0,0.0,1.0,8.0],"rotation":0,"texture":"#0","tintindex":0},"south":{"uv":[1.0,3.0,2.0,11.0],"rotation":0,"texture":"#0","tintindex":0},"north":{"uv":[5.0,2.0,6.0,10.0],"rotation":0,"texture":"#0","tintindex":0},"west":{"uv":[0.0,0.0,1.0,8.0],"rotation":0,"texture":"#0","tintindex":0},"up":{"uv":[5.0,0.0,11.0,1.0],"rotation":90,"texture":"#0","tintindex":0},"down":{"uv":[5.0,8.0,11.0,9.0],"rotation":270,"texture":"#0","tintindex":0}}},{"from":[8.571428,15.285715,2.8571424],"to":[8.571428,19.857143,3.4285712],"rotation":{"angle":-45.0,"axis":"x","origin":[8.0,17.285715,8.285714]},"faces":{"east":{"uv":[0.0,5.0,1.0,13.0],"rotation":0,"texture":"#0","tintindex":0},"south":{"uv":[1.0,3.0,2.0,11.0],"rotation":0,"texture":"#0","tintindex":0},"north":{"uv":[5.0,2.0,6.0,10.0],"rotation":0,"texture":"#0","tintindex":0},"west":{"uv":[0.0,5.0,1.0,13.0],"rotation":0,"texture":"#0","tintindex":0},"up":{"uv":[5.0,0.0,11.0,1.0],"rotation":90,"texture":"#0","tintindex":0},"down":{"uv":[5.0,8.0,11.0,9.0],"rotation":270,"texture":"#0","tintindex":0}}},{"from":[7.714286,15.285715,5.142857],"to":[8.285714,19.857143,5.142857],"rotation":{"angle":-45.0,"axis":"x","origin":[8.0,17.285715,8.285714]},"faces":{"east":{"uv":[0.0,5.0,1.0,13.0],"rotation":0,"texture":"#0","tintindex":0},"south":{"uv":[15.0,5.0,16.0,13.0],"rotation":0,"texture":"#0","tintindex":0},"north":{"uv":[15.0,5.0,16.0,13.0],"rotation":0,"texture":"#0","tintindex":0},"west":{"uv":[0.0,5.0,1.0,13.0],"rotation":0,"texture":"#0","tintindex":0},"up":{"uv":[5.0,0.0,11.0,1.0],"rotation":90,"texture":"#0","tintindex":0},"down":{"uv":[5.0,8.0,11.0,9.0],"rotation":270,"texture":"#0","tintindex":0}}},{"from":[8.857143,15.285715,5.142857],"to":[9.428572,19.857143,5.142857],"rotation":{"angle":-45.0,"axis":"x","origin":[8.0,17.285715,8.285714]},"faces":{"east":{"uv":[0.0,5.0,1.0,13.0],"rotation":0,"texture":"#0","tintindex":0},"south":{"uv":[0.0,0.0,1.0,8.0],"rotation":0,"texture":"#0","tintindex":0},"north":{"uv":[0.0,0.0,1.0,8.0],"rotation":0,"texture":"#0","tintindex":0},"west":{"uv":[0.0,5.0,1.0,13.0],"rotation":0,"texture":"#0","tintindex":0},"up":{"uv":[5.0,0.0,11.0,1.0],"rotation":90,"texture":"#0","tintindex":0},"down":{"uv":[5.0,8.0,11.0,9.0],"rotation":270,"texture":"#0","tintindex":0}}},{"from":[9.714286,17.753155,8.320377],"to":[10.285714,17.753155,11.748949],"rotation":{"angle":-45.0,"axis":"x","origin":[9.714286,15.46744,8.891806]},"faces":{"east":{"uv":[5.0,3.0,6.0,9.0],"rotation":270,"texture":"#0","tintindex":0},"south":{"uv":[6.0,0.0,10.0,1.0],"rotation":0,"texture":"#0","tintindex":0},"north":{"uv":[6.0,4.0,10.0,5.0],"rotation":180,"texture":"#0","tintindex":0},"west":{"uv":[5.0,3.0,6.0,9.0],"rotation":90,"texture":"#0","tintindex":0},"up":{"uv":[0.0,1.0,1.0,7.0],"rotation":180,"texture":"#0","tintindex":0},"down":{"uv":[0.0,1.0,1.0,7.0],"rotation":0,"texture":"#0","tintindex":0}}},{"from":[6.857143,17.753155,8.320377],"to":[7.428571,17.753155,11.748949],"rotation":{"angle":-45.0,"axis":"x","origin":[9.714286,15.46744,8.891806]},"faces":{"east":{"uv":[5.0,3.0,6.0,9.0],"rotation":270,"texture":"#0","tintindex":0},"south":{"uv":[6.0,0.0,10.0,1.0],"rotation":0,"texture":"#0","tintindex":0},"north":{"uv":[6.0,4.0,10.0,5.0],"rotation":180,"texture":"#0","tintindex":0},"west":{"uv":[5.0,3.0,6.0,9.0],"rotation":90,"texture":"#0","tintindex":0},"up":{"uv":[0.0,3.0,1.0,9.0],"rotation":180,"texture":"#0","tintindex":0},"down":{"uv":[0.0,3.0,1.0,9.0],"rotation":0,"texture":"#0","tintindex":0}}},{"from":[6.285714,8.571428,8.0],"to":[6.857143,13.714286,8.0],"rotation":{"angle":0.0,"axis":"y","origin":[8.0,8.0,8.0]},"faces":{"east":{"uv":[8.0,3.0,10.0,12.0],"rotation":0,"texture":"#0","tintindex":0},"south":{"uv":[0.0,1.0,1.0,10.0],"rotation":0,"texture":"#0","tintindex":0},"north":{"uv":[0.0,0.0,1.0,9.0],"rotation":0,"texture":"#0","tintindex":0},"west":{"uv":[4.0,1.0,4.0,10.0],"rotation":0,"texture":"#0","tintindex":0},"up":{"uv":[5.0,4.0,11.0,6.0],"rotation":0,"texture":"#0","tintindex":0},"down":{"uv":[5.0,4.0,11.0,6.0],"rotation":0,"texture":"#0","tintindex":0}}},{"from":[10.285714,8.571428,8.0],"to":[10.857143,13.714286,8.0],"rotation":{"angle":0.0,"axis":"y","origin":[8.0,8.0,8.0]},"faces":{"east":{"uv":[8.0,3.0,10.0,12.0],"rotation":0,"texture":"#0","tintindex":0},"south":{"uv":[0.0,5.0,1.0,14.0],"rotation":0,"texture":"#0","tintindex":0},"north":{"uv":[0.0,5.0,1.0,14.0],"rotation":0,"texture":"#0","tintindex":0},"west":{"uv":[4.0,1.0,4.0,10.0],"rotation":0,"texture":"#0","tintindex":0},"up":{"uv":[5.0,4.0,11.0,6.0],"rotation":0,"texture":"#0","tintindex":0},"down":{"uv":[5.0,4.0,11.0,6.0],"rotation":0,"texture":"#0","tintindex":0}}}],"display":{"head":{"translation":[0.0,-6.4,0.0],"scale":[4.0,4.0,4.0]}}}