{"textures":{"1":"modelengine:entity/duck_crumb"},"elements":[{"from":[7.142857,7.714286,7.142857],"to":[8.857143,8.285714,8.857143],"rotation":{"angle":0.0,"axis":"y","origin":[8.285714,7.714286,10.0]},"faces":{"east":{"uv":[1.0,0.5,1.75,0.75],"rotation":0,"texture":"#1","tintindex":0},"south":{"uv":[1.0,1.0,1.75,1.25],"rotation":0,"texture":"#1","tintindex":0},"north":{"uv":[1.0,0.0,1.75,0.25],"rotation":0,"texture":"#1","tintindex":0},"west":{"uv":[1.0,1.5,1.75,1.75],"rotation":0,"texture":"#1","tintindex":0},"up":{"uv":[0.75,0.75,0.0,0.0],"rotation":0,"texture":"#1","tintindex":0},"down":{"uv":[0.75,1.0,0.0,1.75],"rotation":0,"texture":"#1","tintindex":0}}}],"display":{"head":{"translation":[0.0,-6.4,0.0],"scale":[4.0,4.0,4.0]}}}