{"textures":{"0":"modelengine:entity/duck_mallard"},"elements":[{"from":[7.428571,7.142857,8.0],"to":[8.571428,8.285714,8.0],"rotation":{"angle":0.0,"axis":"y","origin":[5.714286,10.571428,10.0]},"faces":{"east":{"uv":[5.25,3.25,5.25,3.75],"rotation":0,"texture":"#0","tintindex":0},"south":{"uv":[9.75,6.5,10.25,7.0],"rotation":0,"texture":"#0","tintindex":0},"north":{"uv":[9.75,5.75,10.25,6.25],"rotation":0,"texture":"#0","tintindex":0},"west":{"uv":[3.0,10.0,3.0,10.5],"rotation":0,"texture":"#0","tintindex":0},"up":{"uv":[10.5,2.0,10.0,2.0],"rotation":0,"texture":"#0","tintindex":0},"down":{"uv":[10.5,2.25,10.0,2.25],"rotation":0,"texture":"#0","tintindex":0}}}],"display":{"head":{"translation":[0.0,-6.4,0.0],"scale":[4.0,4.0,4.0]}}}