{"textures":{"0":"modelengine:entity/duck_mallard"},"elements":[{"from":[7.5714283,6.285714,7.428571],"to":[8.142858,8.571428,10.857143],"rotation":{"angle":0.0,"axis":"y","origin":[4.714286,8.0,12.285715]},"faces":{"east":{"uv":[1.75,7.5,3.25,8.5],"rotation":0,"texture":"#0","tintindex":0},"south":{"uv":[9.5,8.5,9.75,9.5],"rotation":0,"texture":"#0","tintindex":0},"north":{"uv":[4.5,9.5,4.75,10.5],"rotation":0,"texture":"#0","tintindex":0},"west":{"uv":[7.5,2.75,9.0,3.75],"rotation":0,"texture":"#0","tintindex":0},"up":{"uv":[7.75,10.25,7.5,8.75],"rotation":0,"texture":"#0","tintindex":0},"down":{"uv":[5.25,9.0,5.0,10.5],"rotation":0,"texture":"#0","tintindex":0}}},{"from":[8.142858,6.285714,10.857143],"to":[8.142858,8.571428,14.285715],"rotation":{"angle":0.0,"axis":"y","origin":[4.714286,8.0,12.285715]},"faces":{"east":{"uv":[6.5,7.5,8.0,8.5],"rotation":0,"texture":"#0","tintindex":0},"south":{"uv":[2.25,10.0,2.25,11.0],"rotation":0,"texture":"#0","tintindex":0},"north":{"uv":[2.0,10.0,2.0,11.0],"rotation":0,"texture":"#0","tintindex":0},"west":{"uv":[7.75,0.0,9.25,1.0],"rotation":0,"texture":"#0","tintindex":0},"up":{"uv":[2.5,11.5,2.5,10.0],"rotation":0,"texture":"#0","tintindex":0},"down":{"uv":[2.75,10.0,2.75,11.5],"rotation":0,"texture":"#0","tintindex":0}}}],"display":{"head":{"translation":[0.0,-6.4,0.0],"scale":[4.0,4.0,4.0]}}}