{"textures":{"0":"modelengine:entity/football_fish"},"elements":[{"from":[6.0,7.428571,6.285714],"to":[10.571428,10.857143,8.0],"rotation":{"angle":0.0,"axis":"y","origin":[8.0,8.0,9.142858]},"faces":{"east":{"uv":[5.25,7.5,6.0,9.0],"rotation":0,"texture":"#0","tintindex":0},"south":{"uv":[2.0,6.0,4.0,7.5],"rotation":0,"texture":"#0","tintindex":0},"north":{"uv":[0.0,5.5,2.0,7.0],"rotation":0,"texture":"#0","tintindex":0},"west":{"uv":[6.0,7.5,6.75,9.0],"rotation":0,"texture":"#0","tintindex":0},"up":{"uv":[9.0,7.75,7.0,7.0],"rotation":0,"texture":"#0","tintindex":0},"down":{"uv":[3.25,7.5,1.25,8.25],"rotation":0,"texture":"#0","tintindex":0}}},{"from":[6.5714283,7.428571,8.0],"to":[10.0,10.857143,9.142858],"rotation":{"angle":0.0,"axis":"y","origin":[8.0,8.0,9.142858]},"faces":{"east":{"uv":[2.25,8.25,2.75,9.75],"rotation":0,"texture":"#0","tintindex":0},"south":{"uv":[5.5,6.0,7.0,7.5],"rotation":0,"texture":"#0","tintindex":0},"north":{"uv":[4.0,6.0,5.5,7.5],"rotation":0,"texture":"#0","tintindex":0},"west":{"uv":[2.75,8.25,3.25,9.75],"rotation":0,"texture":"#0","tintindex":0},"up":{"uv":[9.75,3.25,8.25,2.75],"rotation":0,"texture":"#0","tintindex":0},"down":{"uv":[9.75,3.25,8.25,3.75],"rotation":0,"texture":"#0","tintindex":0}}}],"display":{"head":{"translation":[0.0,-6.4,0.0],"scale":[4.0,4.0,4.0]}}}