{"textures":{"0":"modelengine:entity/football_fish"},"elements":[{"from":[7.428571,7.428571,7.714286],"to":[8.0,8.571428,8.285714],"rotation":{"angle":0.0,"axis":"y","origin":[10.0,8.0,8.285714]},"faces":{"east":{"uv":[6.75,5.25,7.0,5.75],"rotation":0,"texture":"#0","tintindex":0},"south":{"uv":[1.25,7.0,1.5,7.5],"rotation":0,"texture":"#0","tintindex":0},"north":{"uv":[2.5,5.5,2.75,6.0],"rotation":0,"texture":"#0","tintindex":0},"west":{"uv":[1.5,7.0,1.75,7.5],"rotation":0,"texture":"#0","tintindex":0},"up":{"uv":[6.5,6.0,6.25,5.75],"rotation":0,"texture":"#0","tintindex":0},"down":{"uv":[6.75,3.75,6.5,4.0],"rotation":0,"texture":"#0","tintindex":0}}},{"from":[6.285714,6.857143,8.0],"to":[8.0,9.142858,8.0],"rotation":{"angle":0.0,"axis":"y","origin":[10.0,8.0,8.285714]},"faces":{"east":{"uv":[0.0,0.0,0.0,1.0],"rotation":0,"texture":"#0","tintindex":0},"south":{"uv":[9.0,0.0,8.25,1.0],"rotation":0,"texture":"#0","tintindex":0},"north":{"uv":[8.25,0.0,9.0,1.0],"rotation":0,"texture":"#0","tintindex":0},"west":{"uv":[0.0,0.0,0.0,1.0],"rotation":0,"texture":"#0","tintindex":0},"up":{"uv":[0.75,0.0,0.0,0.0],"rotation":0,"texture":"#0","tintindex":0},"down":{"uv":[0.75,0.0,0.0,0.0],"rotation":0,"texture":"#0","tintindex":0}}}],"display":{"head":{"translation":[0.0,-6.4,0.0],"scale":[4.0,4.0,4.0]}}}