{"textures":{"0":"modelengine:entity/duck_white"},"elements":[{"from":[6.5714283,7.9269075,5.8111925],"to":[9.428572,10.212622,8.668335],"rotation":{"angle":-22.5,"axis":"x","origin":[8.0,9.641193,8.096907]},"faces":{"east":{"uv":[5.0,7.75,6.25,8.75],"rotation":0,"texture":"#0","tintindex":0},"south":{"uv":[8.25,6.0,9.5,7.0],"rotation":0,"texture":"#0","tintindex":0},"north":{"uv":[3.5,7.5,4.75,8.5],"rotation":0,"texture":"#0","tintindex":0},"west":{"uv":[8.25,7.25,9.5,8.25],"rotation":0,"texture":"#0","tintindex":0},"up":{"uv":[4.75,7.25,3.5,6.0],"rotation":0,"texture":"#0","tintindex":0},"down":{"uv":[6.25,6.25,5.0,7.5],"rotation":0,"texture":"#0","tintindex":0}}}],"display":{"head":{"translation":[0.0,-6.4,0.0],"scale":[4.0,4.0,4.0]}}}