{"textures":{"0":"modelengine:entity/duck_white"},"elements":[{"from":[6.857143,8.0,6.857143],"to":[9.142858,8.0,8.0],"rotation":{"angle":0.0,"axis":"y","origin":[5.714286,11.428572,10.0]},"faces":{"east":{"uv":[9.5,5.75,9.0,5.75],"rotation":0,"texture":"#0","tintindex":0},"south":{"uv":[10.75,8.25,9.75,8.25],"rotation":0,"texture":"#0","tintindex":0},"north":{"uv":[10.5,1.0,9.5,1.0],"rotation":0,"texture":"#0","tintindex":0},"west":{"uv":[8.25,1.25,7.75,1.25],"rotation":0,"texture":"#0","tintindex":0},"up":{"uv":[7.5,4.5,8.5,4.0],"rotation":0,"texture":"#0","tintindex":0},"down":{"uv":[7.5,4.0,8.5,4.5],"rotation":0,"texture":"#0","tintindex":0}}}],"display":{"head":{"translation":[0.0,-6.4,0.0],"scale":[4.0,4.0,4.0]}}}