{"textures":{"0":"modelengine:entity/duck_white"},"elements":[{"from":[6.0,6.869776,4.625691],"to":[10.0,10.298347,9.768548],"rotation":{"angle":0.0,"axis":"y","origin":[8.857143,9.726919,10.054262]},"faces":{"east":{"uv":[0.0,2.5,2.25,4.0],"rotation":0,"texture":"#0","tintindex":0},"south":{"uv":[4.0,0.0,5.75,1.5],"rotation":0,"texture":"#0","tintindex":0},"north":{"uv":[4.0,0.0,5.75,1.5],"rotation":0,"texture":"#0","tintindex":0},"west":{"uv":[2.5,2.5,4.75,4.0],"rotation":0,"texture":"#0","tintindex":0},"up":{"uv":[1.75,2.25,0.0,0.0],"rotation":0,"texture":"#0","tintindex":0},"down":{"uv":[1.75,0.0,0.0,2.25],"rotation":0,"texture":"#0","tintindex":0}}},{"from":[6.0,10.84451,9.660024],"to":[10.0,10.84451,12.517166],"rotation":{"angle":-22.5,"axis":"x","origin":[8.0,10.84451,11.088594]},"faces":{"east":{"uv":[10.0,2.25,11.25,2.25],"rotation":0,"texture":"#0","tintindex":0},"south":{"uv":[10.0,4.0,11.75,4.0],"rotation":0,"texture":"#0","tintindex":0},"north":{"uv":[10.0,2.0,11.75,2.0],"rotation":0,"texture":"#0","tintindex":0},"west":{"uv":[10.0,4.25,11.25,4.25],"rotation":0,"texture":"#0","tintindex":0},"up":{"uv":[6.75,3.0,5.0,1.75],"rotation":0,"texture":"#0","tintindex":0},"down":{"uv":[6.75,1.75,5.0,3.0],"rotation":0,"texture":"#0","tintindex":0}}}],"display":{"head":{"translation":[0.0,-6.4,0.0],"scale":[4.0,4.0,4.0]}}}