{"textures":{"0":"modelengine:entity/crab"},"elements":[{"from":[4.5714283,7.080952,2.833333],"to":[11.428572,9.366667,8.547619],"rotation":{"angle":0.0,"axis":"y","origin":[3.4285712,5.366667,1.1190472]},"faces":{"east":{"uv":[3.0,2.0,5.5,3.0],"rotation":0,"texture":"#0","tintindex":0},"south":{"uv":[3.0,1.0,6.0,2.0],"rotation":0,"texture":"#0","tintindex":0},"north":{"uv":[3.0,0.0,6.0,1.0],"rotation":0,"texture":"#0","tintindex":0},"west":{"uv":[3.0,3.0,5.5,4.0],"rotation":0,"texture":"#0","tintindex":0},"up":{"uv":[3.0,2.5,0.0,0.0],"rotation":0,"texture":"#0","tintindex":0},"down":{"uv":[3.0,2.5,0.0,5.0],"rotation":0,"texture":"#0","tintindex":0}}},{"from":[6.285714,9.366667,2.833333],"to":[6.857143,11.080953,2.833333],"rotation":{"angle":0.0,"axis":"y","origin":[3.4285712,5.366667,1.1190472]},"faces":{"east":{"uv":[3.5,8.25,3.75,9.0],"rotation":0,"texture":"#0","tintindex":0},"south":{"uv":[3.75,8.25,4.0,9.0],"rotation":0,"texture":"#0","tintindex":0},"north":{"uv":[6.75,8.0,7.0,8.75],"rotation":0,"texture":"#0","tintindex":0},"west":{"uv":[4.0,8.25,4.25,9.0],"rotation":0,"texture":"#0","tintindex":0},"up":{"uv":[6.25,5.5,6.0,5.25],"rotation":0,"texture":"#0","tintindex":0},"down":{"uv":[3.25,6.75,3.0,7.0],"rotation":0,"texture":"#0","tintindex":0}}},{"from":[9.142858,9.366667,2.833333],"to":[9.714286,11.080953,2.833333],"rotation":{"angle":0.0,"axis":"y","origin":[12.571428,5.366667,1.1190472]},"faces":{"east":{"uv":[4.5,8.25,4.75,9.0],"rotation":0,"texture":"#0","tintindex":0},"south":{"uv":[8.25,5.5,8.5,6.25],"rotation":0,"texture":"#0","tintindex":0},"north":{"uv":[4.25,8.25,4.5,9.0],"rotation":0,"texture":"#0","tintindex":0},"west":{"uv":[7.0,8.25,7.25,9.0],"rotation":0,"texture":"#0","tintindex":0},"up":{"uv":[3.25,7.25,3.0,7.0],"rotation":0,"texture":"#0","tintindex":0},"down":{"uv":[3.75,7.25,3.5,7.5],"rotation":0,"texture":"#0","tintindex":0}}}],"display":{"head":{"translation":[0.0,-6.4,0.0],"scale":[4.0,4.0,4.0]}}}