{"textures":{"0":"modelengine:entity/crab"},"elements":[{"from":[7.304239,7.428571,6.827528],"to":[9.018525,8.571428,7.970385],"rotation":{"angle":22.5,"axis":"y","origin":[9.304239,7.9886775,8.0479965]},"faces":{"east":{"uv":[5.75,8.0,6.25,8.5],"rotation":0,"texture":"#0","tintindex":0},"south":{"uv":[7.25,5.25,8.0,5.75],"rotation":0,"texture":"#0","tintindex":0},"north":{"uv":[6.75,5.75,7.5,6.25],"rotation":0,"texture":"#0","tintindex":0},"west":{"uv":[6.25,8.0,6.75,8.5],"rotation":0,"texture":"#0","tintindex":0},"up":{"uv":[8.0,6.75,7.25,6.25],"rotation":0,"texture":"#0","tintindex":0},"down":{"uv":[8.0,6.75,7.25,7.25],"rotation":0,"texture":"#0","tintindex":0}}}],"display":{"head":{"translation":[0.0,-6.4,0.0],"scale":[4.0,4.0,4.0]}}}