{"textures":{"0":"modelengine:entity/crab"},"elements":[{"from":[6.360389,7.428571,5.6692395],"to":[7.5032463,8.571428,7.9549537],"rotation":{"angle":45.0,"axis":"y","origin":[7.9243455,8.011322,6.5206995]},"faces":{"east":{"uv":[1.25,6.25,2.25,6.75],"rotation":0,"texture":"#0","tintindex":0},"south":{"uv":[5.25,8.0,5.75,8.5],"rotation":0,"texture":"#0","tintindex":0},"north":{"uv":[8.0,5.0,8.5,5.5],"rotation":0,"texture":"#0","tintindex":0},"west":{"uv":[2.25,6.25,3.25,6.75],"rotation":0,"texture":"#0","tintindex":0},"up":{"uv":[3.75,7.25,3.25,6.25],"rotation":0,"texture":"#0","tintindex":0},"down":{"uv":[6.75,5.25,6.25,6.25],"rotation":0,"texture":"#0","tintindex":0}}}],"display":{"head":{"translation":[0.0,-6.4,0.0],"scale":[4.0,4.0,4.0]}}}