{"textures":{"0":"modelengine:entity/crab"},"elements":[{"from":[8.114285,7.382751,7.2509604],"to":[10.971429,7.382751,8.679532],"rotation":{"angle":22.5,"axis":"y","origin":[8.485714,8.0,8.614285]},"faces":{"east":{"uv":[0.0,0.0,0.75,0.0],"rotation":0,"texture":"#0","tintindex":0},"south":{"uv":[0.0,0.0,1.25,0.0],"rotation":0,"texture":"#0","tintindex":0},"north":{"uv":[0.0,0.0,1.25,0.0],"rotation":0,"texture":"#0","tintindex":0},"west":{"uv":[0.0,0.0,0.75,0.0],"rotation":0,"texture":"#0","tintindex":0},"up":{"uv":[4.25,4.75,3.0,4.0],"rotation":0,"texture":"#0","tintindex":0},"down":{"uv":[5.5,4.0,4.25,4.75],"rotation":0,"texture":"#0","tintindex":0}}},{"from":[8.114285,7.382751,7.2509604],"to":[10.971429,8.525608,7.2509604],"rotation":{"angle":22.5,"axis":"y","origin":[8.485714,8.0,8.614285]},"faces":{"east":{"uv":[0.0,0.0,0.0,0.5],"rotation":0,"texture":"#0","tintindex":0},"south":{"uv":[5.5,3.75,6.75,4.25],"rotation":0,"texture":"#0","tintindex":0},"north":{"uv":[3.75,5.5,5.0,6.0],"rotation":0,"texture":"#0","tintindex":0},"west":{"uv":[0.0,0.0,0.0,0.5],"rotation":0,"texture":"#0","tintindex":0},"up":{"uv":[1.25,0.0,0.0,0.0],"rotation":0,"texture":"#0","tintindex":0},"down":{"uv":[1.25,0.0,0.0,0.0],"rotation":0,"texture":"#0","tintindex":0}}},{"from":[10.971429,7.382751,7.2509604],"to":[10.971429,8.525608,8.679532],"rotation":{"angle":22.5,"axis":"y","origin":[8.485714,8.0,8.614285]},"faces":{"east":{"uv":[0.75,7.5,1.5,8.0],"rotation":0,"texture":"#0","tintindex":0},"south":{"uv":[0.0,0.0,0.0,0.5],"rotation":0,"texture":"#0","tintindex":0},"north":{"uv":[0.0,0.0,0.0,0.5],"rotation":0,"texture":"#0","tintindex":0},"west":{"uv":[1.5,7.5,2.25,8.0],"rotation":0,"texture":"#0","tintindex":0},"up":{"uv":[0.0,0.75,0.0,0.0],"rotation":0,"texture":"#0","tintindex":0},"down":{"uv":[0.0,0.0,0.0,0.75],"rotation":0,"texture":"#0","tintindex":0}}},{"from":[8.114285,7.382751,7.2509604],"to":[8.114285,8.525608,8.679532],"rotation":{"angle":22.5,"axis":"y","origin":[8.485714,8.0,8.614285]},"faces":{"east":{"uv":[7.25,7.25,8.0,7.75],"rotation":0,"texture":"#0","tintindex":0},"south":{"uv":[0.0,0.0,0.0,0.5],"rotation":0,"texture":"#0","tintindex":0},"north":{"uv":[0.0,0.0,0.0,0.5],"rotation":0,"texture":"#0","tintindex":0},"west":{"uv":[0.0,7.5,0.75,8.0],"rotation":0,"texture":"#0","tintindex":0},"up":{"uv":[0.0,0.75,0.0,0.0],"rotation":0,"texture":"#0","tintindex":0},"down":{"uv":[0.0,0.0,0.0,0.75],"rotation":0,"texture":"#0","tintindex":0}}},{"from":[8.114285,7.382751,8.679532],"to":[10.971429,8.525608,8.679532],"rotation":{"angle":22.5,"axis":"y","origin":[8.485714,8.0,8.614285]},"faces":{"east":{"uv":[0.0,0.0,0.0,0.5],"rotation":0,"texture":"#0","tintindex":0},"south":{"uv":[5.5,3.25,6.75,3.75],"rotation":0,"texture":"#0","tintindex":0},"north":{"uv":[5.5,2.75,6.75,3.25],"rotation":0,"texture":"#0","tintindex":0},"west":{"uv":[0.0,0.0,0.0,0.5],"rotation":0,"texture":"#0","tintindex":0},"up":{"uv":[1.25,0.0,0.0,0.0],"rotation":0,"texture":"#0","tintindex":0},"down":{"uv":[1.25,0.0,0.0,0.0],"rotation":0,"texture":"#0","tintindex":0}}}],"display":{"head":{"translation":[0.0,-6.4,0.0],"scale":[4.0,4.0,4.0]}}}