{"textures":{"0":"modelengine:entity/crab"},"elements":[{"from":[6.9560056,7.714286,7.6960626],"to":[8.098863,8.285714,7.6960626],"rotation":{"angle":-22.5,"axis":"y","origin":[7.0988626,6.857143,7.6960626]},"faces":{"east":{"uv":[0.0,0.0,0.0,0.25],"rotation":0,"texture":"#0","tintindex":0},"south":{"uv":[9.0,0.0,8.5,0.25],"rotation":0,"texture":"#0","tintindex":0},"north":{"uv":[9.0,0.25,8.5,0.5],"rotation":0,"texture":"#0","tintindex":0},"west":{"uv":[0.0,0.0,0.0,0.25],"rotation":0,"texture":"#0","tintindex":0},"up":{"uv":[0.5,0.0,0.0,0.0],"rotation":0,"texture":"#0","tintindex":0},"down":{"uv":[0.5,0.0,0.0,0.0],"rotation":0,"texture":"#0","tintindex":0}}},{"from":[6.3845773,6.0,7.1246343],"to":[7.5274343,7.714286,8.267491],"rotation":{"angle":-22.5,"axis":"y","origin":[7.0988626,6.857143,7.6960626]},"faces":{"east":{"uv":[2.5,6.75,2.0,7.5],"rotation":0,"texture":"#0","tintindex":0},"south":{"uv":[2.0,6.75,1.5,7.5],"rotation":0,"texture":"#0","tintindex":0},"north":{"uv":[7.25,2.0,6.75,2.75],"rotation":0,"texture":"#0","tintindex":0},"west":{"uv":[3.0,6.75,2.5,7.5],"rotation":0,"texture":"#0","tintindex":0},"up":{"uv":[7.5,7.75,7.0,8.25],"rotation":0,"texture":"#0","tintindex":0},"down":{"uv":[8.0,8.25,7.5,7.75],"rotation":0,"texture":"#0","tintindex":0}}},{"from":[6.3845773,5.428571,7.6960626],"to":[7.5274343,6.0,7.6960626],"rotation":{"angle":-22.5,"axis":"y","origin":[7.0988626,6.857143,7.6960626]},"faces":{"east":{"uv":[0.0,0.0,0.0,0.25],"rotation":0,"texture":"#0","tintindex":0},"south":{"uv":[8.75,8.25,8.25,8.5],"rotation":0,"texture":"#0","tintindex":0},"north":{"uv":[0.5,8.5,0.0,8.75],"rotation":0,"texture":"#0","tintindex":0},"west":{"uv":[0.0,0.0,0.0,0.25],"rotation":0,"texture":"#0","tintindex":0},"up":{"uv":[0.5,0.0,0.0,0.0],"rotation":0,"texture":"#0","tintindex":0},"down":{"uv":[0.5,0.0,0.0,0.0],"rotation":0,"texture":"#0","tintindex":0}}}],"display":{"head":{"translation":[0.0,-6.4,0.0],"scale":[4.0,4.0,4.0]}}}