{"textures":{"0":"modelengine:entity/crab"},"elements":[{"from":[6.523549,6.0,7.0103526],"to":[7.666406,7.714286,8.15321],"rotation":{"angle":-22.5,"axis":"y","origin":[6.523549,6.857143,5.867495]},"faces":{"east":{"uv":[2.5,6.75,2.0,7.5],"rotation":0,"texture":"#0","tintindex":0},"south":{"uv":[2.0,6.75,1.5,7.5],"rotation":0,"texture":"#0","tintindex":0},"north":{"uv":[7.25,2.0,6.75,2.75],"rotation":0,"texture":"#0","tintindex":0},"west":{"uv":[3.0,6.75,2.5,7.5],"rotation":0,"texture":"#0","tintindex":0},"up":{"uv":[7.5,7.75,7.0,8.25],"rotation":0,"texture":"#0","tintindex":0},"down":{"uv":[8.0,8.25,7.5,7.75],"rotation":0,"texture":"#0","tintindex":0}}},{"from":[7.0949774,7.714286,7.581781],"to":[8.237835,8.285714,7.581781],"rotation":{"angle":-22.5,"axis":"y","origin":[6.523549,6.857143,5.867495]},"faces":{"east":{"uv":[0.0,0.0,0.0,0.25],"rotation":0,"texture":"#0","tintindex":0},"south":{"uv":[9.0,0.0,8.5,0.25],"rotation":0,"texture":"#0","tintindex":0},"north":{"uv":[9.0,0.25,8.5,0.5],"rotation":0,"texture":"#0","tintindex":0},"west":{"uv":[0.0,0.0,0.0,0.25],"rotation":0,"texture":"#0","tintindex":0},"up":{"uv":[0.5,0.0,0.0,0.0],"rotation":0,"texture":"#0","tintindex":0},"down":{"uv":[0.5,0.0,0.0,0.0],"rotation":0,"texture":"#0","tintindex":0}}},{"from":[6.523549,5.428571,7.581781],"to":[7.666406,6.0,7.581781],"rotation":{"angle":-22.5,"axis":"y","origin":[6.523549,6.857143,5.867495]},"faces":{"east":{"uv":[0.0,0.0,0.0,0.25],"rotation":0,"texture":"#0","tintindex":0},"south":{"uv":[8.75,8.25,8.25,8.5],"rotation":0,"texture":"#0","tintindex":0},"north":{"uv":[0.5,8.5,0.0,8.75],"rotation":0,"texture":"#0","tintindex":0},"west":{"uv":[0.0,0.0,0.0,0.25],"rotation":0,"texture":"#0","tintindex":0},"up":{"uv":[0.5,0.0,0.0,0.0],"rotation":0,"texture":"#0","tintindex":0},"down":{"uv":[0.5,0.0,0.0,0.0],"rotation":0,"texture":"#0","tintindex":0}}}],"display":{"head":{"translation":[0.0,-6.4,0.0],"scale":[4.0,4.0,4.0]}}}