{"textures":{"0":"modelengine:entity/crab"},"elements":[{"from":[7.857143,7.714286,7.714286],"to":[9.0,8.285714,7.714286],"rotation":{"angle":22.5,"axis":"y","origin":[8.857143,6.857143,7.714286]},"faces":{"east":{"uv":[0.0,0.0,0.0,0.25],"rotation":0,"texture":"#0","tintindex":0},"south":{"uv":[8.5,0.0,9.0,0.25],"rotation":0,"texture":"#0","tintindex":0},"north":{"uv":[8.5,0.25,9.0,0.5],"rotation":0,"texture":"#0","tintindex":0},"west":{"uv":[0.0,0.0,0.0,0.25],"rotation":0,"texture":"#0","tintindex":0},"up":{"uv":[0.0,0.0,0.5,0.0],"rotation":0,"texture":"#0","tintindex":0},"down":{"uv":[0.0,0.0,0.5,0.0],"rotation":0,"texture":"#0","tintindex":0}}},{"from":[8.428572,6.0,7.142857],"to":[9.571428,7.714286,8.285714],"rotation":{"angle":22.5,"axis":"y","origin":[8.857143,6.857143,7.714286]},"faces":{"east":{"uv":[2.5,6.75,3.0,7.5],"rotation":0,"texture":"#0","tintindex":0},"south":{"uv":[1.5,6.75,2.0,7.5],"rotation":0,"texture":"#0","tintindex":0},"north":{"uv":[6.75,2.0,7.25,2.75],"rotation":0,"texture":"#0","tintindex":0},"west":{"uv":[2.0,6.75,2.5,7.5],"rotation":0,"texture":"#0","tintindex":0},"up":{"uv":[7.0,7.75,7.5,8.25],"rotation":0,"texture":"#0","tintindex":0},"down":{"uv":[7.5,8.25,8.0,7.75],"rotation":0,"texture":"#0","tintindex":0}}},{"from":[8.428572,5.428571,7.714286],"to":[9.571428,6.0,7.714286],"rotation":{"angle":22.5,"axis":"y","origin":[8.857143,6.857143,7.714286]},"faces":{"east":{"uv":[0.0,0.0,0.0,0.25],"rotation":0,"texture":"#0","tintindex":0},"south":{"uv":[8.25,8.25,8.75,8.5],"rotation":0,"texture":"#0","tintindex":0},"north":{"uv":[0.0,8.5,0.5,8.75],"rotation":0,"texture":"#0","tintindex":0},"west":{"uv":[0.0,0.0,0.0,0.25],"rotation":0,"texture":"#0","tintindex":0},"up":{"uv":[0.0,0.0,0.5,0.0],"rotation":0,"texture":"#0","tintindex":0},"down":{"uv":[0.0,0.0,0.5,0.0],"rotation":0,"texture":"#0","tintindex":0}}}],"display":{"head":{"translation":[0.0,-6.4,0.0],"scale":[4.0,4.0,4.0]}}}