{"textures":{"0":"modelengine:entity/crab"},"elements":[{"from":[7.190737,7.714286,7.55321],"to":[8.333593,8.285714,7.55321],"rotation":{"angle":22.5,"axis":"y","origin":[8.905023,6.857143,5.8389235]},"faces":{"east":{"uv":[0.0,0.0,0.0,0.25],"rotation":0,"texture":"#0","tintindex":0},"south":{"uv":[8.5,0.0,9.0,0.25],"rotation":0,"texture":"#0","tintindex":0},"north":{"uv":[8.5,0.25,9.0,0.5],"rotation":0,"texture":"#0","tintindex":0},"west":{"uv":[0.0,0.0,0.0,0.25],"rotation":0,"texture":"#0","tintindex":0},"up":{"uv":[0.0,0.0,0.5,0.0],"rotation":0,"texture":"#0","tintindex":0},"down":{"uv":[0.0,0.0,0.5,0.0],"rotation":0,"texture":"#0","tintindex":0}}},{"from":[7.762165,6.0,6.981781],"to":[8.905023,7.714286,8.124639],"rotation":{"angle":22.5,"axis":"y","origin":[8.905023,6.857143,5.8389235]},"faces":{"east":{"uv":[2.5,6.75,3.0,7.5],"rotation":0,"texture":"#0","tintindex":0},"south":{"uv":[1.5,6.75,2.0,7.5],"rotation":0,"texture":"#0","tintindex":0},"north":{"uv":[6.75,2.0,7.25,2.75],"rotation":0,"texture":"#0","tintindex":0},"west":{"uv":[2.0,6.75,2.5,7.5],"rotation":0,"texture":"#0","tintindex":0},"up":{"uv":[7.0,7.75,7.5,8.25],"rotation":0,"texture":"#0","tintindex":0},"down":{"uv":[7.5,8.25,8.0,7.75],"rotation":0,"texture":"#0","tintindex":0}}},{"from":[7.762165,5.428571,7.55321],"to":[8.905023,6.0,7.55321],"rotation":{"angle":22.5,"axis":"y","origin":[8.905023,6.857143,5.8389235]},"faces":{"east":{"uv":[0.0,0.0,0.0,0.25],"rotation":0,"texture":"#0","tintindex":0},"south":{"uv":[8.25,8.25,8.75,8.5],"rotation":0,"texture":"#0","tintindex":0},"north":{"uv":[0.0,8.5,0.5,8.75],"rotation":0,"texture":"#0","tintindex":0},"west":{"uv":[0.0,0.0,0.0,0.25],"rotation":0,"texture":"#0","tintindex":0},"up":{"uv":[0.0,0.0,0.5,0.0],"rotation":0,"texture":"#0","tintindex":0},"down":{"uv":[0.0,0.0,0.5,0.0],"rotation":0,"texture":"#0","tintindex":0}}}],"display":{"head":{"translation":[0.0,-6.4,0.0],"scale":[4.0,4.0,4.0]}}}