{"textures":{"0":"modelengine:entity/crab"},"elements":[{"from":[6.8352337,7.3506494,6.852523],"to":[8.54952,8.493506,7.99538],"rotation":{"angle":-22.5,"axis":"y","origin":[6.549519,7.9107556,8.07299]},"faces":{"east":{"uv":[6.75,8.0,6.25,8.5],"rotation":0,"texture":"#0","tintindex":0},"south":{"uv":[8.0,5.25,7.25,5.75],"rotation":0,"texture":"#0","tintindex":0},"north":{"uv":[7.5,5.75,6.75,6.25],"rotation":0,"texture":"#0","tintindex":0},"west":{"uv":[6.25,8.0,5.75,8.5],"rotation":0,"texture":"#0","tintindex":0},"up":{"uv":[7.25,6.75,8.0,6.25],"rotation":0,"texture":"#0","tintindex":0},"down":{"uv":[7.25,6.75,8.0,7.25],"rotation":0,"texture":"#0","tintindex":0}}}],"display":{"head":{"translation":[0.0,-6.4,0.0],"scale":[4.0,4.0,4.0]}}}