{"textures":{"0":"modelengine:entity/crab"},"elements":[{"from":[5.0571427,7.382751,7.208103],"to":[7.9142857,7.382751,8.636675],"rotation":{"angle":-22.5,"axis":"y","origin":[7.542857,8.0,8.571428]},"faces":{"east":{"uv":[0.75,0.0,0.0,0.0],"rotation":0,"texture":"#0","tintindex":0},"south":{"uv":[1.25,0.0,0.0,0.0],"rotation":0,"texture":"#0","tintindex":0},"north":{"uv":[1.25,0.0,0.0,0.0],"rotation":0,"texture":"#0","tintindex":0},"west":{"uv":[0.75,0.0,0.0,0.0],"rotation":0,"texture":"#0","tintindex":0},"up":{"uv":[3.0,4.75,4.25,4.0],"rotation":0,"texture":"#0","tintindex":0},"down":{"uv":[4.25,4.0,5.5,4.75],"rotation":0,"texture":"#0","tintindex":0}}},{"from":[7.9142857,7.382751,7.208103],"to":[7.9142857,8.525608,8.636675],"rotation":{"angle":-22.5,"axis":"y","origin":[7.542857,8.0,8.571428]},"faces":{"east":{"uv":[0.75,7.5,0.0,8.0],"rotation":0,"texture":"#0","tintindex":0},"south":{"uv":[0.0,0.0,0.0,0.5],"rotation":0,"texture":"#0","tintindex":0},"north":{"uv":[0.0,0.0,0.0,0.5],"rotation":0,"texture":"#0","tintindex":0},"west":{"uv":[8.0,7.25,7.25,7.75],"rotation":0,"texture":"#0","tintindex":0},"up":{"uv":[0.0,0.75,0.0,0.0],"rotation":0,"texture":"#0","tintindex":0},"down":{"uv":[0.0,0.0,0.0,0.75],"rotation":0,"texture":"#0","tintindex":0}}},{"from":[5.0571427,7.382751,7.208103],"to":[7.9142857,8.525608,7.208103],"rotation":{"angle":-22.5,"axis":"y","origin":[7.542857,8.0,8.571428]},"faces":{"east":{"uv":[0.0,0.0,0.0,0.5],"rotation":0,"texture":"#0","tintindex":0},"south":{"uv":[6.75,3.75,5.5,4.25],"rotation":0,"texture":"#0","tintindex":0},"north":{"uv":[5.0,5.5,3.75,6.0],"rotation":0,"texture":"#0","tintindex":0},"west":{"uv":[0.0,0.0,0.0,0.5],"rotation":0,"texture":"#0","tintindex":0},"up":{"uv":[0.0,0.0,1.25,0.0],"rotation":0,"texture":"#0","tintindex":0},"down":{"uv":[0.0,0.0,1.25,0.0],"rotation":0,"texture":"#0","tintindex":0}}},{"from":[5.0571427,7.382751,7.208103],"to":[5.0571427,8.525608,8.636675],"rotation":{"angle":-22.5,"axis":"y","origin":[7.542857,8.0,8.571428]},"faces":{"east":{"uv":[2.25,7.5,1.5,8.0],"rotation":0,"texture":"#0","tintindex":0},"south":{"uv":[0.0,0.0,0.0,0.5],"rotation":0,"texture":"#0","tintindex":0},"north":{"uv":[0.0,0.0,0.0,0.5],"rotation":0,"texture":"#0","tintindex":0},"west":{"uv":[1.5,7.5,0.75,8.0],"rotation":0,"texture":"#0","tintindex":0},"up":{"uv":[0.0,0.75,0.0,0.0],"rotation":0,"texture":"#0","tintindex":0},"down":{"uv":[0.0,0.0,0.0,0.75],"rotation":0,"texture":"#0","tintindex":0}}},{"from":[5.0571427,7.382751,8.636675],"to":[7.9142857,8.525608,8.636675],"rotation":{"angle":-22.5,"axis":"y","origin":[7.542857,8.0,8.571428]},"faces":{"east":{"uv":[0.0,0.0,0.0,0.5],"rotation":0,"texture":"#0","tintindex":0},"south":{"uv":[6.75,3.25,5.5,3.75],"rotation":0,"texture":"#0","tintindex":0},"north":{"uv":[6.75,2.75,5.5,3.25],"rotation":0,"texture":"#0","tintindex":0},"west":{"uv":[0.0,0.0,0.0,0.5],"rotation":0,"texture":"#0","tintindex":0},"up":{"uv":[0.0,0.0,1.25,0.0],"rotation":0,"texture":"#0","tintindex":0},"down":{"uv":[0.0,0.0,1.25,0.0],"rotation":0,"texture":"#0","tintindex":0}}}],"display":{"head":{"translation":[0.0,-6.4,0.0],"scale":[4.0,4.0,4.0]}}}