{"textures":{"0":"modelengine:entity/crab"},"elements":[{"from":[5.3625803,7.3142858,6.601237],"to":[8.36258,8.457143,6.601237],"rotation":{"angle":-22.5,"axis":"y","origin":[6.7911515,7.6571426,7.4583797]},"faces":{"east":{"uv":[0.0,0.0,0.0,0.5],"rotation":0,"texture":"#0","tintindex":0},"south":{"uv":[1.25,5.75,0.0,6.25],"rotation":0,"texture":"#0","tintindex":0},"north":{"uv":[6.25,5.5,5.0,6.0],"rotation":0,"texture":"#0","tintindex":0},"west":{"uv":[0.0,0.0,0.0,0.5],"rotation":0,"texture":"#0","tintindex":0},"up":{"uv":[0.0,0.0,1.25,0.0],"rotation":0,"texture":"#0","tintindex":0},"down":{"uv":[0.0,0.0,1.25,0.0],"rotation":0,"texture":"#0","tintindex":0}}},{"from":[5.3625803,8.457143,6.601237],"to":[8.36258,8.457143,8.315522],"rotation":{"angle":-22.5,"axis":"y","origin":[6.7911515,7.6571426,7.4583797]},"faces":{"east":{"uv":[0.75,0.0,0.0,0.0],"rotation":0,"texture":"#0","tintindex":0},"south":{"uv":[1.25,0.0,0.0,0.0],"rotation":0,"texture":"#0","tintindex":0},"north":{"uv":[1.25,0.0,0.0,0.0],"rotation":0,"texture":"#0","tintindex":0},"west":{"uv":[0.75,0.0,0.0,0.0],"rotation":0,"texture":"#0","tintindex":0},"up":{"uv":[3.0,5.5,4.25,4.75],"rotation":0,"texture":"#0","tintindex":0},"down":{"uv":[4.25,4.75,5.5,5.5],"rotation":0,"texture":"#0","tintindex":0}}},{"from":[5.3625803,7.3142858,6.601237],"to":[5.3625803,8.457143,8.315522],"rotation":{"angle":-22.5,"axis":"y","origin":[6.7911515,7.6571426,7.4583797]},"faces":{"east":{"uv":[8.25,5.75,7.5,6.25],"rotation":0,"texture":"#0","tintindex":0},"south":{"uv":[0.0,0.0,0.0,0.5],"rotation":0,"texture":"#0","tintindex":0},"north":{"uv":[0.0,0.0,0.0,0.5],"rotation":0,"texture":"#0","tintindex":0},"west":{"uv":[6.25,7.5,5.5,8.0],"rotation":0,"texture":"#0","tintindex":0},"up":{"uv":[0.0,0.75,0.0,0.0],"rotation":0,"texture":"#0","tintindex":0},"down":{"uv":[0.0,0.0,0.0,0.75],"rotation":0,"texture":"#0","tintindex":0}}},{"from":[5.3625803,7.3142858,8.315522],"to":[8.36258,8.457143,8.315522],"rotation":{"angle":-22.5,"axis":"y","origin":[6.7911515,7.6571426,7.4583797]},"faces":{"east":{"uv":[0.0,0.0,0.0,0.5],"rotation":0,"texture":"#0","tintindex":0},"south":{"uv":[6.75,4.75,5.5,5.25],"rotation":0,"texture":"#0","tintindex":0},"north":{"uv":[6.75,4.25,5.5,4.75],"rotation":0,"texture":"#0","tintindex":0},"west":{"uv":[0.0,0.0,0.0,0.5],"rotation":0,"texture":"#0","tintindex":0},"up":{"uv":[0.0,0.0,1.25,0.0],"rotation":0,"texture":"#0","tintindex":0},"down":{"uv":[0.0,0.0,1.25,0.0],"rotation":0,"texture":"#0","tintindex":0}}},{"from":[8.36258,7.3142858,6.601237],"to":[8.36258,8.457143,8.315522],"rotation":{"angle":-22.5,"axis":"y","origin":[6.7911515,7.6571426,7.4583797]},"faces":{"east":{"uv":[5.5,7.5,4.75,8.0],"rotation":0,"texture":"#0","tintindex":0},"south":{"uv":[0.0,0.0,0.0,0.5],"rotation":0,"texture":"#0","tintindex":0},"north":{"uv":[0.0,0.0,0.0,0.5],"rotation":0,"texture":"#0","tintindex":0},"west":{"uv":[3.0,7.5,2.25,8.0],"rotation":0,"texture":"#0","tintindex":0},"up":{"uv":[0.0,0.75,0.0,0.0],"rotation":0,"texture":"#0","tintindex":0},"down":{"uv":[0.0,0.0,0.0,0.75],"rotation":0,"texture":"#0","tintindex":0}}}],"display":{"head":{"translation":[0.0,-6.4,0.0],"scale":[4.0,4.0,4.0]}}}