{"textures":{"0":"modelengine:entity/glacial_furbeak"},"elements":[{"from":[6.934914,6.6756573,4.367714],"to":[9.065085,8.095772,7.918],"rotation":{"angle":0.0,"axis":"y","origin":[8.0,10.847243,16.166584]},"faces":{"east":{"uv":[6.265,3.765,6.875,3.985],"rotation":0,"texture":"#0","tintindex":0},"south":{"uv":[9.515,0.015,9.875,0.235],"rotation":0,"texture":"#0","tintindex":0},"north":{"uv":[9.265,6.765,9.625,6.985],"rotation":0,"texture":"#0","tintindex":0},"west":{"uv":[8.515,8.515,9.125,8.735],"rotation":0,"texture":"#0","tintindex":0},"up":{"uv":[8.875,4.625,8.515,4.015],"rotation":0,"texture":"#0","tintindex":0},"down":{"uv":[8.875,5.015,8.515,5.625],"rotation":0,"texture":"#0","tintindex":0}}}],"display":{"head":{"translation":[0.0,-6.4,0.0],"scale":[4.0,4.0,4.0]}}}