{"textures":{"2":"modelengine:entity/creeper_armor_2"},"elements":[{"from":[5.142857,6.857143,5.714286],"to":[10.857143,14.857143,10.285714],"rotation":{"angle":0.0,"axis":"y","origin":[8.0,4.5714283,8.0]},"faces":{"east":{"uv":[0.0,4.5,1.0,7.0],"rotation":0,"texture":"#2","tintindex":0},"south":{"uv":[3.5,4.5,5.0,7.0],"rotation":0,"texture":"#2","tintindex":0},"north":{"uv":[1.0,4.5,2.5,7.0],"rotation":0,"texture":"#2","tintindex":0},"west":{"uv":[2.5,4.5,3.5,7.0],"rotation":0,"texture":"#2","tintindex":0},"up":{"uv":[2.5,4.5,1.0,3.5],"rotation":0,"texture":"#2","tintindex":0},"down":{"uv":[4.0,3.5,2.5,4.5],"rotation":0,"texture":"#2","tintindex":0}}},{"from":[10.857143,14.857143,10.285714],"to":[5.142857,6.857143,5.714286],"rotation":{"angle":0.0,"axis":"y","origin":[8.0,4.5714283,8.0]},"faces":{"east":{"uv":[2.5,7.0,3.5,4.5],"rotation":0,"texture":"#2","tintindex":0},"south":{"uv":[1.0,7.0,2.5,4.5],"rotation":0,"texture":"#2","tintindex":0},"north":{"uv":[3.5,7.0,5.0,4.5],"rotation":0,"texture":"#2","tintindex":0},"west":{"uv":[0.0,7.0,1.0,4.5],"rotation":0,"texture":"#2","tintindex":0},"up":{"uv":[2.5,3.5,4.0,4.5],"rotation":0,"texture":"#2","tintindex":0},"down":{"uv":[1.0,4.5,2.5,3.5],"rotation":0,"texture":"#2","tintindex":0}}}],"display":{"head":{"translation":[0.0,-6.4,0.0],"scale":[4.0,4.0,4.0]}}}