{"textures":{"0":"modelengine:entity/dark_oak_creeper"},"elements":[{"from":[6.285714,4.5714283,6.857143],"to":[9.142858,8.0,9.142858],"rotation":{"angle":0.0,"axis":"y","origin":[9.142858,4.5714283,5.714286]},"faces":{"east":{"uv":[10.0,3.5,11.0,5.0],"rotation":0,"texture":"#0","tintindex":0},"south":{"uv":[13.25,3.5,14.5,5.0],"rotation":0,"texture":"#0","tintindex":0},"north":{"uv":[11.0,3.5,12.25,5.0],"rotation":0,"texture":"#0","tintindex":0},"west":{"uv":[12.25,3.5,13.25,5.0],"rotation":0,"texture":"#0","tintindex":0},"up":{"uv":[12.25,3.5,11.0,2.5],"rotation":0,"texture":"#0","tintindex":0},"down":{"uv":[13.5,2.5,12.25,3.5],"rotation":0,"texture":"#0","tintindex":0}}}],"display":{"head":{"translation":[0.0,-6.4,0.0],"scale":[4.0,4.0,4.0]}}}