{
  "clang_bot.step": {
    "sounds": [
      {
        "name": "clang_bot/clangbot_step0",
		"stream": false,
        "volume": 1.0,
        "pitch": 1
      },
      {
        "name": "clang_bot/clangbot_step1",
		"stream": false,
        "volume": 1.0,
        "pitch": 1
      },
      {
        "name": "clang_bot/clangbot_step2",
		"stream": false,
        "volume": 1.0,
        "pitch": 1
      },
      {
        "name": "clang_bot/clangbot_step3",
		"stream": false,
        "volume": 1.0,
        "pitch": 1
      },
      {
        "name": "clang_bot/clangbot_step4",
		"stream": false,
        "volume": 1.0,
        "pitch": 1
      },
      {
        "name": "clang_bot/clangbot_step5",
		"stream": false,
        "volume": 1.0,
        "pitch": 1
      },
      {
        "name": "clang_bot/clangbot_step6",
		"stream": false,
        "volume": 1.0,
        "pitch": 1
      },
      {
        "name": "clang_bot/clangbot_step7",
		"stream": false,
        "volume": 1.0,
        "pitch": 1
      }
    ]
  },
  "clang_bot.clang": {
	"sounds": [
	  {
	    "name": "clang_bot/clangbot_clang",
		"stream": false,
        "volume": 1.0,
        "pitch": 1
	  },
	  {
	    "name": "clang_bot/clangbot_clang",
		"stream": false,
        "volume": 1.0,
        "pitch": 1.1
	  },
	  {
	    "name": "clang_bot/clangbot_clang",
		"stream": false,
        "volume": 1.0,
        "pitch": 0.9
	  }
	]
  },
  "clang_bot.chargeup_overhead": {
	"sounds": [
	  {
	    "name": "clang_bot/clangbot_chargeup2_overhead",
		"stream": false,
        "volume": 1.0,
        "pitch": 1
	  }
	]
  },
  "clang_bot.chargeup_uppercut": {
	"sounds": [
	  {
	    "name": "clang_bot/clangbot_chargeup0_uppercut",
		"stream": false,
        "volume": 1.0,
        "pitch": 1
	  }
	]
  },
  "clang_bot.chargeup_tornado": {
	"sounds": [
	  {
	    "name": "clang_bot/clangbot_chargeup1_tornado",
		"stream": false,
        "volume": 1.0,
        "pitch": 1
	  }
	]
  },
  "clang_bot.chargeup_groundswipe": {
	"sounds": [
	  {
	    "name": "clang_bot/clangbot_chargeup3_groundswipe",
		"stream": false,
        "volume": 1.0,
        "pitch": 1
	  }
	]
  },
  "clang_bot.pow": {
	"sounds": [
	  {
		"name": "clang_bot/clang_pow",
		"stream": false,
		"volume": 1.0,
		"pitch": 1
	  }
	]
  },
  "clang_bot.greeting": {
	"sounds": [
	  {
		"name": "clang_bot/clang_bot_greeting",
		"stream": false,
		"volume": 1.0,
		"pitch": 1
	  }
	]
  },
  "clang_bot.death": {
	"sounds": [
	  {
	    "name": "clang_bot/clangbot_death",
		"stream": false,
        "volume": 1.0,
        "pitch": 1
	  }
	]
  },
  "clang_bot.hammershoot": {
	"sounds": [
	  {
	    "name": "clang_bot/clangbot_hammershoot",
		"stream": false,
        "volume": 1.0,
        "pitch": 1
	  }
	]
  },
  "clang_bot.hammershoot2": {
	"sounds": [
	  {
	    "name": "clang_bot/clangbot_hammershoot2",
		"stream": false,
        "volume": 1.0,
        "pitch": 1
	  }
	]
  },
  "clang_ai.blast": {
	"sounds": [
	  {
	    "name": "clang_bot/clang_ai_blast",
		"stream": false,
        "volume": 1.0,
        "pitch": 1
	  }
	]
  },
  "clang_ai.booster": {
	"sounds": [
	  {
	    "name": "clang_bot/clang_ai_booster",
		"stream": false,
        "volume": 1.0,
        "pitch": 1
	  }
	]
  },
  "clang_ai.heavyblast": {
	"sounds": [
	  {
	    "name": "clang_bot/clang_ai_heavyblast",
		"stream": false,
        "volume": 1.0,
        "pitch": 1
	  }
	]
  },
  "clang_ai.nothingpersonnel_chargeup": {
	"sounds": [
	  {
	    "name": "clang_bot/clang_ai_nothingpersonnel_chargeup",
		"stream": false,
        "volume": 1.0,
        "pitch": 1
	  }
	]
  },
  "clang_ai.nothingpersonnel_end": {
	"sounds": [
	  {
	    "name": "clang_bot/clang_ai_nothingpersonnel_end",
		"stream": false,
        "volume": 1.0,
        "pitch": 1
	  }
	]
  },
  "clang_ai.orbital": {
	"sounds": [
	  {
	    "name": "clang_bot/clang_ai_orbital",
		"stream": false,
        "volume": 1.0,
        "pitch": 1
	  }
	]
  },
  "clang_bot_defeat0": {
	"sounds": [
	  {
	    "name": "clang_bot/clang_bot_defeat0",
		"stream": false,
        "volume": 1.0,
        "pitch": 1
	  }
	]
  },
  "clang_bot_defeat1": {
	"sounds": [
	  {
	    "name": "clang_bot/clang_bot_defeat1",
		"stream": false,
        "volume": 1.0,
        "pitch": 1
	  }
	]
  },
  "clang_bot_defeat2": {
	"sounds": [
	  {
	    "name": "clang_bot/clang_bot_defeat2",
		"stream": false,
        "volume": 1.0,
        "pitch": 1
	  }
	]
  },
  "clang_bot_molting": {
	"sounds": [
	  {
	    "name": "clang_bot/clang_bot_molting",
		"stream": false,
        "volume": 1.0,
        "pitch": 1
	  }
	]
  },
  "clang_ai_evasion0": {
	"sounds": [
	  {
	    "name": "clang_bot/clang_ai_evasion0",
		"stream": false,
        "volume": 1.0,
        "pitch": 1
	  }
	]
  },
  "clang_ai_evasion1": {
	"sounds": [
	  {
	    "name": "clang_bot/clang_ai_evasion1",
		"stream": false,
        "volume": 1.0,
        "pitch": 1
	  }
	]
  },
  "clang_ai_evasion2": {
	"sounds": [
	  {
	    "name": "clang_bot/clang_ai_evasion2",
		"stream": false,
        "volume": 1.0,
        "pitch": 1
	  }
	]
  },
  "clang_ai_evasion3": {
	"sounds": [
	  {
	    "name": "clang_bot/clang_ai_evasion3",
		"stream": false,
        "volume": 1.0,
        "pitch": 1
	  }
	]
  },
  "clang_ai_np0": {
	"sounds": [
	  {
	    "name": "clang_bot/clang_ai_np0",
		"stream": false,
        "volume": 1.0,
        "pitch": 1
	  }
	]
  },
  "clang_ai_np1": {
	"sounds": [
	  {
	    "name": "clang_bot/clang_ai_np1",
		"stream": false,
        "volume": 1.0,
        "pitch": 1
	  }
	]
  },
  "clang_ai_np2": {
	"sounds": [
	  {
	    "name": "clang_bot/clang_ai_np2",
		"stream": false,
        "volume": 1.0,
        "pitch": 1
	  }
	]
  },
  "clang_ai_defeat": {
	"sounds": [
	  {
	    "name": "clang_bot/clang_ai_defeat",
		"stream": false,
        "volume": 1.0,
        "pitch": 1
	  }
	]
  },
  "clang_ai_combat_on": {
	"sounds": [
	  {
	    "name": "clang_bot/clang_ai_combat_on",
		"stream": false,
        "volume": 1.0,
        "pitch": 1
	  }
	]
  },
  "clang_ai_combat_off": {
	"sounds": [
	  {
	    "name": "clang_bot/clang_ai_combat_off",
		"stream": false,
        "volume": 1.0,
        "pitch": 1
	  }
	]
  },
  "clang_ai_scanning": {
	"sounds": [
	  {
	    "name": "clang_bot/clang_ai_scanning",
		"stream": false,
        "volume": 1.0,
        "pitch": 1
	  }
	]
  },
  "clang_ai_noredstone": {
	"sounds": [
	  {
	    "name": "clang_bot/clang_ai_noredstone",
		"stream": false,
        "volume": 1.0,
        "pitch": 1
	  }
	]
  },
  "clang_ai_jet0": {
	"sounds": [
	  {
	    "name": "clang_bot/clang_ai_jet0",
		"stream": false,
        "volume": 1.0,
        "pitch": 1
	  }
	]
  },
  "clang_ai_jet1": {
	"sounds": [
	  {
	    "name": "clang_bot/clang_ai_jet1",
		"stream": false,
        "volume": 1.0,
        "pitch": 1
	  }
	]
  },
  "clang_ai_jet2": {
	"sounds": [
	  {
	    "name": "clang_bot/clang_ai_jet2",
		"stream": false,
        "volume": 1.0,
        "pitch": 1
	  }
	]
  },
  "clang_bot.idle": {
	"sounds": [
	  {
	    "name": "clang_bot/clangbot_idle0",
		"stream": false,
        "volume": 1.0,
        "pitch": 1
	  },
	  {
	    "name": "clang_bot/clangbot_idle1",
		"stream": false,
        "volume": 1.0,
        "pitch": 1
	  },
	  {
	    "name": "clang_bot/clangbot_idle2",
		"stream": false,
        "volume": 1.0,
        "pitch": 1
	  },
	  {
	    "name": "clang_bot/clangbot_idle3",
		"stream": false,
        "volume": 1.0,
        "pitch": 1
	  },
	  {
	    "name": "clang_bot/clangbot_idle4",
		"stream": false,
        "volume": 1.0,
        "pitch": 1
	  },
	  {
	    "name": "clang_bot/clangbot_idle5",
		"stream": false,
        "volume": 1.0,
        "pitch": 1
	  }
	]
  },
   "dragonsentinel.death": {
        "sounds": [
            "littleroom/dragon_sentinel/death"
        ]
    },
    "dragonsentinel.dragon_flamebreath": {
        "sounds": [
            "littleroom/dragon_sentinel/dragon_flamebreath"
        ]
    },
    "dragonsentinel.dragon_wing_flap": {
        "sounds": [
            "littleroom/dragon_sentinel/dragon_wing_flap"
        ]
    },
    "dragonsentinel.fire_woosh": {
        "sounds": [
            "littleroom/dragon_sentinel/fire_woosh_1",
            "littleroom/dragon_sentinel/fire_woosh_2",
            "littleroom/dragon_sentinel/fire_woosh_3"
        ]
    },
    "dragonsentinel.impact": {
        "sounds": [
            "littleroom/dragon_sentinel/impact1",
            "littleroom/dragon_sentinel/impact2",
            "littleroom/dragon_sentinel/impact3",
            "littleroom/dragon_sentinel/impact4"
        ]
    },
    "dragonsentinel.jump": {
        "sounds": [
            "littleroom/dragon_sentinel/jump"
        ]
    },
    "dragonsentinel.swing": {
        "sounds": [
            "littleroom/dragon_sentinel/swing1",
            "littleroom/dragon_sentinel/swing2",
            "littleroom/dragon_sentinel/swing3",
            "littleroom/dragon_sentinel/swing4",
            "littleroom/dragon_sentinel/swing5"
        ]
    },
    "dragonsentinel.vox_grunt": {
        "sounds": [
            "littleroom/dragon_sentinel/vox_grunt_1",
            "littleroom/dragon_sentinel/vox_grunt_2",
            "littleroom/dragon_sentinel/vox_grunt_3",
            "littleroom/dragon_sentinel/vox_grunt_4"
        ]
    },
    "dragonsentinel.vox_laugh": {
        "sounds": [
            "littleroom/dragon_sentinel/vox_laugh_1",
            "littleroom/dragon_sentinel/vox_laugh_2"
        ]
    },
    "dragonsentinel.vox_pain": {
        "sounds": [
            "littleroom/dragon_sentinel/vox_pain_1",
            "littleroom/dragon_sentinel/vox_pain_2",
            "littleroom/dragon_sentinel/vox_pain_3",
            "littleroom/dragon_sentinel/vox_pain_4"
        ]
    },
    "dragonsentinel.vox_jump": {
        "sounds": [
            "littleroom/dragon_sentinel/vox_jump_1",
            "littleroom/dragon_sentinel/vox_jump_2",
            "littleroom/dragon_sentinel/vox_jump_3"
        ]
    },
    "dragonsentinel.vox_dragonform": {
        "sounds": [
            "littleroom/dragon_sentinel/vox_dragonform"
        ]
    }
}