{"textures":{"0":"modelengine:entity/fish_school"},"elements":[{"from":[8.571428,7.3835044,11.328571],"to":[9.142858,9.09779,13.614286],"rotation":{"angle":0.0,"axis":"y","origin":[8.571428,7.3835044,13.042857]},"faces":{"east":{"uv":[5.0,0.0,9.0,3.0],"rotation":0,"texture":"#0","tintindex":0},"south":{"uv":[8.0,6.0,9.0,9.0],"rotation":0,"texture":"#0","tintindex":0},"north":{"uv":[7.0,6.0,8.0,9.0],"rotation":0,"texture":"#0","tintindex":0},"west":{"uv":[5.0,3.0,9.0,6.0],"rotation":0,"texture":"#0","tintindex":0},"up":{"uv":[6.0,10.0,5.0,6.0],"rotation":0,"texture":"#0","tintindex":0},"down":{"uv":[7.0,6.0,6.0,10.0],"rotation":0,"texture":"#0","tintindex":0}}},{"from":[8.857143,7.0977902,11.9],"to":[8.857143,9.954933,14.757143],"rotation":{"angle":0.0,"axis":"y","origin":[8.571428,7.6692185,13.042857]},"faces":{"east":{"uv":[5.0,5.0,0.0,10.0],"rotation":0,"texture":"#0","tintindex":0},"south":{"uv":[0.0,0.0,0.0,5.0],"rotation":0,"texture":"#0","tintindex":0},"north":{"uv":[0.0,0.0,0.0,5.0],"rotation":0,"texture":"#0","tintindex":0},"west":{"uv":[0.0,5.0,5.0,10.0],"rotation":0,"texture":"#0","tintindex":0},"up":{"uv":[0.0,5.0,0.0,0.0],"rotation":0,"texture":"#0","tintindex":0},"down":{"uv":[0.0,0.0,0.0,5.0],"rotation":0,"texture":"#0","tintindex":0}}},{"from":[7.97847,8.349458,11.9],"to":[8.549898,8.349458,13.042857],"rotation":{"angle":22.5,"axis":"z","origin":[8.835613,8.349458,12.471429]},"faces":{"east":{"uv":[0.0,0.0,2.0,0.0],"rotation":0,"texture":"#0","tintindex":0},"south":{"uv":[0.0,0.0,1.0,0.0],"rotation":0,"texture":"#0","tintindex":0},"north":{"uv":[0.0,0.0,1.0,0.0],"rotation":0,"texture":"#0","tintindex":0},"west":{"uv":[0.0,0.0,2.0,0.0],"rotation":0,"texture":"#0","tintindex":0},"up":{"uv":[10.0,2.0,9.0,0.0],"rotation":0,"texture":"#0","tintindex":0},"down":{"uv":[10.0,2.0,9.0,4.0],"rotation":0,"texture":"#0","tintindex":0}}},{"from":[9.164387,8.349458,11.9],"to":[9.735816,8.349458,13.042857],"rotation":{"angle":-22.5,"axis":"z","origin":[8.878673,8.349458,12.471429]},"faces":{"east":{"uv":[2.0,0.0,0.0,0.0],"rotation":0,"texture":"#0","tintindex":0},"south":{"uv":[1.0,0.0,0.0,0.0],"rotation":0,"texture":"#0","tintindex":0},"north":{"uv":[1.0,0.0,0.0,0.0],"rotation":0,"texture":"#0","tintindex":0},"west":{"uv":[2.0,0.0,0.0,0.0],"rotation":0,"texture":"#0","tintindex":0},"up":{"uv":[9.0,2.0,10.0,0.0],"rotation":0,"texture":"#0","tintindex":0},"down":{"uv":[9.0,2.0,10.0,4.0],"rotation":0,"texture":"#0","tintindex":0}}},{"from":[7.428571,9.669219,5.6142855],"to":[8.0,11.383505,7.9],"rotation":{"angle":0.0,"axis":"y","origin":[7.428571,9.669219,7.3285713]},"faces":{"east":{"uv":[5.0,0.0,9.0,3.0],"rotation":0,"texture":"#0","tintindex":0},"south":{"uv":[8.0,6.0,9.0,9.0],"rotation":0,"texture":"#0","tintindex":0},"north":{"uv":[7.0,6.0,8.0,9.0],"rotation":0,"texture":"#0","tintindex":0},"west":{"uv":[5.0,3.0,9.0,6.0],"rotation":0,"texture":"#0","tintindex":0},"up":{"uv":[6.0,10.0,5.0,6.0],"rotation":0,"texture":"#0","tintindex":0},"down":{"uv":[7.0,6.0,6.0,10.0],"rotation":0,"texture":"#0","tintindex":0}}},{"from":[7.714286,9.383505,6.1857142],"to":[7.714286,12.240647,9.042857],"rotation":{"angle":0.0,"axis":"y","origin":[7.428571,9.954933,7.3285713]},"faces":{"east":{"uv":[5.0,5.0,0.0,10.0],"rotation":0,"texture":"#0","tintindex":0},"south":{"uv":[0.0,0.0,0.0,5.0],"rotation":0,"texture":"#0","tintindex":0},"north":{"uv":[0.0,0.0,0.0,5.0],"rotation":0,"texture":"#0","tintindex":0},"west":{"uv":[0.0,5.0,5.0,10.0],"rotation":0,"texture":"#0","tintindex":0},"up":{"uv":[0.0,5.0,0.0,0.0],"rotation":0,"texture":"#0","tintindex":0},"down":{"uv":[0.0,0.0,0.0,5.0],"rotation":0,"texture":"#0","tintindex":0}}},{"from":[6.835613,10.635172,6.1857142],"to":[7.4070415,10.635172,7.3285713],"rotation":{"angle":22.5,"axis":"z","origin":[7.6927557,10.635172,6.757143]},"faces":{"east":{"uv":[0.0,0.0,2.0,0.0],"rotation":0,"texture":"#0","tintindex":0},"south":{"uv":[0.0,0.0,1.0,0.0],"rotation":0,"texture":"#0","tintindex":0},"north":{"uv":[0.0,0.0,1.0,0.0],"rotation":0,"texture":"#0","tintindex":0},"west":{"uv":[0.0,0.0,2.0,0.0],"rotation":0,"texture":"#0","tintindex":0},"up":{"uv":[10.0,2.0,9.0,0.0],"rotation":0,"texture":"#0","tintindex":0},"down":{"uv":[10.0,2.0,9.0,4.0],"rotation":0,"texture":"#0","tintindex":0}}},{"from":[8.02153,10.635172,6.1857142],"to":[8.592958,10.635172,7.3285713],"rotation":{"angle":-22.5,"axis":"z","origin":[7.7358155,10.635172,6.757143]},"faces":{"east":{"uv":[2.0,0.0,0.0,0.0],"rotation":0,"texture":"#0","tintindex":0},"south":{"uv":[1.0,0.0,0.0,0.0],"rotation":0,"texture":"#0","tintindex":0},"north":{"uv":[1.0,0.0,0.0,0.0],"rotation":0,"texture":"#0","tintindex":0},"west":{"uv":[2.0,0.0,0.0,0.0],"rotation":0,"texture":"#0","tintindex":0},"up":{"uv":[9.0,2.0,10.0,0.0],"rotation":0,"texture":"#0","tintindex":0},"down":{"uv":[9.0,2.0,10.0,4.0],"rotation":0,"texture":"#0","tintindex":0}}},{"from":[7.4501014,7.2066,6.757143],"to":[8.02153,7.2066,7.9],"rotation":{"angle":-22.5,"axis":"z","origin":[7.164387,7.2066,7.3285713]},"faces":{"east":{"uv":[2.0,0.0,0.0,0.0],"rotation":0,"texture":"#0","tintindex":0},"south":{"uv":[1.0,0.0,0.0,0.0],"rotation":0,"texture":"#0","tintindex":0},"north":{"uv":[1.0,0.0,0.0,0.0],"rotation":0,"texture":"#0","tintindex":0},"west":{"uv":[2.0,0.0,0.0,0.0],"rotation":0,"texture":"#0","tintindex":0},"up":{"uv":[9.0,2.0,10.0,0.0],"rotation":0,"texture":"#0","tintindex":0},"down":{"uv":[9.0,2.0,10.0,4.0],"rotation":0,"texture":"#0","tintindex":0}}},{"from":[6.264184,7.2066,6.757143],"to":[6.835613,7.2066,7.9],"rotation":{"angle":22.5,"axis":"z","origin":[7.121327,7.2066,7.3285713]},"faces":{"east":{"uv":[0.0,0.0,2.0,0.0],"rotation":0,"texture":"#0","tintindex":0},"south":{"uv":[0.0,0.0,1.0,0.0],"rotation":0,"texture":"#0","tintindex":0},"north":{"uv":[0.0,0.0,1.0,0.0],"rotation":0,"texture":"#0","tintindex":0},"west":{"uv":[0.0,0.0,2.0,0.0],"rotation":0,"texture":"#0","tintindex":0},"up":{"uv":[10.0,2.0,9.0,0.0],"rotation":0,"texture":"#0","tintindex":0},"down":{"uv":[10.0,2.0,9.0,4.0],"rotation":0,"texture":"#0","tintindex":0}}},{"from":[7.142857,5.954933,6.757143],"to":[7.142857,8.812076,9.614285],"rotation":{"angle":0.0,"axis":"y","origin":[6.857143,6.5263615,7.9]},"faces":{"east":{"uv":[5.0,5.0,0.0,10.0],"rotation":0,"texture":"#0","tintindex":0},"south":{"uv":[0.0,0.0,0.0,5.0],"rotation":0,"texture":"#0","tintindex":0},"north":{"uv":[0.0,0.0,0.0,5.0],"rotation":0,"texture":"#0","tintindex":0},"west":{"uv":[0.0,5.0,5.0,10.0],"rotation":0,"texture":"#0","tintindex":0},"up":{"uv":[0.0,5.0,0.0,0.0],"rotation":0,"texture":"#0","tintindex":0},"down":{"uv":[0.0,0.0,0.0,5.0],"rotation":0,"texture":"#0","tintindex":0}}},{"from":[6.857143,6.2406473,6.1857142],"to":[7.428571,7.954933,8.471429],"rotation":{"angle":0.0,"axis":"y","origin":[6.857143,6.2406473,7.9]},"faces":{"east":{"uv":[5.0,0.0,9.0,3.0],"rotation":0,"texture":"#0","tintindex":0},"south":{"uv":[8.0,6.0,9.0,9.0],"rotation":0,"texture":"#0","tintindex":0},"north":{"uv":[7.0,6.0,8.0,9.0],"rotation":0,"texture":"#0","tintindex":0},"west":{"uv":[5.0,3.0,9.0,6.0],"rotation":0,"texture":"#0","tintindex":0},"up":{"uv":[6.0,10.0,5.0,6.0],"rotation":0,"texture":"#0","tintindex":0},"down":{"uv":[7.0,6.0,6.0,10.0],"rotation":0,"texture":"#0","tintindex":0}}},{"from":[5.7358155,6.635172,3.3285713],"to":[6.3072443,6.635172,4.4714284],"rotation":{"angle":-22.5,"axis":"z","origin":[5.4501014,6.635172,3.8999996]},"faces":{"east":{"uv":[2.0,0.0,0.0,0.0],"rotation":0,"texture":"#0","tintindex":0},"south":{"uv":[1.0,0.0,0.0,0.0],"rotation":0,"texture":"#0","tintindex":0},"north":{"uv":[1.0,0.0,0.0,0.0],"rotation":0,"texture":"#0","tintindex":0},"west":{"uv":[2.0,0.0,0.0,0.0],"rotation":0,"texture":"#0","tintindex":0},"up":{"uv":[9.0,2.0,10.0,0.0],"rotation":0,"texture":"#0","tintindex":0},"down":{"uv":[9.0,2.0,10.0,4.0],"rotation":0,"texture":"#0","tintindex":0}}},{"from":[4.549898,6.635172,3.3285713],"to":[5.121327,6.635172,4.4714284],"rotation":{"angle":22.5,"axis":"z","origin":[5.407041,6.635172,3.8999996]},"faces":{"east":{"uv":[0.0,0.0,2.0,0.0],"rotation":0,"texture":"#0","tintindex":0},"south":{"uv":[0.0,0.0,1.0,0.0],"rotation":0,"texture":"#0","tintindex":0},"north":{"uv":[0.0,0.0,1.0,0.0],"rotation":0,"texture":"#0","tintindex":0},"west":{"uv":[0.0,0.0,2.0,0.0],"rotation":0,"texture":"#0","tintindex":0},"up":{"uv":[10.0,2.0,9.0,0.0],"rotation":0,"texture":"#0","tintindex":0},"down":{"uv":[10.0,2.0,9.0,4.0],"rotation":0,"texture":"#0","tintindex":0}}},{"from":[5.428571,5.383504,3.3285713],"to":[5.428571,8.240647,6.1857142],"rotation":{"angle":0.0,"axis":"y","origin":[5.142857,5.954933,4.4714284]},"faces":{"east":{"uv":[5.0,5.0,0.0,10.0],"rotation":0,"texture":"#0","tintindex":0},"south":{"uv":[0.0,0.0,0.0,5.0],"rotation":0,"texture":"#0","tintindex":0},"north":{"uv":[0.0,0.0,0.0,5.0],"rotation":0,"texture":"#0","tintindex":0},"west":{"uv":[0.0,5.0,5.0,10.0],"rotation":0,"texture":"#0","tintindex":0},"up":{"uv":[0.0,5.0,0.0,0.0],"rotation":0,"texture":"#0","tintindex":0},"down":{"uv":[0.0,0.0,0.0,5.0],"rotation":0,"texture":"#0","tintindex":0}}},{"from":[5.142857,5.6692185,2.7571425],"to":[5.714286,7.3835044,5.042857],"rotation":{"angle":0.0,"axis":"y","origin":[5.142857,5.6692185,4.4714284]},"faces":{"east":{"uv":[5.0,0.0,9.0,3.0],"rotation":0,"texture":"#0","tintindex":0},"south":{"uv":[8.0,6.0,9.0,9.0],"rotation":0,"texture":"#0","tintindex":0},"north":{"uv":[7.0,6.0,8.0,9.0],"rotation":0,"texture":"#0","tintindex":0},"west":{"uv":[5.0,3.0,9.0,6.0],"rotation":0,"texture":"#0","tintindex":0},"up":{"uv":[6.0,10.0,5.0,6.0],"rotation":0,"texture":"#0","tintindex":0},"down":{"uv":[7.0,6.0,6.0,10.0],"rotation":0,"texture":"#0","tintindex":0}}},{"from":[10.878674,6.063743,2.7571425],"to":[11.450102,6.063743,3.8999996],"rotation":{"angle":-22.5,"axis":"z","origin":[10.592958,6.063743,3.3285713]},"faces":{"east":{"uv":[2.0,0.0,0.0,0.0],"rotation":0,"texture":"#0","tintindex":0},"south":{"uv":[1.0,0.0,0.0,0.0],"rotation":0,"texture":"#0","tintindex":0},"north":{"uv":[1.0,0.0,0.0,0.0],"rotation":0,"texture":"#0","tintindex":0},"west":{"uv":[2.0,0.0,0.0,0.0],"rotation":0,"texture":"#0","tintindex":0},"up":{"uv":[9.0,2.0,10.0,0.0],"rotation":0,"texture":"#0","tintindex":0},"down":{"uv":[9.0,2.0,10.0,4.0],"rotation":0,"texture":"#0","tintindex":0}}},{"from":[9.692756,6.063743,2.7571425],"to":[10.264185,6.063743,3.8999996],"rotation":{"angle":22.5,"axis":"z","origin":[10.549898,6.063743,3.3285713]},"faces":{"east":{"uv":[0.0,0.0,2.0,0.0],"rotation":0,"texture":"#0","tintindex":0},"south":{"uv":[0.0,0.0,1.0,0.0],"rotation":0,"texture":"#0","tintindex":0},"north":{"uv":[0.0,0.0,1.0,0.0],"rotation":0,"texture":"#0","tintindex":0},"west":{"uv":[0.0,0.0,2.0,0.0],"rotation":0,"texture":"#0","tintindex":0},"up":{"uv":[10.0,2.0,9.0,0.0],"rotation":0,"texture":"#0","tintindex":0},"down":{"uv":[10.0,2.0,9.0,4.0],"rotation":0,"texture":"#0","tintindex":0}}},{"from":[10.571428,4.8120756,2.7571425],"to":[10.571428,7.6692185,5.6142855],"rotation":{"angle":0.0,"axis":"y","origin":[10.285714,5.383504,3.8999996]},"faces":{"east":{"uv":[5.0,5.0,0.0,10.0],"rotation":0,"texture":"#0","tintindex":0},"south":{"uv":[0.0,0.0,0.0,5.0],"rotation":0,"texture":"#0","tintindex":0},"north":{"uv":[0.0,0.0,0.0,5.0],"rotation":0,"texture":"#0","tintindex":0},"west":{"uv":[0.0,5.0,5.0,10.0],"rotation":0,"texture":"#0","tintindex":0},"up":{"uv":[0.0,5.0,0.0,0.0],"rotation":0,"texture":"#0","tintindex":0},"down":{"uv":[0.0,0.0,0.0,5.0],"rotation":0,"texture":"#0","tintindex":0}}},{"from":[10.285714,5.09779,2.1857138],"to":[10.857143,6.8120756,4.4714284],"rotation":{"angle":0.0,"axis":"y","origin":[10.285714,5.09779,3.8999996]},"faces":{"east":{"uv":[5.0,0.0,9.0,3.0],"rotation":0,"texture":"#0","tintindex":0},"south":{"uv":[8.0,6.0,9.0,9.0],"rotation":0,"texture":"#0","tintindex":0},"north":{"uv":[7.0,6.0,8.0,9.0],"rotation":0,"texture":"#0","tintindex":0},"west":{"uv":[5.0,3.0,9.0,6.0],"rotation":0,"texture":"#0","tintindex":0},"up":{"uv":[6.0,10.0,5.0,6.0],"rotation":0,"texture":"#0","tintindex":0},"down":{"uv":[7.0,6.0,6.0,10.0],"rotation":0,"texture":"#0","tintindex":0}}}],"display":{"head":{"translation":[0.0,-6.4,0.0],"scale":[4.0,4.0,4.0]}}}