{"textures":{"0":"modelengine:entity/fish_school"},"elements":[{"from":[4.5714283,4.5263615,7.9],"to":[5.142857,6.2406473,10.185715],"rotation":{"angle":0.0,"axis":"y","origin":[4.5714283,4.5263615,9.614285]},"faces":{"east":{"uv":[5.0,0.0,9.0,3.0],"rotation":0,"texture":"#0","tintindex":0},"south":{"uv":[8.0,6.0,9.0,9.0],"rotation":0,"texture":"#0","tintindex":0},"north":{"uv":[7.0,6.0,8.0,9.0],"rotation":0,"texture":"#0","tintindex":0},"west":{"uv":[5.0,3.0,9.0,6.0],"rotation":0,"texture":"#0","tintindex":0},"up":{"uv":[6.0,10.0,5.0,6.0],"rotation":0,"texture":"#0","tintindex":0},"down":{"uv":[7.0,6.0,6.0,10.0],"rotation":0,"texture":"#0","tintindex":0}}},{"from":[4.8571424,4.2406473,8.471429],"to":[4.8571424,7.0977902,11.328571],"rotation":{"angle":0.0,"axis":"y","origin":[4.5714283,4.8120756,9.614285]},"faces":{"east":{"uv":[5.0,5.0,0.0,10.0],"rotation":0,"texture":"#0","tintindex":0},"south":{"uv":[0.0,0.0,0.0,5.0],"rotation":0,"texture":"#0","tintindex":0},"north":{"uv":[0.0,0.0,0.0,5.0],"rotation":0,"texture":"#0","tintindex":0},"west":{"uv":[0.0,5.0,5.0,10.0],"rotation":0,"texture":"#0","tintindex":0},"up":{"uv":[0.0,5.0,0.0,0.0],"rotation":0,"texture":"#0","tintindex":0},"down":{"uv":[0.0,0.0,0.0,5.0],"rotation":0,"texture":"#0","tintindex":0}}},{"from":[3.9784698,5.4923143,8.471429],"to":[4.549898,5.4923143,9.614285],"rotation":{"angle":22.5,"axis":"z","origin":[4.8356123,5.4923143,9.042857]},"faces":{"east":{"uv":[0.0,0.0,2.0,0.0],"rotation":0,"texture":"#0","tintindex":0},"south":{"uv":[0.0,0.0,1.0,0.0],"rotation":0,"texture":"#0","tintindex":0},"north":{"uv":[0.0,0.0,1.0,0.0],"rotation":0,"texture":"#0","tintindex":0},"west":{"uv":[0.0,0.0,2.0,0.0],"rotation":0,"texture":"#0","tintindex":0},"up":{"uv":[10.0,2.0,9.0,0.0],"rotation":0,"texture":"#0","tintindex":0},"down":{"uv":[10.0,2.0,9.0,4.0],"rotation":0,"texture":"#0","tintindex":0}}},{"from":[5.164387,5.4923143,8.471429],"to":[5.7358155,5.4923143,9.614285],"rotation":{"angle":-22.5,"axis":"z","origin":[4.8786726,5.4923143,9.042857]},"faces":{"east":{"uv":[2.0,0.0,0.0,0.0],"rotation":0,"texture":"#0","tintindex":0},"south":{"uv":[1.0,0.0,0.0,0.0],"rotation":0,"texture":"#0","tintindex":0},"north":{"uv":[1.0,0.0,0.0,0.0],"rotation":0,"texture":"#0","tintindex":0},"west":{"uv":[2.0,0.0,0.0,0.0],"rotation":0,"texture":"#0","tintindex":0},"up":{"uv":[9.0,2.0,10.0,0.0],"rotation":0,"texture":"#0","tintindex":0},"down":{"uv":[9.0,2.0,10.0,4.0],"rotation":0,"texture":"#0","tintindex":0}}},{"from":[4.5714283,10.240647,10.757143],"to":[5.142857,11.954933,13.042857],"rotation":{"angle":0.0,"axis":"y","origin":[4.5714283,10.240647,12.471429]},"faces":{"east":{"uv":[5.0,0.0,9.0,3.0],"rotation":0,"texture":"#0","tintindex":0},"south":{"uv":[8.0,6.0,9.0,9.0],"rotation":0,"texture":"#0","tintindex":0},"north":{"uv":[7.0,6.0,8.0,9.0],"rotation":0,"texture":"#0","tintindex":0},"west":{"uv":[5.0,3.0,9.0,6.0],"rotation":0,"texture":"#0","tintindex":0},"up":{"uv":[6.0,10.0,5.0,6.0],"rotation":0,"texture":"#0","tintindex":0},"down":{"uv":[7.0,6.0,6.0,10.0],"rotation":0,"texture":"#0","tintindex":0}}},{"from":[4.8571424,9.954933,11.328571],"to":[4.8571424,12.812077,14.185715],"rotation":{"angle":0.0,"axis":"y","origin":[4.5714283,10.526361,12.471429]},"faces":{"east":{"uv":[5.0,5.0,0.0,10.0],"rotation":0,"texture":"#0","tintindex":0},"south":{"uv":[0.0,0.0,0.0,5.0],"rotation":0,"texture":"#0","tintindex":0},"north":{"uv":[0.0,0.0,0.0,5.0],"rotation":0,"texture":"#0","tintindex":0},"west":{"uv":[0.0,5.0,5.0,10.0],"rotation":0,"texture":"#0","tintindex":0},"up":{"uv":[0.0,5.0,0.0,0.0],"rotation":0,"texture":"#0","tintindex":0},"down":{"uv":[0.0,0.0,0.0,5.0],"rotation":0,"texture":"#0","tintindex":0}}},{"from":[3.9784698,11.2066,11.328571],"to":[4.549898,11.2066,12.471429],"rotation":{"angle":22.5,"axis":"z","origin":[4.8356123,11.2066,11.9]},"faces":{"east":{"uv":[0.0,0.0,2.0,0.0],"rotation":0,"texture":"#0","tintindex":0},"south":{"uv":[0.0,0.0,1.0,0.0],"rotation":0,"texture":"#0","tintindex":0},"north":{"uv":[0.0,0.0,1.0,0.0],"rotation":0,"texture":"#0","tintindex":0},"west":{"uv":[0.0,0.0,2.0,0.0],"rotation":0,"texture":"#0","tintindex":0},"up":{"uv":[10.0,2.0,9.0,0.0],"rotation":0,"texture":"#0","tintindex":0},"down":{"uv":[10.0,2.0,9.0,4.0],"rotation":0,"texture":"#0","tintindex":0}}},{"from":[5.164387,11.2066,11.328571],"to":[5.7358155,11.2066,12.471429],"rotation":{"angle":-22.5,"axis":"z","origin":[4.8786726,11.2066,11.9]},"faces":{"east":{"uv":[2.0,0.0,0.0,0.0],"rotation":0,"texture":"#0","tintindex":0},"south":{"uv":[1.0,0.0,0.0,0.0],"rotation":0,"texture":"#0","tintindex":0},"north":{"uv":[1.0,0.0,0.0,0.0],"rotation":0,"texture":"#0","tintindex":0},"west":{"uv":[2.0,0.0,0.0,0.0],"rotation":0,"texture":"#0","tintindex":0},"up":{"uv":[9.0,2.0,10.0,0.0],"rotation":0,"texture":"#0","tintindex":0},"down":{"uv":[9.0,2.0,10.0,4.0],"rotation":0,"texture":"#0","tintindex":0}}},{"from":[12.02153,9.492314,6.757143],"to":[12.592958,9.492314,7.9],"rotation":{"angle":-22.5,"axis":"z","origin":[11.735816,9.492314,7.3285713]},"faces":{"east":{"uv":[2.0,0.0,0.0,0.0],"rotation":0,"texture":"#0","tintindex":0},"south":{"uv":[1.0,0.0,0.0,0.0],"rotation":0,"texture":"#0","tintindex":0},"north":{"uv":[1.0,0.0,0.0,0.0],"rotation":0,"texture":"#0","tintindex":0},"west":{"uv":[2.0,0.0,0.0,0.0],"rotation":0,"texture":"#0","tintindex":0},"up":{"uv":[9.0,2.0,10.0,0.0],"rotation":0,"texture":"#0","tintindex":0},"down":{"uv":[9.0,2.0,10.0,4.0],"rotation":0,"texture":"#0","tintindex":0}}},{"from":[10.835613,9.492314,6.757143],"to":[11.407042,9.492314,7.9],"rotation":{"angle":22.5,"axis":"z","origin":[11.692756,9.492314,7.3285713]},"faces":{"east":{"uv":[0.0,0.0,2.0,0.0],"rotation":0,"texture":"#0","tintindex":0},"south":{"uv":[0.0,0.0,1.0,0.0],"rotation":0,"texture":"#0","tintindex":0},"north":{"uv":[0.0,0.0,1.0,0.0],"rotation":0,"texture":"#0","tintindex":0},"west":{"uv":[0.0,0.0,2.0,0.0],"rotation":0,"texture":"#0","tintindex":0},"up":{"uv":[10.0,2.0,9.0,0.0],"rotation":0,"texture":"#0","tintindex":0},"down":{"uv":[10.0,2.0,9.0,4.0],"rotation":0,"texture":"#0","tintindex":0}}},{"from":[11.714286,8.240647,6.757143],"to":[11.714286,11.09779,9.614285],"rotation":{"angle":0.0,"axis":"y","origin":[11.428572,8.812076,7.9]},"faces":{"east":{"uv":[5.0,5.0,0.0,10.0],"rotation":0,"texture":"#0","tintindex":0},"south":{"uv":[0.0,0.0,0.0,5.0],"rotation":0,"texture":"#0","tintindex":0},"north":{"uv":[0.0,0.0,0.0,5.0],"rotation":0,"texture":"#0","tintindex":0},"west":{"uv":[0.0,5.0,5.0,10.0],"rotation":0,"texture":"#0","tintindex":0},"up":{"uv":[0.0,5.0,0.0,0.0],"rotation":0,"texture":"#0","tintindex":0},"down":{"uv":[0.0,0.0,0.0,5.0],"rotation":0,"texture":"#0","tintindex":0}}},{"from":[11.428572,8.526361,6.1857142],"to":[12.0,10.240647,8.471429],"rotation":{"angle":0.0,"axis":"y","origin":[11.428572,8.526361,7.9]},"faces":{"east":{"uv":[5.0,0.0,9.0,3.0],"rotation":0,"texture":"#0","tintindex":0},"south":{"uv":[8.0,6.0,9.0,9.0],"rotation":0,"texture":"#0","tintindex":0},"north":{"uv":[7.0,6.0,8.0,9.0],"rotation":0,"texture":"#0","tintindex":0},"west":{"uv":[5.0,3.0,9.0,6.0],"rotation":0,"texture":"#0","tintindex":0},"up":{"uv":[6.0,10.0,5.0,6.0],"rotation":0,"texture":"#0","tintindex":0},"down":{"uv":[7.0,6.0,6.0,10.0],"rotation":0,"texture":"#0","tintindex":0}}},{"from":[6.8786726,7.778029,6.757143],"to":[7.4501014,7.778029,7.9],"rotation":{"angle":-22.5,"axis":"z","origin":[6.5929585,7.778029,7.3285713]},"faces":{"east":{"uv":[2.0,0.0,0.0,0.0],"rotation":0,"texture":"#0","tintindex":0},"south":{"uv":[1.0,0.0,0.0,0.0],"rotation":0,"texture":"#0","tintindex":0},"north":{"uv":[1.0,0.0,0.0,0.0],"rotation":0,"texture":"#0","tintindex":0},"west":{"uv":[2.0,0.0,0.0,0.0],"rotation":0,"texture":"#0","tintindex":0},"up":{"uv":[9.0,2.0,10.0,0.0],"rotation":0,"texture":"#0","tintindex":0},"down":{"uv":[9.0,2.0,10.0,4.0],"rotation":0,"texture":"#0","tintindex":0}}},{"from":[5.6927557,7.778029,6.757143],"to":[6.264184,7.778029,7.9],"rotation":{"angle":22.5,"axis":"z","origin":[6.5498986,7.778029,7.3285713]},"faces":{"east":{"uv":[0.0,0.0,2.0,0.0],"rotation":0,"texture":"#0","tintindex":0},"south":{"uv":[0.0,0.0,1.0,0.0],"rotation":0,"texture":"#0","tintindex":0},"north":{"uv":[0.0,0.0,1.0,0.0],"rotation":0,"texture":"#0","tintindex":0},"west":{"uv":[0.0,0.0,2.0,0.0],"rotation":0,"texture":"#0","tintindex":0},"up":{"uv":[10.0,2.0,9.0,0.0],"rotation":0,"texture":"#0","tintindex":0},"down":{"uv":[10.0,2.0,9.0,4.0],"rotation":0,"texture":"#0","tintindex":0}}},{"from":[6.5714283,6.5263615,6.757143],"to":[6.5714283,9.383505,9.614285],"rotation":{"angle":0.0,"axis":"y","origin":[6.285714,7.0977902,7.9]},"faces":{"east":{"uv":[5.0,5.0,0.0,10.0],"rotation":0,"texture":"#0","tintindex":0},"south":{"uv":[0.0,0.0,0.0,5.0],"rotation":0,"texture":"#0","tintindex":0},"north":{"uv":[0.0,0.0,0.0,5.0],"rotation":0,"texture":"#0","tintindex":0},"west":{"uv":[0.0,5.0,5.0,10.0],"rotation":0,"texture":"#0","tintindex":0},"up":{"uv":[0.0,5.0,0.0,0.0],"rotation":0,"texture":"#0","tintindex":0},"down":{"uv":[0.0,0.0,0.0,5.0],"rotation":0,"texture":"#0","tintindex":0}}},{"from":[6.285714,6.8120756,6.1857142],"to":[6.857143,8.526361,8.471429],"rotation":{"angle":0.0,"axis":"y","origin":[6.285714,6.8120756,7.9]},"faces":{"east":{"uv":[5.0,0.0,9.0,3.0],"rotation":0,"texture":"#0","tintindex":0},"south":{"uv":[8.0,6.0,9.0,9.0],"rotation":0,"texture":"#0","tintindex":0},"north":{"uv":[7.0,6.0,8.0,9.0],"rotation":0,"texture":"#0","tintindex":0},"west":{"uv":[5.0,3.0,9.0,6.0],"rotation":0,"texture":"#0","tintindex":0},"up":{"uv":[6.0,10.0,5.0,6.0],"rotation":0,"texture":"#0","tintindex":0},"down":{"uv":[7.0,6.0,6.0,10.0],"rotation":0,"texture":"#0","tintindex":0}}},{"from":[10.878674,6.063743,2.7571425],"to":[11.450102,6.063743,3.8999996],"rotation":{"angle":-22.5,"axis":"z","origin":[10.592958,6.063743,3.3285713]},"faces":{"east":{"uv":[2.0,0.0,0.0,0.0],"rotation":0,"texture":"#0","tintindex":0},"south":{"uv":[1.0,0.0,0.0,0.0],"rotation":0,"texture":"#0","tintindex":0},"north":{"uv":[1.0,0.0,0.0,0.0],"rotation":0,"texture":"#0","tintindex":0},"west":{"uv":[2.0,0.0,0.0,0.0],"rotation":0,"texture":"#0","tintindex":0},"up":{"uv":[9.0,2.0,10.0,0.0],"rotation":0,"texture":"#0","tintindex":0},"down":{"uv":[9.0,2.0,10.0,4.0],"rotation":0,"texture":"#0","tintindex":0}}},{"from":[9.692756,6.063743,2.7571425],"to":[10.264185,6.063743,3.8999996],"rotation":{"angle":22.5,"axis":"z","origin":[10.549898,6.063743,3.3285713]},"faces":{"east":{"uv":[0.0,0.0,2.0,0.0],"rotation":0,"texture":"#0","tintindex":0},"south":{"uv":[0.0,0.0,1.0,0.0],"rotation":0,"texture":"#0","tintindex":0},"north":{"uv":[0.0,0.0,1.0,0.0],"rotation":0,"texture":"#0","tintindex":0},"west":{"uv":[0.0,0.0,2.0,0.0],"rotation":0,"texture":"#0","tintindex":0},"up":{"uv":[10.0,2.0,9.0,0.0],"rotation":0,"texture":"#0","tintindex":0},"down":{"uv":[10.0,2.0,9.0,4.0],"rotation":0,"texture":"#0","tintindex":0}}},{"from":[10.571428,4.8120756,2.7571425],"to":[10.571428,7.6692185,5.6142855],"rotation":{"angle":0.0,"axis":"y","origin":[10.285714,5.383504,3.8999996]},"faces":{"east":{"uv":[5.0,5.0,0.0,10.0],"rotation":0,"texture":"#0","tintindex":0},"south":{"uv":[0.0,0.0,0.0,5.0],"rotation":0,"texture":"#0","tintindex":0},"north":{"uv":[0.0,0.0,0.0,5.0],"rotation":0,"texture":"#0","tintindex":0},"west":{"uv":[0.0,5.0,5.0,10.0],"rotation":0,"texture":"#0","tintindex":0},"up":{"uv":[0.0,5.0,0.0,0.0],"rotation":0,"texture":"#0","tintindex":0},"down":{"uv":[0.0,0.0,0.0,5.0],"rotation":0,"texture":"#0","tintindex":0}}},{"from":[10.285714,5.09779,2.1857138],"to":[10.857143,6.8120756,4.4714284],"rotation":{"angle":0.0,"axis":"y","origin":[10.285714,5.09779,3.8999996]},"faces":{"east":{"uv":[5.0,0.0,9.0,3.0],"rotation":0,"texture":"#0","tintindex":0},"south":{"uv":[8.0,6.0,9.0,9.0],"rotation":0,"texture":"#0","tintindex":0},"north":{"uv":[7.0,6.0,8.0,9.0],"rotation":0,"texture":"#0","tintindex":0},"west":{"uv":[5.0,3.0,9.0,6.0],"rotation":0,"texture":"#0","tintindex":0},"up":{"uv":[6.0,10.0,5.0,6.0],"rotation":0,"texture":"#0","tintindex":0},"down":{"uv":[7.0,6.0,6.0,10.0],"rotation":0,"texture":"#0","tintindex":0}}}],"display":{"head":{"translation":[0.0,-6.4,0.0],"scale":[4.0,4.0,4.0]}}}