{"textures":{"0":"modelengine:entity/fish_school"},"elements":[{"from":[8.742857,2.7835045,8.585714],"to":[9.314285,4.4977903,10.8714285],"rotation":{"angle":0.0,"axis":"y","origin":[8.742857,2.7835045,10.3]},"faces":{"east":{"uv":[5.0,0.0,9.0,3.0],"rotation":0,"texture":"#0","tintindex":0},"south":{"uv":[8.0,6.0,9.0,9.0],"rotation":0,"texture":"#0","tintindex":0},"north":{"uv":[7.0,6.0,8.0,9.0],"rotation":0,"texture":"#0","tintindex":0},"west":{"uv":[5.0,3.0,9.0,6.0],"rotation":0,"texture":"#0","tintindex":0},"up":{"uv":[6.0,10.0,5.0,6.0],"rotation":0,"texture":"#0","tintindex":0},"down":{"uv":[7.0,6.0,6.0,10.0],"rotation":0,"texture":"#0","tintindex":0}}},{"from":[9.028571,2.4977899,9.157143],"to":[9.028571,5.354933,12.014286],"rotation":{"angle":0.0,"axis":"y","origin":[8.742857,3.0692186,10.3]},"faces":{"east":{"uv":[5.0,5.0,0.0,10.0],"rotation":0,"texture":"#0","tintindex":0},"south":{"uv":[0.0,0.0,0.0,5.0],"rotation":0,"texture":"#0","tintindex":0},"north":{"uv":[0.0,0.0,0.0,5.0],"rotation":0,"texture":"#0","tintindex":0},"west":{"uv":[0.0,5.0,5.0,10.0],"rotation":0,"texture":"#0","tintindex":0},"up":{"uv":[0.0,5.0,0.0,0.0],"rotation":0,"texture":"#0","tintindex":0},"down":{"uv":[0.0,0.0,0.0,5.0],"rotation":0,"texture":"#0","tintindex":0}}},{"from":[8.149899,3.7494574,9.157143],"to":[8.721327,3.7494574,10.3],"rotation":{"angle":22.5,"axis":"z","origin":[9.007042,3.7494574,9.728572]},"faces":{"east":{"uv":[0.0,0.0,2.0,0.0],"rotation":0,"texture":"#0","tintindex":0},"south":{"uv":[0.0,0.0,1.0,0.0],"rotation":0,"texture":"#0","tintindex":0},"north":{"uv":[0.0,0.0,1.0,0.0],"rotation":0,"texture":"#0","tintindex":0},"west":{"uv":[0.0,0.0,2.0,0.0],"rotation":0,"texture":"#0","tintindex":0},"up":{"uv":[10.0,2.0,9.0,0.0],"rotation":0,"texture":"#0","tintindex":0},"down":{"uv":[10.0,2.0,9.0,4.0],"rotation":0,"texture":"#0","tintindex":0}}},{"from":[9.335815,3.7494574,9.157143],"to":[9.907245,3.7494574,10.3],"rotation":{"angle":-22.5,"axis":"z","origin":[9.050101,3.7494574,9.728572]},"faces":{"east":{"uv":[2.0,0.0,0.0,0.0],"rotation":0,"texture":"#0","tintindex":0},"south":{"uv":[1.0,0.0,0.0,0.0],"rotation":0,"texture":"#0","tintindex":0},"north":{"uv":[1.0,0.0,0.0,0.0],"rotation":0,"texture":"#0","tintindex":0},"west":{"uv":[2.0,0.0,0.0,0.0],"rotation":0,"texture":"#0","tintindex":0},"up":{"uv":[9.0,2.0,10.0,0.0],"rotation":0,"texture":"#0","tintindex":0},"down":{"uv":[9.0,2.0,10.0,4.0],"rotation":0,"texture":"#0","tintindex":0}}},{"from":[7.6,11.354933,7.4428573],"to":[8.171429,13.06922,9.728572],"rotation":{"angle":0.0,"axis":"y","origin":[7.6,11.354933,9.157143]},"faces":{"east":{"uv":[5.0,0.0,9.0,3.0],"rotation":0,"texture":"#0","tintindex":0},"south":{"uv":[8.0,6.0,9.0,9.0],"rotation":0,"texture":"#0","tintindex":0},"north":{"uv":[7.0,6.0,8.0,9.0],"rotation":0,"texture":"#0","tintindex":0},"west":{"uv":[5.0,3.0,9.0,6.0],"rotation":0,"texture":"#0","tintindex":0},"up":{"uv":[6.0,10.0,5.0,6.0],"rotation":0,"texture":"#0","tintindex":0},"down":{"uv":[7.0,6.0,6.0,10.0],"rotation":0,"texture":"#0","tintindex":0}}},{"from":[7.885714,11.069219,8.014286],"to":[7.885714,13.926362,10.8714285],"rotation":{"angle":0.0,"axis":"y","origin":[7.6,11.640648,9.157143]},"faces":{"east":{"uv":[5.0,5.0,0.0,10.0],"rotation":0,"texture":"#0","tintindex":0},"south":{"uv":[0.0,0.0,0.0,5.0],"rotation":0,"texture":"#0","tintindex":0},"north":{"uv":[0.0,0.0,0.0,5.0],"rotation":0,"texture":"#0","tintindex":0},"west":{"uv":[0.0,5.0,5.0,10.0],"rotation":0,"texture":"#0","tintindex":0},"up":{"uv":[0.0,5.0,0.0,0.0],"rotation":0,"texture":"#0","tintindex":0},"down":{"uv":[0.0,0.0,0.0,5.0],"rotation":0,"texture":"#0","tintindex":0}}},{"from":[7.0070415,12.320887,8.014286],"to":[7.5784698,12.320887,9.157143],"rotation":{"angle":22.5,"axis":"z","origin":[7.8641844,12.320887,8.585714]},"faces":{"east":{"uv":[0.0,0.0,2.0,0.0],"rotation":0,"texture":"#0","tintindex":0},"south":{"uv":[0.0,0.0,1.0,0.0],"rotation":0,"texture":"#0","tintindex":0},"north":{"uv":[0.0,0.0,1.0,0.0],"rotation":0,"texture":"#0","tintindex":0},"west":{"uv":[0.0,0.0,2.0,0.0],"rotation":0,"texture":"#0","tintindex":0},"up":{"uv":[10.0,2.0,9.0,0.0],"rotation":0,"texture":"#0","tintindex":0},"down":{"uv":[10.0,2.0,9.0,4.0],"rotation":0,"texture":"#0","tintindex":0}}},{"from":[8.192959,12.320887,8.014286],"to":[8.764387,12.320887,9.157143],"rotation":{"angle":-22.5,"axis":"z","origin":[7.907244,12.320887,8.585714]},"faces":{"east":{"uv":[2.0,0.0,0.0,0.0],"rotation":0,"texture":"#0","tintindex":0},"south":{"uv":[1.0,0.0,0.0,0.0],"rotation":0,"texture":"#0","tintindex":0},"north":{"uv":[1.0,0.0,0.0,0.0],"rotation":0,"texture":"#0","tintindex":0},"west":{"uv":[2.0,0.0,0.0,0.0],"rotation":0,"texture":"#0","tintindex":0},"up":{"uv":[9.0,2.0,10.0,0.0],"rotation":0,"texture":"#0","tintindex":0},"down":{"uv":[9.0,2.0,10.0,4.0],"rotation":0,"texture":"#0","tintindex":0}}},{"from":[10.478673,8.892315,12.014286],"to":[11.050101,8.892315,13.157143],"rotation":{"angle":-22.5,"axis":"z","origin":[10.192959,8.892315,12.585714]},"faces":{"east":{"uv":[2.0,0.0,0.0,0.0],"rotation":0,"texture":"#0","tintindex":0},"south":{"uv":[1.0,0.0,0.0,0.0],"rotation":0,"texture":"#0","tintindex":0},"north":{"uv":[1.0,0.0,0.0,0.0],"rotation":0,"texture":"#0","tintindex":0},"west":{"uv":[2.0,0.0,0.0,0.0],"rotation":0,"texture":"#0","tintindex":0},"up":{"uv":[9.0,2.0,10.0,0.0],"rotation":0,"texture":"#0","tintindex":0},"down":{"uv":[9.0,2.0,10.0,4.0],"rotation":0,"texture":"#0","tintindex":0}}},{"from":[9.292756,8.892315,12.014286],"to":[9.864184,8.892315,13.157143],"rotation":{"angle":22.5,"axis":"z","origin":[10.149899,8.892315,12.585714]},"faces":{"east":{"uv":[0.0,0.0,2.0,0.0],"rotation":0,"texture":"#0","tintindex":0},"south":{"uv":[0.0,0.0,1.0,0.0],"rotation":0,"texture":"#0","tintindex":0},"north":{"uv":[0.0,0.0,1.0,0.0],"rotation":0,"texture":"#0","tintindex":0},"west":{"uv":[0.0,0.0,2.0,0.0],"rotation":0,"texture":"#0","tintindex":0},"up":{"uv":[10.0,2.0,9.0,0.0],"rotation":0,"texture":"#0","tintindex":0},"down":{"uv":[10.0,2.0,9.0,4.0],"rotation":0,"texture":"#0","tintindex":0}}},{"from":[10.171429,7.6406474,12.014286],"to":[10.171429,10.49779,14.8714285],"rotation":{"angle":0.0,"axis":"y","origin":[9.885715,8.212076,13.157143]},"faces":{"east":{"uv":[5.0,5.0,0.0,10.0],"rotation":0,"texture":"#0","tintindex":0},"south":{"uv":[0.0,0.0,0.0,5.0],"rotation":0,"texture":"#0","tintindex":0},"north":{"uv":[0.0,0.0,0.0,5.0],"rotation":0,"texture":"#0","tintindex":0},"west":{"uv":[0.0,5.0,5.0,10.0],"rotation":0,"texture":"#0","tintindex":0},"up":{"uv":[0.0,5.0,0.0,0.0],"rotation":0,"texture":"#0","tintindex":0},"down":{"uv":[0.0,0.0,0.0,5.0],"rotation":0,"texture":"#0","tintindex":0}}},{"from":[9.885715,7.9263616,11.442858],"to":[10.457143,9.640648,13.728571],"rotation":{"angle":0.0,"axis":"y","origin":[9.885715,7.9263616,13.157143]},"faces":{"east":{"uv":[5.0,0.0,9.0,3.0],"rotation":0,"texture":"#0","tintindex":0},"south":{"uv":[8.0,6.0,9.0,9.0],"rotation":0,"texture":"#0","tintindex":0},"north":{"uv":[7.0,6.0,8.0,9.0],"rotation":0,"texture":"#0","tintindex":0},"west":{"uv":[5.0,3.0,9.0,6.0],"rotation":0,"texture":"#0","tintindex":0},"up":{"uv":[6.0,10.0,5.0,6.0],"rotation":0,"texture":"#0","tintindex":0},"down":{"uv":[7.0,6.0,6.0,10.0],"rotation":0,"texture":"#0","tintindex":0}}},{"from":[4.1929584,7.7494574,3.4428568],"to":[4.764387,7.7494574,4.5857143],"rotation":{"angle":-22.5,"axis":"z","origin":[3.9072442,7.7494574,4.0142856]},"faces":{"east":{"uv":[2.0,0.0,0.0,0.0],"rotation":0,"texture":"#0","tintindex":0},"south":{"uv":[1.0,0.0,0.0,0.0],"rotation":0,"texture":"#0","tintindex":0},"north":{"uv":[1.0,0.0,0.0,0.0],"rotation":0,"texture":"#0","tintindex":0},"west":{"uv":[2.0,0.0,0.0,0.0],"rotation":0,"texture":"#0","tintindex":0},"up":{"uv":[9.0,2.0,10.0,0.0],"rotation":0,"texture":"#0","tintindex":0},"down":{"uv":[9.0,2.0,10.0,4.0],"rotation":0,"texture":"#0","tintindex":0}}},{"from":[3.007041,7.7494574,3.4428568],"to":[3.5784698,7.7494574,4.5857143],"rotation":{"angle":22.5,"axis":"z","origin":[3.864184,7.7494574,4.0142856]},"faces":{"east":{"uv":[0.0,0.0,2.0,0.0],"rotation":0,"texture":"#0","tintindex":0},"south":{"uv":[0.0,0.0,1.0,0.0],"rotation":0,"texture":"#0","tintindex":0},"north":{"uv":[0.0,0.0,1.0,0.0],"rotation":0,"texture":"#0","tintindex":0},"west":{"uv":[0.0,0.0,2.0,0.0],"rotation":0,"texture":"#0","tintindex":0},"up":{"uv":[10.0,2.0,9.0,0.0],"rotation":0,"texture":"#0","tintindex":0},"down":{"uv":[10.0,2.0,9.0,4.0],"rotation":0,"texture":"#0","tintindex":0}}},{"from":[3.885714,6.4977903,3.4428568],"to":[3.885714,9.354933,6.3],"rotation":{"angle":0.0,"axis":"y","origin":[3.6,7.0692186,4.5857143]},"faces":{"east":{"uv":[5.0,5.0,0.0,10.0],"rotation":0,"texture":"#0","tintindex":0},"south":{"uv":[0.0,0.0,0.0,5.0],"rotation":0,"texture":"#0","tintindex":0},"north":{"uv":[0.0,0.0,0.0,5.0],"rotation":0,"texture":"#0","tintindex":0},"west":{"uv":[0.0,5.0,5.0,10.0],"rotation":0,"texture":"#0","tintindex":0},"up":{"uv":[0.0,5.0,0.0,0.0],"rotation":0,"texture":"#0","tintindex":0},"down":{"uv":[0.0,0.0,0.0,5.0],"rotation":0,"texture":"#0","tintindex":0}}},{"from":[3.6,6.7835045,2.871428],"to":[4.1714287,8.49779,5.1571426],"rotation":{"angle":0.0,"axis":"y","origin":[3.6,6.7835045,4.5857143]},"faces":{"east":{"uv":[5.0,0.0,9.0,3.0],"rotation":0,"texture":"#0","tintindex":0},"south":{"uv":[8.0,6.0,9.0,9.0],"rotation":0,"texture":"#0","tintindex":0},"north":{"uv":[7.0,6.0,8.0,9.0],"rotation":0,"texture":"#0","tintindex":0},"west":{"uv":[5.0,3.0,9.0,6.0],"rotation":0,"texture":"#0","tintindex":0},"up":{"uv":[6.0,10.0,5.0,6.0],"rotation":0,"texture":"#0","tintindex":0},"down":{"uv":[7.0,6.0,6.0,10.0],"rotation":0,"texture":"#0","tintindex":0}}},{"from":[9.335815,7.7494574,3.4428568],"to":[9.907245,7.7494574,4.5857143],"rotation":{"angle":-22.5,"axis":"z","origin":[9.050101,7.7494574,4.0142856]},"faces":{"east":{"uv":[2.0,0.0,0.0,0.0],"rotation":0,"texture":"#0","tintindex":0},"south":{"uv":[1.0,0.0,0.0,0.0],"rotation":0,"texture":"#0","tintindex":0},"north":{"uv":[1.0,0.0,0.0,0.0],"rotation":0,"texture":"#0","tintindex":0},"west":{"uv":[2.0,0.0,0.0,0.0],"rotation":0,"texture":"#0","tintindex":0},"up":{"uv":[9.0,2.0,10.0,0.0],"rotation":0,"texture":"#0","tintindex":0},"down":{"uv":[9.0,2.0,10.0,4.0],"rotation":0,"texture":"#0","tintindex":0}}},{"from":[8.149899,7.7494574,3.4428568],"to":[8.721327,7.7494574,4.5857143],"rotation":{"angle":22.5,"axis":"z","origin":[9.007042,7.7494574,4.0142856]},"faces":{"east":{"uv":[0.0,0.0,2.0,0.0],"rotation":0,"texture":"#0","tintindex":0},"south":{"uv":[0.0,0.0,1.0,0.0],"rotation":0,"texture":"#0","tintindex":0},"north":{"uv":[0.0,0.0,1.0,0.0],"rotation":0,"texture":"#0","tintindex":0},"west":{"uv":[0.0,0.0,2.0,0.0],"rotation":0,"texture":"#0","tintindex":0},"up":{"uv":[10.0,2.0,9.0,0.0],"rotation":0,"texture":"#0","tintindex":0},"down":{"uv":[10.0,2.0,9.0,4.0],"rotation":0,"texture":"#0","tintindex":0}}},{"from":[9.028571,6.4977903,3.4428568],"to":[9.028571,9.354933,6.3],"rotation":{"angle":0.0,"axis":"y","origin":[8.742857,7.0692186,4.5857143]},"faces":{"east":{"uv":[5.0,5.0,0.0,10.0],"rotation":0,"texture":"#0","tintindex":0},"south":{"uv":[0.0,0.0,0.0,5.0],"rotation":0,"texture":"#0","tintindex":0},"north":{"uv":[0.0,0.0,0.0,5.0],"rotation":0,"texture":"#0","tintindex":0},"west":{"uv":[0.0,5.0,5.0,10.0],"rotation":0,"texture":"#0","tintindex":0},"up":{"uv":[0.0,5.0,0.0,0.0],"rotation":0,"texture":"#0","tintindex":0},"down":{"uv":[0.0,0.0,0.0,5.0],"rotation":0,"texture":"#0","tintindex":0}}},{"from":[8.742857,6.7835045,2.871428],"to":[9.314285,8.49779,5.1571426],"rotation":{"angle":0.0,"axis":"y","origin":[8.742857,6.7835045,4.5857143]},"faces":{"east":{"uv":[5.0,0.0,9.0,3.0],"rotation":0,"texture":"#0","tintindex":0},"south":{"uv":[8.0,6.0,9.0,9.0],"rotation":0,"texture":"#0","tintindex":0},"north":{"uv":[7.0,6.0,8.0,9.0],"rotation":0,"texture":"#0","tintindex":0},"west":{"uv":[5.0,3.0,9.0,6.0],"rotation":0,"texture":"#0","tintindex":0},"up":{"uv":[6.0,10.0,5.0,6.0],"rotation":0,"texture":"#0","tintindex":0},"down":{"uv":[7.0,6.0,6.0,10.0],"rotation":0,"texture":"#0","tintindex":0}}}],"display":{"head":{"translation":[0.0,-6.4,0.0],"scale":[4.0,4.0,4.0]}}}