{"textures":{"0":"modelengine:entity/crocodile"},"elements":[{"from":[6.0,7.714286,-2.3376637],"to":[10.0,9.428572,2.8051949],"rotation":{"angle":0.0,"axis":"y","origin":[8.857143,8.842857,14.233767]},"faces":{"east":{"uv":[4.5,7.0,5.625,7.375],"rotation":0,"texture":"#0","tintindex":0},"south":{"uv":[3.125,7.5,4.0,7.875],"rotation":0,"texture":"#0","tintindex":0},"north":{"uv":[0.625,7.5,1.5,7.875],"rotation":0,"texture":"#0","tintindex":0},"west":{"uv":[7.25,6.875,8.375,7.25],"rotation":0,"texture":"#0","tintindex":0},"up":{"uv":[6.125,1.125,5.25,0.0],"rotation":0,"texture":"#0","tintindex":0},"down":{"uv":[6.375,2.375,5.5,3.5],"rotation":0,"texture":"#0","tintindex":0}}},{"from":[5.428571,8.285714,2.8051949],"to":[10.571428,10.0,8.519481],"rotation":{"angle":0.0,"axis":"y","origin":[8.285714,8.842857,14.233767]},"faces":{"east":{"uv":[5.875,6.875,7.125,7.25],"rotation":0,"texture":"#0","tintindex":0},"south":{"uv":[7.0,7.375,8.125,7.75],"rotation":0,"texture":"#0","tintindex":0},"north":{"uv":[5.75,7.375,6.875,7.75],"rotation":0,"texture":"#0","tintindex":0},"west":{"uv":[3.125,7.0,4.375,7.375],"rotation":0,"texture":"#0","tintindex":0},"up":{"uv":[4.875,5.0,3.75,3.75],"rotation":0,"texture":"#0","tintindex":0},"down":{"uv":[5.125,0.0,4.0,1.25],"rotation":0,"texture":"#0","tintindex":0}}},{"from":[6.0,9.428572,-2.3376637],"to":[10.0,10.0,-0.62337685],"rotation":{"angle":0.0,"axis":"y","origin":[8.857143,8.842857,14.233767]},"faces":{"east":{"uv":[6.625,2.125,7.0,2.25],"rotation":0,"texture":"#0","tintindex":0},"south":{"uv":[6.5,5.625,7.375,5.75],"rotation":0,"texture":"#0","tintindex":0},"north":{"uv":[6.5,3.375,7.375,3.5],"rotation":0,"texture":"#0","tintindex":0},"west":{"uv":[7.125,2.125,7.5,2.25],"rotation":0,"texture":"#0","tintindex":0},"up":{"uv":[5.0,7.875,4.125,7.5],"rotation":0,"texture":"#0","tintindex":0},"down":{"uv":[8.5,0.5,7.625,0.875],"rotation":0,"texture":"#0","tintindex":0}}},{"from":[6.0,6.5714283,-2.3376637],"to":[6.0,7.714286,2.8051949],"rotation":{"angle":0.0,"axis":"y","origin":[8.857143,8.842857,14.233767]},"faces":{"east":{"uv":[8.25,2.125,9.375,2.375],"rotation":0,"texture":"#0","tintindex":0},"south":{"uv":[0.875,5.75,0.875,6.0],"rotation":0,"texture":"#0","tintindex":0},"north":{"uv":[0.75,5.75,0.75,6.0],"rotation":0,"texture":"#0","tintindex":0},"west":{"uv":[8.25,2.5,9.375,2.75],"rotation":0,"texture":"#0","tintindex":0},"up":{"uv":[2.5,10.25,2.5,9.125],"rotation":0,"texture":"#0","tintindex":0},"down":{"uv":[2.625,9.125,2.625,10.25],"rotation":0,"texture":"#0","tintindex":0}}},{"from":[6.0,6.5714283,-2.3376637],"to":[10.0,7.714286,-2.3376637],"rotation":{"angle":0.0,"axis":"y","origin":[8.857143,8.842857,14.233767]},"faces":{"east":{"uv":[5.75,7.0,5.75,7.25],"rotation":0,"texture":"#0","tintindex":0},"south":{"uv":[3.5,8.375,4.375,8.625],"rotation":0,"texture":"#0","tintindex":0},"north":{"uv":[8.375,1.75,9.25,2.0],"rotation":0,"texture":"#0","tintindex":0},"west":{"uv":[2.75,9.125,2.75,9.375],"rotation":0,"texture":"#0","tintindex":0},"up":{"uv":[1.5,8.0,0.625,8.0],"rotation":0,"texture":"#0","tintindex":0},"down":{"uv":[1.5,8.125,0.625,8.125],"rotation":0,"texture":"#0","tintindex":0}}},{"from":[10.0,6.5714283,-2.3376637],"to":[10.0,7.714286,2.8051949],"rotation":{"angle":0.0,"axis":"y","origin":[7.142857,8.842857,14.233767]},"faces":{"east":{"uv":[8.25,2.875,9.375,3.125],"rotation":0,"texture":"#0","tintindex":0},"south":{"uv":[3.0,9.125,3.0,9.375],"rotation":0,"texture":"#0","tintindex":0},"north":{"uv":[2.875,9.125,2.875,9.375],"rotation":0,"texture":"#0","tintindex":0},"west":{"uv":[8.25,3.25,9.375,3.5],"rotation":0,"texture":"#0","tintindex":0},"up":{"uv":[3.125,10.25,3.125,9.125],"rotation":0,"texture":"#0","tintindex":0},"down":{"uv":[3.25,9.125,3.25,10.25],"rotation":0,"texture":"#0","tintindex":0}}}],"display":{"head":{"translation":[0.0,-6.4,0.0],"scale":[4.0,4.0,4.0]}}}