{"textures":{"0":"modelengine:entity/crocodile"},"elements":[{"from":[6.3928776,7.0,6.538746],"to":[8.678592,8.142858,8.82446],"rotation":{"angle":22.5,"axis":"y","origin":[7.5643063,7.5714283,7.9673176]},"faces":{"east":{"uv":[8.875,1.0,9.375,1.25],"rotation":0,"texture":"#0","tintindex":0},"south":{"uv":[8.875,1.375,9.375,1.625],"rotation":0,"texture":"#0","tintindex":0},"north":{"uv":[8.75,4.125,9.25,4.375],"rotation":0,"texture":"#0","tintindex":0},"west":{"uv":[8.875,4.5,9.375,4.75],"rotation":0,"texture":"#0","tintindex":0},"up":{"uv":[8.75,5.125,8.25,4.625],"rotation":0,"texture":"#0","tintindex":0},"down":{"uv":[5.5,8.25,5.0,8.75],"rotation":0,"texture":"#0","tintindex":0}}}],"display":{"head":{"translation":[0.0,-6.4,0.0],"scale":[4.0,4.0,4.0]}}}