{"textures":{"0":"modelengine:entity/crocodile"},"elements":[{"from":[6.753104,6.051925,7.7126474],"to":[8.46739,8.909068,9.998362],"rotation":{"angle":-45.0,"axis":"x","origin":[7.610247,6.909068,8.855505]},"faces":{"east":{"uv":[1.625,6.75,2.125,7.375],"rotation":0,"texture":"#0","tintindex":0},"south":{"uv":[2.0,8.375,2.375,9.0],"rotation":0,"texture":"#0","tintindex":0},"north":{"uv":[8.375,1.0,8.75,1.625],"rotation":0,"texture":"#0","tintindex":0},"west":{"uv":[1.625,7.5,2.125,8.125],"rotation":0,"texture":"#0","tintindex":0},"up":{"uv":[2.375,6.625,2.0,6.125],"rotation":0,"texture":"#0","tintindex":0},"down":{"uv":[4.875,8.375,4.5,8.875],"rotation":0,"texture":"#0","tintindex":0}}}],"display":{"head":{"translation":[0.0,-6.4,0.0],"scale":[4.0,4.0,4.0]}}}