{"textures":{"0":"modelengine:entity/crocodile"},"elements":[{"from":[7.714286,6.0,6.285714],"to":[9.428572,8.857143,8.571428],"rotation":{"angle":45.0,"axis":"x","origin":[8.571428,7.428571,7.428571]},"faces":{"east":{"uv":[0.5,7.875,0.0,8.5],"rotation":0,"texture":"#0","tintindex":0},"south":{"uv":[3.375,8.375,3.0,9.0],"rotation":0,"texture":"#0","tintindex":0},"north":{"uv":[2.875,8.375,2.5,9.0],"rotation":0,"texture":"#0","tintindex":0},"west":{"uv":[5.625,7.5,5.125,8.125],"rotation":0,"texture":"#0","tintindex":0},"up":{"uv":[8.5,8.25,8.875,7.75],"rotation":0,"texture":"#0","tintindex":0},"down":{"uv":[8.5,8.375,8.875,8.875],"rotation":0,"texture":"#0","tintindex":0}}}],"display":{"head":{"translation":[0.0,-6.4,0.0],"scale":[4.0,4.0,4.0]}}}