{"textures":{"0":"modelengine:entity/crocodile"},"elements":[{"from":[7.53261,6.051925,7.7126474],"to":[9.246896,8.909068,9.998362],"rotation":{"angle":-45.0,"axis":"x","origin":[8.389753,6.909068,8.855505]},"faces":{"east":{"uv":[2.125,7.5,1.625,8.125],"rotation":0,"texture":"#0","tintindex":0},"south":{"uv":[2.375,8.375,2.0,9.0],"rotation":0,"texture":"#0","tintindex":0},"north":{"uv":[8.75,1.0,8.375,1.625],"rotation":0,"texture":"#0","tintindex":0},"west":{"uv":[2.125,6.75,1.625,7.375],"rotation":0,"texture":"#0","tintindex":0},"up":{"uv":[2.0,6.625,2.375,6.125],"rotation":0,"texture":"#0","tintindex":0},"down":{"uv":[4.5,8.375,4.875,8.875],"rotation":0,"texture":"#0","tintindex":0}}}],"display":{"head":{"translation":[0.0,-6.4,0.0],"scale":[4.0,4.0,4.0]}}}