{"textures":{"0":"modelengine:entity/crocodile"},"elements":[{"from":[7.3214083,7.0,6.538746],"to":[9.607122,8.142858,8.82446],"rotation":{"angle":-22.5,"axis":"y","origin":[8.435694,7.5714283,7.9673176]},"faces":{"east":{"uv":[9.375,4.5,8.875,4.75],"rotation":0,"texture":"#0","tintindex":0},"south":{"uv":[9.375,1.375,8.875,1.625],"rotation":0,"texture":"#0","tintindex":0},"north":{"uv":[9.25,4.125,8.75,4.375],"rotation":0,"texture":"#0","tintindex":0},"west":{"uv":[9.375,1.0,8.875,1.25],"rotation":0,"texture":"#0","tintindex":0},"up":{"uv":[8.25,5.125,8.75,4.625],"rotation":0,"texture":"#0","tintindex":0},"down":{"uv":[5.0,8.25,5.5,8.75],"rotation":0,"texture":"#0","tintindex":0}}}],"display":{"head":{"translation":[0.0,-6.4,0.0],"scale":[4.0,4.0,4.0]}}}