{"textures":{"0":"modelengine:entity/dirtdevil"},"elements":[{"from":[8.0,8.0,1.7142854],"to":[8.0,16.0,14.285715],"rotation":{"angle":22.5,"axis":"z","origin":[8.0,8.0,8.0]},"faces":{"east":{"uv":[0.0,3.5,5.5,7.0],"rotation":0,"texture":"#0","tintindex":0},"south":{"uv":[0.0,0.0,0.0,3.5],"rotation":0,"texture":"#0","tintindex":0},"north":{"uv":[0.0,0.0,0.0,3.5],"rotation":0,"texture":"#0","tintindex":0},"west":{"uv":[0.0,3.5,5.5,7.0],"rotation":0,"texture":"#0","tintindex":0},"up":{"uv":[0.0,5.5,0.0,0.0],"rotation":0,"texture":"#0","tintindex":0},"down":{"uv":[0.0,0.0,0.0,5.5],"rotation":0,"texture":"#0","tintindex":0}}},{"from":[1.7142854,8.0,8.0],"to":[14.285715,16.0,8.0],"rotation":{"angle":-22.5,"axis":"x","origin":[8.0,8.0,8.0]},"faces":{"east":{"uv":[0.0,0.0,0.0,3.5],"rotation":0,"texture":"#0","tintindex":0},"south":{"uv":[5.5,3.5,0.0,7.0],"rotation":0,"texture":"#0","tintindex":0},"north":{"uv":[5.5,3.5,0.0,7.0],"rotation":0,"texture":"#0","tintindex":0},"west":{"uv":[0.0,0.0,0.0,3.5],"rotation":0,"texture":"#0","tintindex":0},"up":{"uv":[0.0,0.0,0.0,5.5],"rotation":90,"texture":"#0","tintindex":0},"down":{"uv":[0.0,5.5,0.0,0.0],"rotation":270,"texture":"#0","tintindex":0}}},{"from":[8.0,8.0,1.7142854],"to":[8.0,16.0,14.285715],"rotation":{"angle":-22.5,"axis":"z","origin":[8.0,8.0,8.0]},"faces":{"east":{"uv":[0.0,3.5,5.5,7.0],"rotation":0,"texture":"#0","tintindex":0},"south":{"uv":[0.0,0.0,0.0,3.5],"rotation":0,"texture":"#0","tintindex":0},"north":{"uv":[0.0,0.0,0.0,3.5],"rotation":0,"texture":"#0","tintindex":0},"west":{"uv":[0.0,3.5,5.5,7.0],"rotation":0,"texture":"#0","tintindex":0},"up":{"uv":[0.0,0.0,0.0,5.5],"rotation":0,"texture":"#0","tintindex":0},"down":{"uv":[0.0,5.5,0.0,0.0],"rotation":0,"texture":"#0","tintindex":0}}},{"from":[1.7142854,8.0,8.0],"to":[14.285715,16.0,8.0],"rotation":{"angle":22.5,"axis":"x","origin":[8.0,8.0,8.0]},"faces":{"east":{"uv":[0.0,0.0,0.0,3.5],"rotation":0,"texture":"#0","tintindex":0},"south":{"uv":[5.5,3.5,0.0,7.0],"rotation":0,"texture":"#0","tintindex":0},"north":{"uv":[5.5,3.5,0.0,7.0],"rotation":0,"texture":"#0","tintindex":0},"west":{"uv":[0.0,0.0,0.0,3.5],"rotation":0,"texture":"#0","tintindex":0},"up":{"uv":[0.0,5.5,0.0,0.0],"rotation":90,"texture":"#0","tintindex":0},"down":{"uv":[0.0,0.0,0.0,5.5],"rotation":270,"texture":"#0","tintindex":0}}}],"display":{"head":{"translation":[0.0,-6.4,0.0],"scale":[4.0,4.0,4.0]}}}