{
	"credit": "Made with Blockbench - By Toffy",
	"texture_size": [64, 64],
	"textures": {
		"0": "toffy/clang_bot/clang_ai_controller",
		"particle": "toffy/clang_bot/clang_ai_controller"
	},
	"elements": [
		{
			"from": [7, -8, 7],
			"to": [9, -2, 9],
			"rotation": {"angle": 0, "axis": "y", "origin": [0, -8, 0]},
			"faces": {
				"north": {"uv": [7.25, 0.75, 7.75, 2.25], "texture": "#0"},
				"east": {"uv": [7.25, 3.25, 7.75, 4.75], "texture": "#0"},
				"south": {"uv": [0, 7.5, 0.5, 9], "texture": "#0"},
				"west": {"uv": [0.75, 7.5, 1.25, 9], "texture": "#0"},
				"up": {"uv": [9.5, 7.75, 9, 7.25], "texture": "#0"},
				"down": {"uv": [10, 0, 9.5, 0.5], "texture": "#0"}
			}
		},
		{
			"from": [3, -1, 5.75],
			"to": [4, 0, 6.75],
			"rotation": {"angle": -45, "axis": "z", "origin": [3.5, -0.5, 5]},
			"faces": {
				"north": {"uv": [2.5, 10, 2.75, 10.25], "texture": "#0"},
				"east": {"uv": [3, 10, 3.25, 10.25], "texture": "#0"},
				"south": {"uv": [10, 5.5, 10.25, 5.75], "texture": "#0"},
				"west": {"uv": [0, 10.25, 0.25, 10.5], "texture": "#0"},
				"up": {"uv": [10.5, 0.25, 10.25, 0], "texture": "#0"},
				"down": {"uv": [10.5, 2.75, 10.25, 3], "texture": "#0"}
			}
		},
		{
			"from": [4, -2, 7.5],
			"to": [12, 7, 9.5],
			"rotation": {"angle": 0, "axis": "y", "origin": [0, -8, -0.5]},
			"faces": {
				"north": {"uv": [0, 0, 2, 2.25], "texture": "#0"},
				"east": {"uv": [6.5, 0, 7, 2.25], "texture": "#0"},
				"south": {"uv": [2.25, 0, 4.25, 2.25], "texture": "#0"},
				"west": {"uv": [6, 6.5, 6.5, 8.75], "texture": "#0"},
				"up": {"uv": [8.5, 3, 6.5, 2.5], "texture": "#0"},
				"down": {"uv": [9.25, 0, 7.25, 0.5], "texture": "#0"}
			}
		},
		{
			"from": [-3, 11, 7.5],
			"to": [0, 18, 8.5],
			"rotation": {"angle": -45, "axis": "z", "origin": [0, -8, -0.5]},
			"faces": {
				"north": {"uv": [4.5, 0, 5.25, 1.75], "texture": "#0"},
				"east": {"uv": [8.75, 3, 9, 4.75], "texture": "#0"},
				"south": {"uv": [4, 5, 4.75, 6.75], "texture": "#0"},
				"west": {"uv": [8.25, 8.75, 8.5, 10.5], "texture": "#0"},
				"up": {"uv": [10.25, 8.25, 9.5, 8], "texture": "#0"},
				"down": {"uv": [6.75, 9.75, 6, 10], "texture": "#0"}
			}
		},
		{
			"from": [-3.5, 18, 7],
			"to": [0.5, 23, 9],
			"rotation": {"angle": -45, "axis": "z", "origin": [0, -8, -0.5]},
			"faces": {
				"north": {"uv": [0, 6, 1, 7.25], "texture": "#0"},
				"east": {"uv": [3, 7.5, 3.5, 8.75], "texture": "#0"},
				"south": {"uv": [1.25, 6, 2.25, 7.25], "texture": "#0"},
				"west": {"uv": [7.5, 6.5, 8, 7.75], "texture": "#0"},
				"up": {"uv": [9.25, 8.5, 8.25, 8], "texture": "#0"},
				"down": {"uv": [9.75, 0.75, 8.75, 1.25], "texture": "#0"}
			}
		},
		{
			"from": [16, 11, 7.5],
			"to": [19, 18, 8.5],
			"rotation": {"angle": 45, "axis": "z", "origin": [16, -8, -0.5]},
			"faces": {
				"north": {"uv": [5, 5, 5.75, 6.75], "texture": "#0"},
				"east": {"uv": [8.75, 8.75, 9, 10.5], "texture": "#0"},
				"south": {"uv": [5.5, 0, 6.25, 1.75], "texture": "#0"},
				"west": {"uv": [1.5, 9, 1.75, 10.75], "texture": "#0"},
				"up": {"uv": [10.5, 6.5, 9.75, 6.25], "texture": "#0"},
				"down": {"uv": [10.5, 6.75, 9.75, 7], "texture": "#0"}
			}
		},
		{
			"from": [15.5, 18, 7],
			"to": [19.5, 23, 9],
			"rotation": {"angle": 45, "axis": "z", "origin": [16, -8, -0.5]},
			"faces": {
				"north": {"uv": [2.5, 6, 3.5, 7.25], "texture": "#0"},
				"east": {"uv": [7.5, 8, 8, 9.25], "texture": "#0"},
				"south": {"uv": [6, 5, 7, 6.25], "texture": "#0"},
				"west": {"uv": [8.25, 6.5, 8.75, 7.75], "texture": "#0"},
				"up": {"uv": [9.75, 2, 8.75, 1.5], "texture": "#0"},
				"down": {"uv": [9.75, 2.25, 8.75, 2.75], "texture": "#0"}
			}
		},
		{
			"from": [0, 0, 7.5],
			"to": [2, 5, 8.5],
			"rotation": {"angle": 0, "axis": "y", "origin": [16, -8, -0.5]},
			"faces": {
				"north": {"uv": [8, 0.75, 8.5, 2], "texture": "#0"},
				"east": {"uv": [9.25, 3, 9.5, 4.25], "texture": "#0"},
				"south": {"uv": [8, 3.25, 8.5, 4.5], "texture": "#0"},
				"west": {"uv": [9.25, 8.75, 9.5, 10], "texture": "#0"},
				"up": {"uv": [10.5, 1, 10, 0.75], "texture": "#0"},
				"down": {"uv": [10.5, 1.25, 10, 1.5], "texture": "#0"}
			}
		},
		{
			"from": [2, -2, 6.5],
			"to": [4, 7, 9.5],
			"rotation": {"angle": 0, "axis": "y", "origin": [16, -8, -0.5]},
			"faces": {
				"north": {"uv": [6.75, 6.5, 7.25, 8.75], "texture": "#0"},
				"east": {"uv": [0, 3.5, 0.75, 5.75], "texture": "#0"},
				"south": {"uv": [3.75, 7, 4.25, 9.25], "texture": "#0"},
				"west": {"uv": [1, 3.5, 1.75, 5.75], "texture": "#0"},
				"up": {"uv": [2.5, 9.75, 2, 9], "texture": "#0"},
				"down": {"uv": [3.25, 9, 2.75, 9.75], "texture": "#0"}
			}
		},
		{
			"from": [2, 7, 6.5],
			"to": [14, 9, 9.5],
			"rotation": {"angle": 0, "axis": "y", "origin": [16, -8, -0.5]},
			"faces": {
				"north": {"uv": [4, 3.5, 7, 4], "texture": "#0"},
				"east": {"uv": [9, 5.5, 9.75, 6], "texture": "#0"},
				"south": {"uv": [4, 4.25, 7, 4.75], "texture": "#0"},
				"west": {"uv": [6, 9, 6.75, 9.5], "texture": "#0"},
				"up": {"uv": [3, 3.25, 0, 2.5], "texture": "#0"},
				"down": {"uv": [6.25, 2.5, 3.25, 3.25], "texture": "#0"}
			}
		},
		{
			"from": [12, -2, 6.5],
			"to": [14, 7, 9.5],
			"rotation": {"angle": 0, "axis": "y", "origin": [0, -8, -0.5]},
			"faces": {
				"north": {"uv": [4.5, 7, 5, 9.25], "texture": "#0"},
				"east": {"uv": [2, 3.5, 2.75, 5.75], "texture": "#0"},
				"south": {"uv": [5.25, 7, 5.75, 9.25], "texture": "#0"},
				"west": {"uv": [3, 3.5, 3.75, 5.75], "texture": "#0"},
				"up": {"uv": [9.5, 7, 9, 6.25], "texture": "#0"},
				"down": {"uv": [0.5, 9.25, 0, 10], "texture": "#0"}
			}
		},
		{
			"from": [14, 0, 7.5],
			"to": [16, 5, 8.5],
			"rotation": {"angle": 0, "axis": "y", "origin": [0, -8, -0.5]},
			"faces": {
				"north": {"uv": [1.5, 7.5, 2, 8.75], "texture": "#0"},
				"east": {"uv": [7, 9, 7.25, 10.25], "texture": "#0"},
				"south": {"uv": [2.25, 7.5, 2.75, 8.75], "texture": "#0"},
				"west": {"uv": [0.75, 9.25, 1, 10.5], "texture": "#0"},
				"up": {"uv": [10.25, 9.5, 9.75, 9.25], "texture": "#0"},
				"down": {"uv": [10.25, 9.75, 9.75, 10], "texture": "#0"}
			}
		},
		{
			"from": [11, -2, 6.5],
			"to": [12, 1, 7.5],
			"rotation": {"angle": 0, "axis": "y", "origin": [0, -8, -0.5]},
			"faces": {
				"north": {"uv": [5.5, 9.5, 5.75, 10.25], "texture": "#0"},
				"east": {"uv": [7.5, 9.5, 7.75, 10.25], "texture": "#0"},
				"south": {"uv": [9.75, 3, 10, 3.75], "texture": "#0"},
				"west": {"uv": [9.75, 4, 10, 4.75], "texture": "#0"},
				"up": {"uv": [2.25, 10.25, 2, 10], "texture": "#0"},
				"down": {"uv": [10.25, 2.25, 10, 2.5], "texture": "#0"}
			}
		},
		{
			"from": [5, -2, 6.5],
			"to": [11, 0, 7.5],
			"rotation": {"angle": 0, "axis": "y", "origin": [16, -8, -0.5]},
			"faces": {
				"north": {"uv": [7.25, 5, 8.75, 5.5], "texture": "#0"},
				"east": {"uv": [9.75, 7.25, 10, 7.75], "texture": "#0"},
				"south": {"uv": [7.25, 5.75, 8.75, 6.25], "texture": "#0"},
				"west": {"uv": [9.75, 8.5, 10, 9], "texture": "#0"},
				"up": {"uv": [6, 2.25, 4.5, 2], "texture": "#0"},
				"down": {"uv": [10.5, 5, 9, 5.25], "texture": "#0"}
			}
		},
		{
			"from": [4, -2, 6.5],
			"to": [5, 1, 7.5],
			"rotation": {"angle": 0, "axis": "y", "origin": [16, -8, -0.5]},
			"faces": {
				"north": {"uv": [3.5, 9.5, 3.75, 10.25], "texture": "#0"},
				"east": {"uv": [4, 9.5, 4.25, 10.25], "texture": "#0"},
				"south": {"uv": [4.5, 9.5, 4.75, 10.25], "texture": "#0"},
				"west": {"uv": [5, 9.5, 5.25, 10.25], "texture": "#0"},
				"up": {"uv": [9.5, 4.75, 9.25, 4.5], "texture": "#0"},
				"down": {"uv": [10.25, 1.75, 10, 2], "texture": "#0"}
			}
		},
		{
			"from": [9.35, 2.475, 7.475],
			"to": [10.6, 3.725, 7.475],
			"rotation": {"angle": 0, "axis": "y", "origin": [9.35, 2.475, 7.475]},
			"faces": {
				"north": {"uv": [12.75, 8, 14.0625, 9.3125], "texture": "#0"},
				"east": {"uv": [0, 0, 0, 0.3125], "texture": "#0"},
				"south": {"uv": [12.75, 6.5, 14.0625, 7.8125], "texture": "#0"},
				"west": {"uv": [0, 0, 0, 0.3125], "texture": "#0"},
				"up": {"uv": [0, 0, 0.3125, 0], "texture": "#0"},
				"down": {"uv": [0, 0, 0.3125, 0], "texture": "#0"}
			}
		},
		{
			"from": [5.35, 2.475, 7.475],
			"to": [6.6, 3.725, 7.475],
			"rotation": {"angle": 0, "axis": "y", "origin": [5.35, 2.475, 7.475]},
			"faces": {
				"north": {"uv": [12.75, 8, 14.0625, 9.3125], "texture": "#0"},
				"east": {"uv": [0, 0, 0, 0.3125], "texture": "#0"},
				"south": {"uv": [12.75, 6.5, 14.0625, 7.8125], "texture": "#0"},
				"west": {"uv": [0, 0, 0, 0.3125], "texture": "#0"},
				"up": {"uv": [0, 0, 0.3125, 0], "texture": "#0"},
				"down": {"uv": [0, 0, 0.3125, 0], "texture": "#0"}
			}
		}
	],
	"gui_light": "front",
	"display": {
		"thirdperson_righthand": {
			"rotation": [0, 160, 0],
			"translation": [0, 8, 1.5],
			"scale": [0.7, 0.7, 0.7]
		},
		"thirdperson_lefthand": {
			"rotation": [0, 160, 0],
			"translation": [0, 8, 1.5],
			"scale": [0.7, 0.7, 0.7]
		},
		"firstperson_righthand": {
			"rotation": [152.42, 15.4, -172.1],
			"translation": [-1.25, 6, 1.5],
			"scale": [0.5, 0.5, 0.5]
		},
		"firstperson_lefthand": {
			"rotation": [152.42, 15.4, -172.1],
			"translation": [-1.25, 6, 1.5],
			"scale": [0.5, 0.5, 0.5]
		},
		"ground": {
			"rotation": [24, 0, 0],
			"translation": [0, 4, 0],
			"scale": [0.5, 0.5, 0.5]
		},
		"gui": {
			"rotation": [-13, 157, 19],
			"translation": [-0.5, 1.5, 0],
			"scale": [0.58, 0.58, 0.58]
		},
		"head": {
			"translation": [0, 6.5, 0.5],
			"scale": [1.4, 1.4, 1.4]
		},
		"fixed": {
			"translation": [0, 2.5, -1],
			"scale": [0.7, 0.7, 0.7]
		}
	},
	"groups": [
		0,
		1,
		2,
		3,
		4,
		5,
		6,
		{
			"name": "group",
			"origin": [16, -8, 0],
			"color": 0,
			"children": [7, 8, 9, 10, 11, 12, 13, 14]
		},
		15,
		16
	]
}