{
	"credit": "Made with Blockbench",
	"texture_size": [128, 128],
	"textures": {
		"1": "toffy/clang_bot/clang_ai_helmet"
	},
	"elements": [
		{
			"from": [14.30558, 16.39936, 5.5],
			"to": [18.30558, 20.39936, 7.5],
			"rotation": {"angle": -45, "axis": "z", "origin": [16.30558, 16.64936, 6.5]},
			"faces": {
				"north": {"uv": [9.25, 0.875, 9.75, 1.375], "texture": "#1"},
				"east": {"uv": [0.75, 10.75, 1, 11.25], "texture": "#1"},
				"south": {"uv": [1.125, 9.25, 1.625, 9.75], "texture": "#1"},
				"west": {"uv": [10.75, 2.375, 11, 2.875], "texture": "#1"},
				"up": {"uv": [8, 6.5, 7.5, 6.25], "texture": "#1"},
				"down": {"uv": [8.875, 4.5, 8.375, 4.75], "texture": "#1"}
			}
		},
		{
			"from": [14.80558, 9.39936, 6],
			"to": [17.80558, 16.39936, 7],
			"rotation": {"angle": -45, "axis": "z", "origin": [16.30558, 16.64936, 6.5]},
			"faces": {
				"north": {"uv": [4.125, 8.875, 4.5, 9.75], "texture": "#1"},
				"east": {"uv": [6.625, 10.375, 6.75, 11.25], "texture": "#1"},
				"south": {"uv": [4.625, 8.875, 5, 9.75], "texture": "#1"},
				"west": {"uv": [4.375, 10.625, 4.5, 11.5], "texture": "#1"},
				"up": {"uv": [2.125, 3.375, 1.75, 3.25], "texture": "#1"},
				"down": {"uv": [3, 3.5, 2.625, 3.625], "texture": "#1"}
			}
		},
		{
			"from": [-2.30558, 16.39936, 5.5],
			"to": [1.69442, 20.39936, 7.5],
			"rotation": {"angle": 45, "axis": "z", "origin": [-0.30558, 16.64936, 6.5]},
			"faces": {
				"north": {"uv": [9.75, 0.875, 9.25, 1.375], "texture": "#1"},
				"east": {"uv": [11, 2.375, 10.75, 2.875], "texture": "#1"},
				"south": {"uv": [1.625, 9.25, 1.125, 9.75], "texture": "#1"},
				"west": {"uv": [1, 10.75, 0.75, 11.25], "texture": "#1"},
				"up": {"uv": [7.5, 6.5, 8, 6.25], "texture": "#1"},
				"down": {"uv": [8.375, 4.5, 8.875, 4.75], "texture": "#1"}
			}
		},
		{
			"from": [-1.80558, 9.39936, 6],
			"to": [1.19442, 16.39936, 7],
			"rotation": {"angle": 45, "axis": "z", "origin": [-0.30558, 16.64936, 6.5]},
			"faces": {
				"north": {"uv": [4.5, 8.875, 4.125, 9.75], "texture": "#1"},
				"east": {"uv": [4.5, 10.625, 4.375, 11.5], "texture": "#1"},
				"south": {"uv": [5, 8.875, 4.625, 9.75], "texture": "#1"},
				"west": {"uv": [6.75, 10.375, 6.625, 11.25], "texture": "#1"},
				"up": {"uv": [1.75, 3.375, 2.125, 3.25], "texture": "#1"},
				"down": {"uv": [2.625, 3.5, 3, 3.625], "texture": "#1"}
			}
		},
		{
			"from": [4, 3.61966, 7.87791],
			"to": [12, 7.94466, 14.87791],
			"rotation": {"angle": -45, "axis": "x", "origin": [12.5, 4.36966, 3.87791]},
			"faces": {
				"north": {"uv": [6, 6.75, 7, 7.25], "texture": "#1"},
				"east": {"uv": [0.625, 7.25, 1.5, 7.75], "texture": "#1"},
				"south": {"uv": [3.125, 6.875, 4.125, 7.375], "texture": "#1"},
				"west": {"uv": [7.125, 7.25, 8, 7.75], "texture": "#1"},
				"up": {"uv": [1, 2.875, 0, 2], "texture": "#1"},
				"down": {"uv": [2.125, 2.25, 1.125, 3.125], "texture": "#1"}
			}
		},
		{
			"from": [6, 7.25, 2],
			"to": [9, 10.25, 9],
			"rotation": {"angle": 45, "axis": "z", "origin": [8, 9.25, 5.5]},
			"faces": {
				"north": {"uv": [10.125, 9, 10.5, 9.375], "texture": "#1"},
				"east": {"uv": [8.875, 0, 9.75, 0.375], "texture": "#1"},
				"south": {"uv": [10.25, 2.625, 10.625, 3], "texture": "#1"},
				"west": {"uv": [8.875, 1.5, 9.75, 1.875], "texture": "#1"},
				"up": {"uv": [8.5, 9.5, 8.125, 8.625], "texture": "#1"},
				"down": {"uv": [4, 8.75, 3.625, 9.625], "texture": "#1"}
			}
		},
		{
			"from": [4, 4, 12.025],
			"to": [12, 8, 14.025],
			"rotation": {"angle": -22.5, "axis": "x", "origin": [12.5, 5.25, 4]},
			"faces": {
				"north": {"uv": [6.625, 4.875, 7.625, 5.375], "texture": "#1"},
				"east": {"uv": [0, 10.75, 0.25, 11.25], "texture": "#1"},
				"south": {"uv": [4.875, 6.75, 5.875, 7.25], "texture": "#1"},
				"west": {"uv": [0.375, 10.75, 0.625, 11.25], "texture": "#1"},
				"up": {"uv": [10.125, 4.125, 9.125, 3.875], "texture": "#1"},
				"down": {"uv": [10.25, 0.5, 9.25, 0.75], "texture": "#1"}
			}
		},
		{
			"from": [3.25, 4, 3],
			"to": [5.25, 6, 4],
			"rotation": {"angle": -22.5, "axis": "x", "origin": [3.5, 5.25, 4]},
			"faces": {
				"north": {"uv": [5.5, 11.25, 5.75, 11.5], "texture": "#1"},
				"east": {"uv": [7.375, 2.625, 7.5, 2.875], "texture": "#1"},
				"south": {"uv": [11.25, 5.5, 11.5, 5.75], "texture": "#1"},
				"west": {"uv": [8.125, 2.25, 8.25, 2.5], "texture": "#1"},
				"up": {"uv": [9.125, 0.625, 8.875, 0.5], "texture": "#1"},
				"down": {"uv": [10.25, 6.875, 10, 7], "texture": "#1"}
			}
		},
		{
			"from": [2.25, 5, 4],
			"to": [4.25, 7, 6.675],
			"rotation": {"angle": 0, "axis": "y", "origin": [3.5, 5.25, 4]},
			"faces": {
				"north": {"uv": [11.25, 4.75, 11.5, 5], "texture": "#1"},
				"east": {"uv": [11, 6.875, 11.375, 7.125], "texture": "#1"},
				"south": {"uv": [11.25, 5.125, 11.5, 5.375], "texture": "#1"},
				"west": {"uv": [11, 8.5, 11.375, 8.75], "texture": "#1"},
				"up": {"uv": [10.25, 11.375, 10, 11], "texture": "#1"},
				"down": {"uv": [10.625, 11, 10.375, 11.375], "texture": "#1"}
			}
		},
		{
			"from": [2.275, 5.025, 4],
			"to": [4.275, 8.025, 7],
			"rotation": {"angle": -22.5, "axis": "x", "origin": [3.5, 5.25, 4]},
			"faces": {
				"north": {"uv": [10.875, 5.875, 11.125, 6.25], "texture": "#1"},
				"east": {"uv": [2, 10.125, 2.375, 10.5], "texture": "#1"},
				"south": {"uv": [6, 10.875, 6.25, 11.25], "texture": "#1"},
				"west": {"uv": [10.125, 8.5, 10.5, 8.875], "texture": "#1"},
				"up": {"uv": [11.125, 6.75, 10.875, 6.375], "texture": "#1"},
				"down": {"uv": [7.5, 10.875, 7.25, 11.25], "texture": "#1"}
			}
		},
		{
			"from": [12.75, 5.5, 6.125],
			"to": [14.75, 7.5, 9.125],
			"rotation": {"angle": -22.5, "axis": "x", "origin": [12.5, 5.25, 4]},
			"faces": {
				"north": {"uv": [11.5, 0.75, 11.25, 1], "texture": "#1"},
				"east": {"uv": [11.125, 10.75, 10.75, 11], "texture": "#1"},
				"south": {"uv": [11.5, 3.625, 11.25, 3.875], "texture": "#1"},
				"west": {"uv": [11.125, 10.375, 10.75, 10.625], "texture": "#1"},
				"up": {"uv": [10.875, 0.75, 11.125, 0.375], "texture": "#1"},
				"down": {"uv": [10.875, 0.875, 11.125, 1.25], "texture": "#1"}
			}
		},
		{
			"from": [1.25, 5.5, 6.125],
			"to": [3.25, 7.5, 9.125],
			"rotation": {"angle": -22.5, "axis": "x", "origin": [3.5, 5.25, 4]},
			"faces": {
				"north": {"uv": [11.25, 0.75, 11.5, 1], "texture": "#1"},
				"east": {"uv": [10.75, 10.375, 11.125, 10.625], "texture": "#1"},
				"south": {"uv": [11.25, 3.625, 11.5, 3.875], "texture": "#1"},
				"west": {"uv": [10.75, 10.75, 11.125, 11], "texture": "#1"},
				"up": {"uv": [11.125, 0.75, 10.875, 0.375], "texture": "#1"},
				"down": {"uv": [11.125, 0.875, 10.875, 1.25], "texture": "#1"}
			}
		},
		{
			"from": [11.75, 5, 4],
			"to": [13.75, 7, 6.675],
			"rotation": {"angle": 0, "axis": "y", "origin": [12.5, 5.25, 4]},
			"faces": {
				"north": {"uv": [11.25, 0, 11.5, 0.25], "texture": "#1"},
				"east": {"uv": [8.5, 10.75, 8.875, 11], "texture": "#1"},
				"south": {"uv": [11.25, 0.375, 11.5, 0.625], "texture": "#1"},
				"west": {"uv": [10.75, 9.5, 11.125, 9.75], "texture": "#1"},
				"up": {"uv": [9.875, 11.125, 9.625, 10.75], "texture": "#1"},
				"down": {"uv": [11, 9.875, 10.75, 10.25], "texture": "#1"}
			}
		},
		{
			"from": [11.725, 5.025, 4],
			"to": [13.725, 8.025, 7],
			"rotation": {"angle": -22.5, "axis": "x", "origin": [12.5, 5.25, 4]},
			"faces": {
				"north": {"uv": [5.625, 10.75, 5.875, 11.125], "texture": "#1"},
				"east": {"uv": [2.375, 7.75, 2.75, 8.125], "texture": "#1"},
				"south": {"uv": [6.875, 10.75, 7.125, 11.125], "texture": "#1"},
				"west": {"uv": [1.5, 10.125, 1.875, 10.5], "texture": "#1"},
				"up": {"uv": [11, 7.875, 10.75, 7.5], "texture": "#1"},
				"down": {"uv": [11, 8, 10.75, 8.375], "texture": "#1"}
			}
		},
		{
			"from": [2.25, 4, 6.375],
			"to": [4.25, 8, 14],
			"rotation": {"angle": -22.5, "axis": "x", "origin": [3.5, 5.25, 4]},
			"faces": {
				"north": {"uv": [10.625, 8.5, 10.875, 9], "texture": "#1"},
				"east": {"uv": [6.5, 3.625, 7.5, 4.125], "texture": "#1"},
				"south": {"uv": [9.25, 10.625, 9.5, 11.125], "texture": "#1"},
				"west": {"uv": [6.5, 4.25, 7.5, 4.75], "texture": "#1"},
				"up": {"uv": [9.375, 6.125, 9.125, 5.125], "texture": "#1"},
				"down": {"uv": [9.375, 7.5, 9.125, 8.5], "texture": "#1"}
			}
		},
		{
			"from": [11.75, 4, 6.375],
			"to": [13.75, 8, 14],
			"rotation": {"angle": -22.5, "axis": "x", "origin": [12.5, 5.25, 4]},
			"faces": {
				"north": {"uv": [0, 10.125, 0.25, 10.625], "texture": "#1"},
				"east": {"uv": [2, 6.5, 3, 7], "texture": "#1"},
				"south": {"uv": [7.875, 10.625, 8.125, 11.125], "texture": "#1"},
				"west": {"uv": [6.5, 3, 7.5, 3.5], "texture": "#1"},
				"up": {"uv": [6.375, 9.875, 6.125, 8.875], "texture": "#1"},
				"down": {"uv": [0.25, 9, 0, 10], "texture": "#1"}
			}
		},
		{
			"from": [3, 8, 5],
			"to": [13, 12, 12.325],
			"rotation": {"angle": -22.5, "axis": "x", "origin": [12.5, 5.25, 4]},
			"faces": {
				"north": {"uv": [5, 2.625, 6.25, 3.125], "texture": "#1"},
				"east": {"uv": [2, 7.125, 2.875, 7.625], "texture": "#1"},
				"south": {"uv": [0, 5.625, 1.25, 6.125], "texture": "#1"},
				"west": {"uv": [7.125, 6.625, 8, 7.125], "texture": "#1"},
				"up": {"uv": [1.25, 0.875, 0, 0], "texture": "#1"},
				"down": {"uv": [1.25, 1, 0, 1.875], "texture": "#1"}
			}
		},
		{
			"from": [10.75, 4, 3],
			"to": [12.75, 6, 4],
			"rotation": {"angle": -22.5, "axis": "x", "origin": [12.5, 5.25, 4]},
			"faces": {
				"north": {"uv": [1.75, 9.25, 2, 9.5], "texture": "#1"},
				"east": {"uv": [6.125, 2.25, 6.25, 2.5], "texture": "#1"},
				"south": {"uv": [8.875, 11.125, 9.125, 11.375], "texture": "#1"},
				"west": {"uv": [7.125, 1.875, 7.25, 2.125], "texture": "#1"},
				"up": {"uv": [1.25, 6.375, 1, 6.25], "texture": "#1"},
				"down": {"uv": [0.875, 7, 0.625, 7.125], "texture": "#1"}
			}
		}
	],
	"gui_light": "front",
	"display": {
		"thirdperson_righthand": {
			"translation": [-1.75, 0, 0],
			"scale": [0.5, 0.5, 0.5]
		},
		"thirdperson_lefthand": {
			"translation": [-1.75, 0, 0],
			"scale": [0.5, 0.5, 0.5]
		},
		"firstperson_righthand": {
			"scale": [0.5, 0.5, 0.5]
		},
		"firstperson_lefthand": {
			"scale": [0.5, 0.5, 0.5]
		},
		"ground": {
			"scale": [0.58, 0.58, 0.58]
		},
		"gui": {
			"rotation": [0, 164, 8],
			"translation": [-0.5, -3.5, 0],
			"scale": [0.65, 0.65, 0.65]
		},
		"head": {
			"translation": [0, 0, -0.25],
			"scale": [1.7, 1.7, 1.7]
		},
		"fixed": {
			"rotation": [-14.75, 0, 0],
			"translation": [0, -3.25, -2]
		}
	}
}