{"textures":{"0":"modelengine:entity/clang_ai_glow"},"elements":[{"from":[5.714286,4.5678444,7.4261765],"to":[10.285714,7.424988,10.283319],"rotation":{"angle":-22.5,"axis":"x","origin":[8.0,5.710702,8.569034]},"faces":{"east":{"uv":[7.375,0.0,8.0,0.625],"rotation":0,"texture":"#0","tintindex":0},"south":{"uv":[5.25,0.0,6.25,0.625],"rotation":0,"texture":"#0","tintindex":0},"north":{"uv":[5.0,1.875,6.0,2.5],"rotation":0,"texture":"#0","tintindex":0},"west":{"uv":[7.375,1.875,8.0,2.5],"rotation":0,"texture":"#0","tintindex":0},"up":{"uv":[5.375,5.875,4.375,5.25],"rotation":0,"texture":"#0","tintindex":0},"down":{"uv":[6.5,5.25,5.5,5.875],"rotation":0,"texture":"#0","tintindex":0}}},{"from":[6.285714,6.857143,6.857143],"to":[9.714286,10.285714,9.142858],"rotation":{"angle":0.0,"axis":"y","origin":[8.0,-7.4285717,8.0]},"faces":{"east":{"uv":[2.5,1.25,3.0,2.0],"rotation":0,"texture":"#0","tintindex":0},"south":{"uv":[2.25,5.625,3.0,6.375],"rotation":0,"texture":"#0","tintindex":0},"north":{"uv":[1.375,5.625,2.125,6.375],"rotation":0,"texture":"#0","tintindex":0},"west":{"uv":[0.0,8.125,0.5,8.875],"rotation":0,"texture":"#0","tintindex":0},"up":{"uv":[9.0,6.125,8.25,5.625],"rotation":0,"texture":"#0","tintindex":0},"down":{"uv":[7.5,8.625,6.75,9.125],"rotation":0,"texture":"#0","tintindex":0}}},{"from":[6.2714286,8.846991,6.3102245],"to":[9.728572,9.989847,7.453082],"rotation":{"angle":45.0,"axis":"x","origin":[8.0,9.275562,6.4530816]},"faces":{"east":{"uv":[4.0,5.625,4.25,5.875],"rotation":0,"texture":"#0","tintindex":0},"south":{"uv":[9.625,7.125,10.375,7.375],"rotation":0,"texture":"#0","tintindex":0},"north":{"uv":[3.125,6.5,3.875,6.75],"rotation":0,"texture":"#0","tintindex":0},"west":{"uv":[7.75,1.5,8.0,1.75],"rotation":0,"texture":"#0","tintindex":0},"up":{"uv":[10.5,4.5,9.75,4.25],"rotation":0,"texture":"#0","tintindex":0},"down":{"uv":[10.5,4.625,9.75,4.875],"rotation":0,"texture":"#0","tintindex":0}}},{"from":[3.4285712,10.285714,6.714286],"to":[6.285714,10.857143,9.571428],"rotation":{"angle":-22.5,"axis":"z","origin":[4.5714283,8.571428,8.0]},"faces":{"east":{"uv":[4.25,1.0,4.875,1.125],"rotation":0,"texture":"#0","tintindex":0},"south":{"uv":[1.0,4.5,1.625,4.625],"rotation":0,"texture":"#0","tintindex":0},"north":{"uv":[0.0,4.25,0.625,4.375],"rotation":0,"texture":"#0","tintindex":0},"west":{"uv":[5.25,0.75,5.875,0.875],"rotation":0,"texture":"#0","tintindex":0},"up":{"uv":[5.5,8.0,4.875,7.375],"rotation":0,"texture":"#0","tintindex":0},"down":{"uv":[6.25,7.375,5.625,8.0],"rotation":0,"texture":"#0","tintindex":0}}},{"from":[7.142857,10.285714,7.428571],"to":[8.857143,11.428572,9.142858],"rotation":{"angle":0.0,"axis":"y","origin":[8.0,-7.714287,8.0]},"faces":{"east":{"uv":[4.625,10.75,5.0,11.0],"rotation":0,"texture":"#0","tintindex":0},"south":{"uv":[10.75,4.75,11.125,5.0],"rotation":0,"texture":"#0","tintindex":0},"north":{"uv":[10.75,3.625,11.125,3.875],"rotation":0,"texture":"#0","tintindex":0},"west":{"uv":[5.125,10.75,5.5,11.0],"rotation":0,"texture":"#0","tintindex":0},"up":{"uv":[4.375,3.625,4.0,3.25],"rotation":0,"texture":"#0","tintindex":0},"down":{"uv":[4.125,7.5,3.75,7.875],"rotation":0,"texture":"#0","tintindex":0}}},{"from":[9.714286,10.285714,6.714286],"to":[12.571428,10.857143,9.571428],"rotation":{"angle":22.5,"axis":"z","origin":[11.428572,8.571428,8.0]},"faces":{"east":{"uv":[11.0,8.875,11.625,9.0],"rotation":0,"texture":"#0","tintindex":0},"south":{"uv":[11.125,8.25,11.75,8.375],"rotation":0,"texture":"#0","tintindex":0},"north":{"uv":[5.625,5.0,6.25,5.125],"rotation":0,"texture":"#0","tintindex":0},"west":{"uv":[11.125,9.875,11.75,10.0],"rotation":0,"texture":"#0","tintindex":0},"up":{"uv":[7.0,8.0,6.375,7.375],"rotation":0,"texture":"#0","tintindex":0},"down":{"uv":[3.625,7.5,3.0,8.125],"rotation":0,"texture":"#0","tintindex":0}}}],"display":{"head":{"translation":[0.0,-6.4,0.0],"scale":[4.0,4.0,4.0]}}}