{"textures":{"0":"modelengine:entity/jellyfish_blue"},"elements":[{"from":[6.142857,7.428571,6.142857],"to":[9.857143,8.571428,9.857143],"rotation":{"angle":0.0,"axis":"y","origin":[7.428571,7.428571,7.428571]},"faces":{"east":{"uv":[8.5,6.0,12.0,7.0],"rotation":0,"texture":"#0","tintindex":0},"south":{"uv":[8.5,7.0,12.0,8.0],"rotation":0,"texture":"#0","tintindex":0},"north":{"uv":[5.5,8.5,9.0,9.5],"rotation":0,"texture":"#0","tintindex":0},"west":{"uv":[9.0,8.0,12.5,9.0],"rotation":0,"texture":"#0","tintindex":0},"up":{"uv":[3.5,3.5,0.0,0.0],"rotation":0,"texture":"#0","tintindex":0},"down":{"uv":[3.5,3.5,0.0,7.0],"rotation":0,"texture":"#0","tintindex":0}}}],"display":{"head":{"translation":[0.0,-6.4,0.0],"scale":[4.0,4.0,4.0]}}}