{"textures":{"1":"modelengine:entity/bear_brown_honey"},"elements":[{"from":[5.0942855,6.87,4.932857],"to":[10.905714,8.161428,8.161428],"rotation":{"angle":0.0,"axis":"y","origin":[8.0,10.805317,8.807143]},"faces":{"east":{"uv":[9.25,1.125,9.875,1.375],"rotation":0,"texture":"#1","tintindex":0},"south":{"uv":[11.0,3.375,12.125,3.625],"rotation":0,"texture":"#1","tintindex":0},"north":{"uv":[6.75,10.875,7.875,11.125],"rotation":0,"texture":"#1","tintindex":0},"west":{"uv":[9.375,8.875,10.0,9.125],"rotation":0,"texture":"#1","tintindex":0},"up":{"uv":[5.625,10.125,4.5,9.5],"rotation":0,"texture":"#1","tintindex":0},"down":{"uv":[11.125,2.625,10.0,3.25],"rotation":0,"texture":"#1","tintindex":0}}}],"display":{"head":{"translation":[0.0,-6.4,0.0],"scale":[4.0,4.0,4.0]}}}