{"textures":{"0":"modelengine:entity/jellyfish_pink"},"elements":[{"from":[8.742857,4.7571425,6.142857],"to":[8.742857,8.185715,9.857143],"rotation":{"angle":22.5,"axis":"z","origin":[8.742857,6.4714284,8.0]},"faces":{"east":{"uv":[3.5,0.0,7.0,3.0],"rotation":0,"texture":"#0","tintindex":0},"south":{"uv":[0.0,0.0,0.0,3.0],"rotation":0,"texture":"#0","tintindex":0},"north":{"uv":[0.0,0.0,0.0,3.0],"rotation":0,"texture":"#0","tintindex":0},"west":{"uv":[3.5,3.0,7.0,6.0],"rotation":0,"texture":"#0","tintindex":0},"up":{"uv":[3.5,0.0,0.0,0.0],"rotation":90,"texture":"#0","tintindex":0},"down":{"uv":[3.5,0.0,0.0,0.0],"rotation":270,"texture":"#0","tintindex":0}}}],"display":{"head":{"translation":[0.0,-6.4,0.0],"scale":[4.0,4.0,4.0]}}}