{"textures":{"0":"modelengine:entity/jellyfish_pink"},"elements":[{"from":[6.142857,4.7,8.671429],"to":[9.857143,8.1285715,8.671429],"rotation":{"angle":-22.5,"axis":"x","origin":[8.0,6.4142857,8.671429]},"faces":{"east":{"uv":[0.0,0.0,0.0,3.0],"rotation":0,"texture":"#0","tintindex":0},"south":{"uv":[7.0,0.0,3.5,3.0],"rotation":0,"texture":"#0","tintindex":0},"north":{"uv":[7.0,3.0,3.5,6.0],"rotation":0,"texture":"#0","tintindex":0},"west":{"uv":[0.0,0.0,0.0,3.0],"rotation":0,"texture":"#0","tintindex":0},"up":{"uv":[3.5,0.0,0.0,0.0],"rotation":0,"texture":"#0","tintindex":0},"down":{"uv":[3.5,0.0,0.0,0.0],"rotation":0,"texture":"#0","tintindex":0}}}],"display":{"head":{"translation":[0.0,-6.4,0.0],"scale":[4.0,4.0,4.0]}}}