{"textures":{"0":"modelengine:entity/jellyfish_pink"},"elements":[{"from":[8.0,5.428571,7.142857],"to":[8.0,8.857143,8.857143],"rotation":{"angle":0.0,"axis":"y","origin":[7.428571,7.714286,7.428571]},"faces":{"east":{"uv":[2.5,8.5,4.0,11.5],"rotation":0,"texture":"#0","tintindex":0},"south":{"uv":[0.0,0.0,0.0,3.0],"rotation":0,"texture":"#0","tintindex":0},"north":{"uv":[0.0,0.0,0.0,3.0],"rotation":0,"texture":"#0","tintindex":0},"west":{"uv":[4.0,8.5,5.5,11.5],"rotation":0,"texture":"#0","tintindex":0},"up":{"uv":[0.0,1.5,0.0,0.0],"rotation":0,"texture":"#0","tintindex":0},"down":{"uv":[0.0,0.0,0.0,1.5],"rotation":0,"texture":"#0","tintindex":0}}},{"from":[7.142857,4.8571424,8.0],"to":[8.857143,8.285714,8.0],"rotation":{"angle":0.0,"axis":"y","origin":[8.0,6.5714283,8.0]},"faces":{"east":{"uv":[0.0,0.0,0.0,3.0],"rotation":0,"texture":"#0","tintindex":0},"south":{"uv":[4.0,8.5,5.5,11.5],"rotation":0,"texture":"#0","tintindex":0},"north":{"uv":[2.5,8.5,4.0,11.5],"rotation":0,"texture":"#0","tintindex":0},"west":{"uv":[0.0,0.0,0.0,3.0],"rotation":0,"texture":"#0","tintindex":0},"up":{"uv":[0.0,1.5,0.0,0.0],"rotation":270,"texture":"#0","tintindex":0},"down":{"uv":[0.0,0.0,0.0,1.5],"rotation":90,"texture":"#0","tintindex":0}}}],"display":{"head":{"translation":[0.0,-6.4,0.0],"scale":[4.0,4.0,4.0]}}}