{"textures":{"0":"modelengine:entity/football_fish"},"elements":[{"from":[6.0,8.129287,5.620123],"to":[10.0,10.98643,6.7629805],"rotation":{"angle":0.0,"axis":"y","origin":[7.428571,8.700715,6.7629805]},"faces":{"east":{"uv":[7.25,8.25,6.75,9.5],"rotation":0,"texture":"#0","tintindex":0},"south":{"uv":[6.5,0.0,8.25,1.25],"rotation":0,"texture":"#0","tintindex":0},"north":{"uv":[6.25,4.0,8.0,5.25],"rotation":0,"texture":"#0","tintindex":0},"west":{"uv":[6.75,8.25,7.25,9.5],"rotation":0,"texture":"#0","tintindex":0},"up":{"uv":[8.5,8.25,6.75,7.75],"rotation":0,"texture":"#0","tintindex":0},"down":{"uv":[9.75,3.75,8.0,4.25],"rotation":0,"texture":"#0","tintindex":0}}},{"from":[5.714286,8.700715,6.1915517],"to":[6.285714,9.843573,7.3344088],"rotation":{"angle":-22.5,"axis":"y","origin":[5.714286,9.272144,6.7629805]},"faces":{"east":{"uv":[2.0,5.5,2.5,6.0],"rotation":0,"texture":"#0","tintindex":0},"south":{"uv":[8.25,6.5,8.5,7.0],"rotation":0,"texture":"#0","tintindex":0},"north":{"uv":[1.75,7.0,2.0,7.5],"rotation":0,"texture":"#0","tintindex":0},"west":{"uv":[6.25,5.25,6.75,5.75],"rotation":0,"texture":"#0","tintindex":0},"up":{"uv":[8.75,7.0,8.5,6.5],"rotation":0,"texture":"#0","tintindex":0},"down":{"uv":[8.75,7.75,8.5,8.25],"rotation":0,"texture":"#0","tintindex":0}}},{"from":[9.670789,8.700715,6.410228],"to":[10.242217,9.843573,7.5530853],"rotation":{"angle":22.5,"axis":"y","origin":[9.714286,9.272144,6.7629805]},"faces":{"east":{"uv":[6.75,5.25,6.25,5.75],"rotation":0,"texture":"#0","tintindex":0},"south":{"uv":[8.5,6.5,8.25,7.0],"rotation":0,"texture":"#0","tintindex":0},"north":{"uv":[2.0,7.0,1.75,7.5],"rotation":0,"texture":"#0","tintindex":0},"west":{"uv":[2.5,5.5,2.0,6.0],"rotation":0,"texture":"#0","tintindex":0},"up":{"uv":[8.5,7.0,8.75,6.5],"rotation":0,"texture":"#0","tintindex":0},"down":{"uv":[8.5,7.75,8.75,8.25],"rotation":0,"texture":"#0","tintindex":0}}},{"from":[6.0,8.129287,4.477266],"to":[10.0,10.98643,5.620123],"rotation":{"angle":0.0,"axis":"y","origin":[7.428571,8.700715,6.7629805]},"faces":{"east":{"uv":[7.25,8.25,7.75,9.5],"rotation":0,"texture":"#0","tintindex":0},"south":{"uv":[6.5,2.5,8.25,3.75],"rotation":0,"texture":"#0","tintindex":0},"north":{"uv":[6.5,1.25,8.25,2.5],"rotation":0,"texture":"#0","tintindex":0},"west":{"uv":[7.75,8.25,8.25,9.5],"rotation":0,"texture":"#0","tintindex":0},"up":{"uv":[9.75,4.75,8.0,4.25],"rotation":0,"texture":"#0","tintindex":0},"down":{"uv":[9.75,4.75,8.0,5.25],"rotation":0,"texture":"#0","tintindex":0}}},{"from":[6.0,5.714286,5.714286],"to":[10.0,10.285714,10.285714],"rotation":{"angle":22.5,"axis":"x","origin":[8.0,8.0,8.0]},"faces":{"east":{"uv":[4.75,2.0,2.75,4.0],"rotation":0,"texture":"#0","tintindex":0},"south":{"uv":[4.5,4.0,6.25,6.0],"rotation":0,"texture":"#0","tintindex":0},"north":{"uv":[2.75,4.0,4.5,6.0],"rotation":0,"texture":"#0","tintindex":0},"west":{"uv":[2.75,2.0,4.75,4.0],"rotation":0,"texture":"#0","tintindex":0},"up":{"uv":[6.5,2.0,4.75,0.0],"rotation":0,"texture":"#0","tintindex":0},"down":{"uv":[6.5,2.0,4.75,4.0],"rotation":0,"texture":"#0","tintindex":0}}},{"from":[8.285714,5.714286,1.1428566],"to":[8.285714,12.0,7.428571],"rotation":{"angle":22.5,"axis":"x","origin":[8.0,8.0,8.0]},"faces":{"east":{"uv":[2.75,2.75,0.0,5.5],"rotation":0,"texture":"#0","tintindex":0},"south":{"uv":[0.0,0.0,0.0,2.75],"rotation":0,"texture":"#0","tintindex":0},"north":{"uv":[0.0,0.0,0.0,2.75],"rotation":0,"texture":"#0","tintindex":0},"west":{"uv":[0.0,2.75,2.75,5.5],"rotation":0,"texture":"#0","tintindex":0},"up":{"uv":[0.0,2.75,0.0,0.0],"rotation":0,"texture":"#0","tintindex":0},"down":{"uv":[0.0,0.0,0.0,2.75],"rotation":0,"texture":"#0","tintindex":0}}},{"from":[7.714286,8.0,1.4285712],"to":[8.857143,9.142858,2.5714283],"rotation":{"angle":22.5,"axis":"x","origin":[8.0,8.0,8.0]},"faces":{"east":{"uv":[9.5,0.0,10.0,0.5],"rotation":0,"texture":"#0","tintindex":0},"south":{"uv":[10.5,0.0,11.0,0.5],"rotation":0,"texture":"#0","tintindex":0},"north":{"uv":[10.0,0.0,10.5,0.5],"rotation":0,"texture":"#0","tintindex":0},"west":{"uv":[9.0,0.0,9.5,0.5],"rotation":0,"texture":"#0","tintindex":0},"up":{"uv":[11.0,0.5,11.5,0.0],"rotation":0,"texture":"#0","tintindex":0},"down":{"uv":[11.5,0.0,12.0,0.5],"rotation":0,"texture":"#0","tintindex":0}}}],"display":{"head":{"translation":[0.0,-6.4,0.0],"scale":[4.0,4.0,4.0]}}}