{"textures":{"0":"modelengine:entity/football_fish"},"elements":[{"from":[7.428571,7.376349,8.253579],"to":[8.571428,10.233492,10.539293],"rotation":{"angle":22.5,"axis":"x","origin":[8.0,9.090635,5.9678645]},"faces":{"east":{"uv":[3.25,7.5,4.25,8.75],"rotation":0,"texture":"#0","tintindex":0},"south":{"uv":[0.0,8.75,0.5,10.0],"rotation":0,"texture":"#0","tintindex":0},"north":{"uv":[8.25,8.25,8.75,9.5],"rotation":0,"texture":"#0","tintindex":0},"west":{"uv":[4.25,7.5,5.25,8.75],"rotation":0,"texture":"#0","tintindex":0},"up":{"uv":[1.0,9.75,0.5,8.75],"rotation":0,"texture":"#0","tintindex":0},"down":{"uv":[3.75,8.75,3.25,9.75],"rotation":0,"texture":"#0","tintindex":0}}},{"from":[8.0,10.233492,8.253579],"to":[8.0,11.947778,10.539293],"rotation":{"angle":22.5,"axis":"x","origin":[8.0,9.090635,5.9678645]},"faces":{"east":{"uv":[9.25,2.0,8.25,2.75],"rotation":0,"texture":"#0","tintindex":0},"south":{"uv":[0.0,0.0,0.0,0.75],"rotation":0,"texture":"#0","tintindex":0},"north":{"uv":[0.0,0.0,0.0,0.75],"rotation":0,"texture":"#0","tintindex":0},"west":{"uv":[8.25,2.0,9.25,2.75],"rotation":0,"texture":"#0","tintindex":0},"up":{"uv":[0.0,1.0,0.0,0.0],"rotation":0,"texture":"#0","tintindex":0},"down":{"uv":[0.0,0.0,0.0,1.0],"rotation":0,"texture":"#0","tintindex":0}}},{"from":[8.0,4.545744,7.0085516],"to":[8.0,6.26003,9.294266],"rotation":{"angle":22.5,"axis":"x","origin":[7.428571,5.402887,8.151408]},"faces":{"east":{"uv":[9.25,2.75,8.25,2.0],"rotation":0,"texture":"#0","tintindex":0},"south":{"uv":[0.0,0.75,0.0,0.0],"rotation":0,"texture":"#0","tintindex":0},"north":{"uv":[0.0,0.75,0.0,0.0],"rotation":0,"texture":"#0","tintindex":0},"west":{"uv":[8.25,2.75,9.25,2.0],"rotation":0,"texture":"#0","tintindex":0},"up":{"uv":[0.0,1.0,0.0,0.0],"rotation":0,"texture":"#0","tintindex":0},"down":{"uv":[0.0,0.0,0.0,1.0],"rotation":0,"texture":"#0","tintindex":0}}},{"from":[8.0,6.8049207,10.539293],"to":[8.0,10.804921,13.396437],"rotation":{"angle":22.5,"axis":"x","origin":[8.0,9.090635,5.9678645]},"faces":{"east":{"uv":[8.25,5.25,7.0,7.0],"rotation":0,"texture":"#0","tintindex":0},"south":{"uv":[0.0,0.0,0.0,1.75],"rotation":0,"texture":"#0","tintindex":0},"north":{"uv":[0.0,0.0,0.0,1.75],"rotation":0,"texture":"#0","tintindex":0},"west":{"uv":[7.0,5.25,8.25,7.0],"rotation":0,"texture":"#0","tintindex":0},"up":{"uv":[0.0,1.25,0.0,0.0],"rotation":0,"texture":"#0","tintindex":0},"down":{"uv":[0.0,0.0,0.0,1.25],"rotation":0,"texture":"#0","tintindex":0}}}],"display":{"head":{"translation":[0.0,-6.4,0.0],"scale":[4.0,4.0,4.0]}}}