{"textures":{"0":"modelengine:entity/hornytoad"},"elements":[{"from":[7.196918,6.3074036,7.5803823],"to":[7.768347,7.4502606,8.151812],"rotation":{"angle":-22.5,"axis":"z","origin":[9.181589,4.1738176,4.827881]},"faces":{"east":{"uv":[9.0,6.0,8.5,7.0],"rotation":0,"texture":"#0","tintindex":0},"south":{"uv":[6.0,8.5,5.5,9.5],"rotation":0,"texture":"#0","tintindex":0},"north":{"uv":[5.5,8.5,5.0,9.5],"rotation":0,"texture":"#0","tintindex":0},"west":{"uv":[9.0,5.0,8.5,6.0],"rotation":0,"texture":"#0","tintindex":0},"up":{"uv":[1.0,9.5,1.5,9.0],"rotation":0,"texture":"#0","tintindex":0},"down":{"uv":[1.5,9.0,2.0,9.5],"rotation":0,"texture":"#0","tintindex":0}}},{"from":[8.16448,7.811578,5.4349694],"to":[9.878766,7.811578,7.720684],"rotation":{"angle":45.0,"axis":"x","origin":[7.61562,7.527681,6.5548973]},"faces":{"east":{"uv":[2.0,0.0,0.0,0.0],"rotation":0,"texture":"#0","tintindex":0},"south":{"uv":[1.5,0.0,0.0,0.0],"rotation":0,"texture":"#0","tintindex":0},"north":{"uv":[1.5,0.0,0.0,0.0],"rotation":0,"texture":"#0","tintindex":0},"west":{"uv":[2.0,0.0,0.0,0.0],"rotation":0,"texture":"#0","tintindex":0},"up":{"uv":[0.0,7.0,1.5,5.0],"rotation":0,"texture":"#0","tintindex":0},"down":{"uv":[0.0,5.0,1.5,7.0],"rotation":0,"texture":"#0","tintindex":0}}},{"from":[7.9869065,7.741681,7.5803823],"to":[9.129764,8.313109,8.151812],"rotation":{"angle":0.0,"axis":"y","origin":[9.094595,4.307894,4.827881]},"faces":{"east":{"uv":[9.5,0.5,9.0,1.0],"rotation":0,"texture":"#0","tintindex":0},"south":{"uv":[5.0,8.5,4.0,9.0],"rotation":0,"texture":"#0","tintindex":0},"north":{"uv":[9.5,3.5,8.5,4.0],"rotation":0,"texture":"#0","tintindex":0},"west":{"uv":[1.0,9.0,0.5,9.5],"rotation":0,"texture":"#0","tintindex":0},"up":{"uv":[8.5,4.5,9.5,4.0],"rotation":0,"texture":"#0","tintindex":0},"down":{"uv":[8.5,4.5,9.5,5.0],"rotation":0,"texture":"#0","tintindex":0}}}],"display":{"head":{"translation":[0.0,-6.4,0.0],"scale":[4.0,4.0,4.0]}}}