{"textures":{"0":"modelengine:entity/hornytoad"},"elements":[{"from":[8.231653,6.3074036,7.5803823],"to":[8.803082,7.4502606,8.151812],"rotation":{"angle":22.5,"axis":"z","origin":[6.8184104,4.1738176,4.827881]},"faces":{"east":{"uv":[8.5,5.0,9.0,6.0],"rotation":0,"texture":"#0","tintindex":0},"south":{"uv":[5.5,8.5,6.0,9.5],"rotation":0,"texture":"#0","tintindex":0},"north":{"uv":[5.0,8.5,5.5,9.5],"rotation":0,"texture":"#0","tintindex":0},"west":{"uv":[8.5,6.0,9.0,7.0],"rotation":0,"texture":"#0","tintindex":0},"up":{"uv":[1.5,9.5,1.0,9.0],"rotation":0,"texture":"#0","tintindex":0},"down":{"uv":[2.0,9.0,1.5,9.5],"rotation":0,"texture":"#0","tintindex":0}}},{"from":[6.1212344,7.811578,5.4349694],"to":[7.8355203,7.811578,7.720684],"rotation":{"angle":45.0,"axis":"x","origin":[8.38438,7.527681,6.5548973]},"faces":{"east":{"uv":[0.0,0.0,2.0,0.0],"rotation":0,"texture":"#0","tintindex":0},"south":{"uv":[0.0,0.0,1.5,0.0],"rotation":0,"texture":"#0","tintindex":0},"north":{"uv":[0.0,0.0,1.5,0.0],"rotation":0,"texture":"#0","tintindex":0},"west":{"uv":[0.0,0.0,2.0,0.0],"rotation":0,"texture":"#0","tintindex":0},"up":{"uv":[1.5,7.0,0.0,5.0],"rotation":0,"texture":"#0","tintindex":0},"down":{"uv":[1.5,5.0,0.0,7.0],"rotation":0,"texture":"#0","tintindex":0}}},{"from":[6.8702364,7.741681,7.5803823],"to":[8.013094,8.313109,8.151812],"rotation":{"angle":0.0,"axis":"y","origin":[6.905405,4.307894,4.827881]},"faces":{"east":{"uv":[0.5,9.0,1.0,9.5],"rotation":0,"texture":"#0","tintindex":0},"south":{"uv":[4.0,8.5,5.0,9.0],"rotation":0,"texture":"#0","tintindex":0},"north":{"uv":[8.5,3.5,9.5,4.0],"rotation":0,"texture":"#0","tintindex":0},"west":{"uv":[9.0,0.5,9.5,1.0],"rotation":0,"texture":"#0","tintindex":0},"up":{"uv":[9.5,4.5,8.5,4.0],"rotation":0,"texture":"#0","tintindex":0},"down":{"uv":[9.5,4.5,8.5,5.0],"rotation":0,"texture":"#0","tintindex":0}}}],"display":{"head":{"translation":[0.0,-6.4,0.0],"scale":[4.0,4.0,4.0]}}}