{"textures":{"0":"modelengine:entity/hornytoad"},"elements":[{"from":[8.062367,7.5878215,4.54999],"to":[9.776653,7.5878215,6.264276],"rotation":{"angle":22.5,"axis":"x","origin":[8.633797,6.018839,5.730188]},"faces":{"east":{"uv":[1.5,0.0,0.0,0.0],"rotation":0,"texture":"#0","tintindex":0},"south":{"uv":[1.5,0.0,0.0,0.0],"rotation":0,"texture":"#0","tintindex":0},"north":{"uv":[1.5,0.0,0.0,0.0],"rotation":0,"texture":"#0","tintindex":0},"west":{"uv":[1.5,0.0,0.0,0.0],"rotation":0,"texture":"#0","tintindex":0},"up":{"uv":[5.0,5.5,6.5,4.0],"rotation":0,"texture":"#0","tintindex":0},"down":{"uv":[5.0,4.0,6.5,5.5],"rotation":0,"texture":"#0","tintindex":0}}},{"from":[8.062367,7.4537463,8.182344],"to":[9.205225,8.025175,8.753774],"rotation":{"angle":-22.5,"axis":"x","origin":[8.6995535,6.614724,7.711927]},"faces":{"east":{"uv":[9.0,8.5,8.5,9.0],"rotation":0,"texture":"#0","tintindex":0},"south":{"uv":[6.0,8.0,5.0,8.5],"rotation":0,"texture":"#0","tintindex":0},"north":{"uv":[5.0,8.0,4.0,8.5],"rotation":0,"texture":"#0","tintindex":0},"west":{"uv":[8.5,8.5,8.0,9.0],"rotation":0,"texture":"#0","tintindex":0},"up":{"uv":[7.0,8.5,8.0,8.0],"rotation":0,"texture":"#0","tintindex":0},"down":{"uv":[8.0,7.0,9.0,7.5],"rotation":0,"texture":"#0","tintindex":0}}},{"from":[8.633797,7.147096,7.057821],"to":[9.205225,7.718525,8.200678],"rotation":{"angle":-22.5,"axis":"x","origin":[9.205225,6.415315,6.9502764]},"faces":{"east":{"uv":[9.0,8.0,8.0,8.5],"rotation":0,"texture":"#0","tintindex":0},"south":{"uv":[9.5,0.0,9.0,0.5],"rotation":0,"texture":"#0","tintindex":0},"north":{"uv":[0.5,9.0,0.0,9.5],"rotation":0,"texture":"#0","tintindex":0},"west":{"uv":[9.0,7.5,8.0,8.0],"rotation":0,"texture":"#0","tintindex":0},"up":{"uv":[4.5,7.0,5.0,6.0],"rotation":0,"texture":"#0","tintindex":0},"down":{"uv":[2.0,8.5,2.5,9.5],"rotation":0,"texture":"#0","tintindex":0}}}],"display":{"head":{"translation":[0.0,-6.4,0.0],"scale":[4.0,4.0,4.0]}}}