{"textures":{"1":"modelengine:entity/bear_saddle"},"elements":[{"from":[1.7142854,5.942857,4.742857],"to":[1.7142854,8.228572,11.028572],"rotation":{"angle":0.0,"axis":"y","origin":[8.0,3.0857139,12.171429]},"faces":{"east":{"uv":[8.5,1.25,5.75,2.25],"rotation":0,"texture":"#1","tintindex":0},"south":{"uv":[0.0,6.0,0.0,7.0],"rotation":0,"texture":"#1","tintindex":0},"north":{"uv":[5.75,5.5,5.75,6.5],"rotation":0,"texture":"#1","tintindex":0},"west":{"uv":[5.75,1.25,8.5,2.25],"rotation":0,"texture":"#1","tintindex":0},"up":{"uv":[0.25,8.75,0.25,6.0],"rotation":0,"texture":"#1","tintindex":0},"down":{"uv":[0.5,6.0,0.5,8.75],"rotation":0,"texture":"#1","tintindex":0}}},{"from":[1.7142854,3.0857139,7.6],"to":[1.7142854,5.942857,8.742857],"rotation":{"angle":0.0,"axis":"y","origin":[8.0,3.0857139,12.171429]},"faces":{"east":{"uv":[6.25,4.0,5.75,5.25],"rotation":0,"texture":"#1","tintindex":0},"south":{"uv":[1.0,6.0,1.0,7.25],"rotation":0,"texture":"#1","tintindex":0},"north":{"uv":[0.75,6.0,0.75,7.25],"rotation":0,"texture":"#1","tintindex":0},"west":{"uv":[5.75,4.0,6.25,5.25],"rotation":0,"texture":"#1","tintindex":0},"up":{"uv":[1.25,6.5,1.25,6.0],"rotation":0,"texture":"#1","tintindex":0},"down":{"uv":[1.5,6.0,1.5,6.5],"rotation":0,"texture":"#1","tintindex":0}}},{"from":[14.285715,3.0857139,7.6],"to":[14.285715,5.942857,8.742857],"rotation":{"angle":0.0,"axis":"y","origin":[8.0,3.0857139,12.171429]},"faces":{"east":{"uv":[6.25,4.0,5.75,5.25],"rotation":0,"texture":"#1","tintindex":0},"south":{"uv":[1.0,6.0,1.0,7.25],"rotation":0,"texture":"#1","tintindex":0},"north":{"uv":[0.75,6.0,0.75,7.25],"rotation":0,"texture":"#1","tintindex":0},"west":{"uv":[5.75,4.0,6.25,5.25],"rotation":0,"texture":"#1","tintindex":0},"up":{"uv":[1.25,6.5,1.25,6.0],"rotation":0,"texture":"#1","tintindex":0},"down":{"uv":[1.5,6.0,1.5,6.5],"rotation":0,"texture":"#1","tintindex":0}}},{"from":[14.285715,5.942857,4.742857],"to":[14.285715,8.228572,11.028572],"rotation":{"angle":0.0,"axis":"y","origin":[8.0,3.0857139,12.171429]},"faces":{"east":{"uv":[8.5,1.25,5.75,2.25],"rotation":0,"texture":"#1","tintindex":0},"south":{"uv":[0.0,6.0,0.0,7.0],"rotation":0,"texture":"#1","tintindex":0},"north":{"uv":[5.75,5.5,5.75,6.5],"rotation":0,"texture":"#1","tintindex":0},"west":{"uv":[5.75,1.25,8.5,2.25],"rotation":0,"texture":"#1","tintindex":0},"up":{"uv":[0.25,8.75,0.25,6.0],"rotation":0,"texture":"#1","tintindex":0},"down":{"uv":[0.5,6.0,0.5,8.75],"rotation":0,"texture":"#1","tintindex":0}}},{"from":[1.7142854,8.228572,4.742857],"to":[14.285715,8.228572,11.028572],"rotation":{"angle":0.0,"axis":"y","origin":[8.0,3.0857139,12.171429]},"faces":{"east":{"uv":[1.75,6.0,4.5,6.0],"rotation":0,"texture":"#1","tintindex":0},"south":{"uv":[6.0,5.75,11.5,5.75],"rotation":0,"texture":"#1","tintindex":0},"north":{"uv":[6.0,5.5,11.5,5.5],"rotation":0,"texture":"#1","tintindex":0},"west":{"uv":[6.0,6.0,8.75,6.0],"rotation":0,"texture":"#1","tintindex":0},"up":{"uv":[5.5,2.75,0.0,0.0],"rotation":0,"texture":"#1","tintindex":0},"down":{"uv":[5.5,0.0,0.0,2.75],"rotation":0,"texture":"#1","tintindex":0}}}],"display":{"head":{"translation":[0.0,-6.4,0.0],"scale":[4.0,4.0,4.0]}}}