{"textures":{"0":"modelengine:entity/bear_panda"},"elements":[{"from":[2.188571,3.1571426,-0.5557146],"to":[13.811429,12.842857,7.8385715],"rotation":{"angle":0.0,"axis":"y","origin":[8.0,6.2022095,3.1530886]},"faces":{"east":{"uv":[4.75,6.125,6.375,8.0],"rotation":0,"texture":"#0","tintindex":0},"south":{"uv":[0.0,4.25,2.25,6.125],"rotation":0,"texture":"#0","tintindex":0},"north":{"uv":[2.75,4.0,5.0,5.875],"rotation":0,"texture":"#0","tintindex":0},"west":{"uv":[0.0,6.25,1.625,8.125],"rotation":0,"texture":"#0","tintindex":0},"up":{"uv":[7.75,3.75,5.5,2.125],"rotation":0,"texture":"#0","tintindex":0},"down":{"uv":[4.625,6.0,2.375,7.625],"rotation":0,"texture":"#0","tintindex":0}}}],"display":{"head":{"translation":[0.0,-6.4,0.0],"scale":[4.0,4.0,4.0]}}}