{"textures":{"0":"modelengine:entity/crab_hermit"},"elements":[{"from":[9.430911,4.7749586,7.428571],"to":[9.430911,6.489245,8.571428],"rotation":{"angle":-45.0,"axis":"z","origin":[10.551003,9.005702,7.9621453]},"faces":{"east":{"uv":[0.0,9.25,0.5,10.0],"rotation":0,"texture":"#0","tintindex":0},"south":{"uv":[4.0,10.5,4.0,11.25],"rotation":0,"texture":"#0","tintindex":0},"north":{"uv":[7.75,3.0,7.75,3.75],"rotation":0,"texture":"#0","tintindex":0},"west":{"uv":[0.75,9.25,1.25,10.0],"rotation":0,"texture":"#0","tintindex":0},"up":{"uv":[10.5,8.75,10.5,8.25],"rotation":0,"texture":"#0","tintindex":0},"down":{"uv":[10.75,8.25,10.75,8.75],"rotation":0,"texture":"#0","tintindex":0}}},{"from":[9.430911,4.7749586,8.571428],"to":[10.573769,6.489245,8.571428],"rotation":{"angle":-45.0,"axis":"z","origin":[10.551003,9.005702,7.9621453]},"faces":{"east":{"uv":[10.0,11.0,10.0,11.75],"rotation":0,"texture":"#0","tintindex":0},"south":{"uv":[6.5,9.25,7.0,10.0],"rotation":0,"texture":"#0","tintindex":0},"north":{"uv":[5.75,9.25,6.25,10.0],"rotation":0,"texture":"#0","tintindex":0},"west":{"uv":[3.0,11.25,3.0,12.0],"rotation":0,"texture":"#0","tintindex":0},"up":{"uv":[11.5,8.25,11.0,8.25],"rotation":0,"texture":"#0","tintindex":0},"down":{"uv":[11.5,8.5,11.0,8.5],"rotation":0,"texture":"#0","tintindex":0}}},{"from":[9.430911,4.7749586,7.428571],"to":[10.573769,6.489245,7.428571],"rotation":{"angle":-45.0,"axis":"z","origin":[10.551003,9.005702,7.9621453]},"faces":{"east":{"uv":[6.5,11.0,6.5,11.75],"rotation":0,"texture":"#0","tintindex":0},"south":{"uv":[5.0,9.25,5.5,10.0],"rotation":0,"texture":"#0","tintindex":0},"north":{"uv":[4.25,9.25,4.75,10.0],"rotation":0,"texture":"#0","tintindex":0},"west":{"uv":[6.75,11.0,6.75,11.75],"rotation":0,"texture":"#0","tintindex":0},"up":{"uv":[7.75,8.5,7.25,8.5],"rotation":0,"texture":"#0","tintindex":0},"down":{"uv":[7.75,8.75,7.25,8.75],"rotation":0,"texture":"#0","tintindex":0}}}],"display":{"head":{"translation":[0.0,-6.4,0.0],"scale":[4.0,4.0,4.0]}}}