{"textures":{"0":"modelengine:entity/crab_hermit"},"elements":[{"from":[7.142857,8.885715,5.285714],"to":[8.857143,8.885715,8.142858],"rotation":{"angle":0.0,"axis":"y","origin":[10.757761,9.015951,8.466426]},"faces":{"east":{"uv":[11.25,5.75,12.5,5.75],"rotation":0,"texture":"#0","tintindex":0},"south":{"uv":[11.25,6.0,12.0,6.0],"rotation":0,"texture":"#0","tintindex":0},"north":{"uv":[11.25,5.5,12.0,5.5],"rotation":0,"texture":"#0","tintindex":0},"west":{"uv":[11.25,6.25,12.5,6.25],"rotation":0,"texture":"#0","tintindex":0},"up":{"uv":[5.75,8.25,5.0,7.0],"rotation":0,"texture":"#0","tintindex":0},"down":{"uv":[6.75,7.0,6.0,8.25],"rotation":0,"texture":"#0","tintindex":0}}},{"from":[7.142857,7.742857,8.142858],"to":[8.857143,8.885715,8.142858],"rotation":{"angle":0.0,"axis":"y","origin":[10.757761,9.015951,8.466426]},"faces":{"east":{"uv":[3.25,11.25,3.25,11.75],"rotation":0,"texture":"#0","tintindex":0},"south":{"uv":[2.5,9.5,3.25,10.0],"rotation":0,"texture":"#0","tintindex":0},"north":{"uv":[1.5,9.5,2.25,10.0],"rotation":0,"texture":"#0","tintindex":0},"west":{"uv":[3.5,11.25,3.5,11.75],"rotation":0,"texture":"#0","tintindex":0},"up":{"uv":[11.75,8.75,11.0,8.75],"rotation":0,"texture":"#0","tintindex":0},"down":{"uv":[12.0,5.25,11.25,5.25],"rotation":0,"texture":"#0","tintindex":0}}},{"from":[7.142857,7.742857,5.285714],"to":[7.142857,8.885715,8.142858],"rotation":{"angle":0.0,"axis":"y","origin":[10.757761,9.015951,8.466426]},"faces":{"east":{"uv":[8.0,6.0,9.25,6.5],"rotation":0,"texture":"#0","tintindex":0},"south":{"uv":[4.0,11.5,4.0,12.0],"rotation":0,"texture":"#0","tintindex":0},"north":{"uv":[11.25,7.0,11.25,7.5],"rotation":0,"texture":"#0","tintindex":0},"west":{"uv":[8.0,6.75,9.25,7.25],"rotation":0,"texture":"#0","tintindex":0},"up":{"uv":[11.5,10.25,11.5,9.0],"rotation":0,"texture":"#0","tintindex":0},"down":{"uv":[10.25,11.5,10.25,12.75],"rotation":0,"texture":"#0","tintindex":0}}},{"from":[8.857143,7.742857,5.285714],"to":[8.857143,8.885715,8.142858],"rotation":{"angle":0.0,"axis":"y","origin":[10.757761,9.015951,8.466426]},"faces":{"east":{"uv":[8.0,4.5,9.25,5.0],"rotation":0,"texture":"#0","tintindex":0},"south":{"uv":[4.75,11.25,4.75,11.75],"rotation":0,"texture":"#0","tintindex":0},"north":{"uv":[4.5,11.25,4.5,11.75],"rotation":0,"texture":"#0","tintindex":0},"west":{"uv":[8.0,5.25,9.25,5.75],"rotation":0,"texture":"#0","tintindex":0},"up":{"uv":[11.25,10.25,11.25,9.0],"rotation":0,"texture":"#0","tintindex":0},"down":{"uv":[11.5,3.0,11.5,4.25],"rotation":0,"texture":"#0","tintindex":0}}},{"from":[7.142857,7.742857,5.285714],"to":[8.857143,8.885715,5.285714],"rotation":{"angle":0.0,"axis":"y","origin":[10.757761,9.015951,8.466426]},"faces":{"east":{"uv":[3.75,11.25,3.75,11.75],"rotation":0,"texture":"#0","tintindex":0},"south":{"uv":[9.5,5.25,10.25,5.75],"rotation":0,"texture":"#0","tintindex":0},"north":{"uv":[9.5,4.5,10.25,5.0],"rotation":0,"texture":"#0","tintindex":0},"west":{"uv":[4.25,11.25,4.25,11.75],"rotation":0,"texture":"#0","tintindex":0},"up":{"uv":[12.0,6.5,11.25,6.5],"rotation":0,"texture":"#0","tintindex":0},"down":{"uv":[12.0,6.75,11.25,6.75],"rotation":0,"texture":"#0","tintindex":0}}}],"display":{"head":{"translation":[0.0,-6.4,0.0],"scale":[4.0,4.0,4.0]}}}