{"textures":{"0":"modelengine:entity/crab_hermit"},"elements":[{"from":[8.857143,7.373309,5.0261793],"to":[8.857143,8.516167,7.8833222],"rotation":{"angle":-22.5,"axis":"x","origin":[10.758333,8.85723,8.455762]},"faces":{"east":{"uv":[0.0,8.5,1.25,9.0],"rotation":0,"texture":"#0","tintindex":0},"south":{"uv":[11.25,11.5,11.25,12.0],"rotation":0,"texture":"#0","tintindex":0},"north":{"uv":[11.0,11.5,11.0,12.0],"rotation":0,"texture":"#0","tintindex":0},"west":{"uv":[4.25,8.5,5.5,9.0],"rotation":0,"texture":"#0","tintindex":0},"up":{"uv":[11.5,12.75,11.5,11.5],"rotation":0,"texture":"#0","tintindex":0},"down":{"uv":[11.75,0.0,11.75,1.25],"rotation":0,"texture":"#0","tintindex":0}}},{"from":[7.142857,7.373309,5.0261793],"to":[8.857143,8.516167,5.0261793],"rotation":{"angle":-22.5,"axis":"x","origin":[10.758333,8.85723,8.455762]},"faces":{"east":{"uv":[11.75,1.5,11.75,2.0],"rotation":0,"texture":"#0","tintindex":0},"south":{"uv":[9.5,6.75,10.25,7.25],"rotation":0,"texture":"#0","tintindex":0},"north":{"uv":[9.5,6.0,10.25,6.5],"rotation":0,"texture":"#0","tintindex":0},"west":{"uv":[11.75,2.25,11.75,2.75],"rotation":0,"texture":"#0","tintindex":0},"up":{"uv":[12.0,7.75,11.25,7.75],"rotation":0,"texture":"#0","tintindex":0},"down":{"uv":[12.0,8.0,11.25,8.0],"rotation":0,"texture":"#0","tintindex":0}}},{"from":[7.142857,7.373309,5.0261793],"to":[7.142857,8.516167,7.8833222],"rotation":{"angle":-22.5,"axis":"x","origin":[10.758333,8.85723,8.455762]},"faces":{"east":{"uv":[8.0,7.5,9.25,8.0],"rotation":0,"texture":"#0","tintindex":0},"south":{"uv":[11.5,7.0,11.5,7.5],"rotation":0,"texture":"#0","tintindex":0},"north":{"uv":[11.5,4.5,11.5,5.0],"rotation":0,"texture":"#0","tintindex":0},"west":{"uv":[8.0,8.25,9.25,8.75],"rotation":0,"texture":"#0","tintindex":0},"up":{"uv":[10.5,12.75,10.5,11.5],"rotation":0,"texture":"#0","tintindex":0},"down":{"uv":[10.75,11.5,10.75,12.75],"rotation":0,"texture":"#0","tintindex":0}}},{"from":[7.142857,7.373309,5.0261793],"to":[8.857143,7.373309,7.8833222],"rotation":{"angle":-22.5,"axis":"x","origin":[10.758333,8.85723,8.455762]},"faces":{"east":{"uv":[11.75,3.25,13.0,3.25],"rotation":0,"texture":"#0","tintindex":0},"south":{"uv":[11.75,3.5,12.5,3.5],"rotation":0,"texture":"#0","tintindex":0},"north":{"uv":[11.75,3.0,12.5,3.0],"rotation":0,"texture":"#0","tintindex":0},"west":{"uv":[11.75,3.75,13.0,3.75],"rotation":0,"texture":"#0","tintindex":0},"up":{"uv":[7.75,8.25,7.0,7.0],"rotation":0,"texture":"#0","tintindex":0},"down":{"uv":[8.5,0.0,7.75,1.25],"rotation":0,"texture":"#0","tintindex":0}}},{"from":[7.142857,7.373309,7.8833222],"to":[8.857143,8.516167,7.8833222],"rotation":{"angle":-22.5,"axis":"x","origin":[10.758333,8.85723,8.455762]},"faces":{"east":{"uv":[11.75,4.0,11.75,4.5],"rotation":0,"texture":"#0","tintindex":0},"south":{"uv":[9.5,8.25,10.25,8.75],"rotation":0,"texture":"#0","tintindex":0},"north":{"uv":[9.5,7.5,10.25,8.0],"rotation":0,"texture":"#0","tintindex":0},"west":{"uv":[7.0,11.75,7.0,12.25],"rotation":0,"texture":"#0","tintindex":0},"up":{"uv":[12.5,4.75,11.75,4.75],"rotation":0,"texture":"#0","tintindex":0},"down":{"uv":[12.5,5.0,11.75,5.0],"rotation":0,"texture":"#0","tintindex":0}}}],"display":{"head":{"translation":[0.0,-6.4,0.0],"scale":[4.0,4.0,4.0]}}}