{"textures":{"0":"modelengine:entity/crab_hermit"},"elements":[{"from":[9.430911,4.7749586,7.428571],"to":[9.430911,6.489245,8.571428],"rotation":{"angle":-45.0,"axis":"z","origin":[10.551003,9.005702,8.037855]},"faces":{"east":{"uv":[0.75,10.25,1.25,11.0],"rotation":0,"texture":"#0","tintindex":0},"south":{"uv":[3.25,12.0,3.25,12.75],"rotation":0,"texture":"#0","tintindex":0},"north":{"uv":[12.0,1.25,12.0,2.0],"rotation":0,"texture":"#0","tintindex":0},"west":{"uv":[10.25,1.0,10.75,1.75],"rotation":0,"texture":"#0","tintindex":0},"up":{"uv":[12.0,2.75,12.0,2.25],"rotation":0,"texture":"#0","tintindex":0},"down":{"uv":[3.5,12.0,3.5,12.5],"rotation":0,"texture":"#0","tintindex":0}}},{"from":[9.430911,4.7749586,7.428571],"to":[10.573769,6.489245,7.428571],"rotation":{"angle":-45.0,"axis":"z","origin":[10.551003,9.005702,8.037855]},"faces":{"east":{"uv":[3.75,12.0,3.75,12.75],"rotation":0,"texture":"#0","tintindex":0},"south":{"uv":[10.25,2.0,10.75,2.75],"rotation":0,"texture":"#0","tintindex":0},"north":{"uv":[1.5,10.25,2.0,11.0],"rotation":0,"texture":"#0","tintindex":0},"west":{"uv":[4.25,12.0,4.25,12.75],"rotation":0,"texture":"#0","tintindex":0},"up":{"uv":[12.5,4.0,12.0,4.0],"rotation":0,"texture":"#0","tintindex":0},"down":{"uv":[12.5,4.25,12.0,4.25],"rotation":0,"texture":"#0","tintindex":0}}},{"from":[9.430911,4.7749586,8.571428],"to":[10.573769,6.489245,8.571428],"rotation":{"angle":-45.0,"axis":"z","origin":[10.551003,9.005702,8.037855]},"faces":{"east":{"uv":[4.5,12.0,4.5,12.75],"rotation":0,"texture":"#0","tintindex":0},"south":{"uv":[4.25,10.25,4.75,11.0],"rotation":0,"texture":"#0","tintindex":0},"north":{"uv":[2.25,10.25,2.75,11.0],"rotation":0,"texture":"#0","tintindex":0},"west":{"uv":[4.75,12.0,4.75,12.75],"rotation":0,"texture":"#0","tintindex":0},"up":{"uv":[12.5,4.5,12.0,4.5],"rotation":0,"texture":"#0","tintindex":0},"down":{"uv":[5.5,12.0,5.0,12.0],"rotation":0,"texture":"#0","tintindex":0}}}],"display":{"head":{"translation":[0.0,-6.4,0.0],"scale":[4.0,4.0,4.0]}}}