{"textures":{"0":"modelengine:entity/crab_hermit"},"elements":[{"from":[9.430911,4.7749586,7.428571],"to":[9.430911,6.489245,8.571428],"rotation":{"angle":-45.0,"axis":"z","origin":[10.551003,9.005702,8.037855]},"faces":{"east":{"uv":[7.25,9.75,7.75,10.5],"rotation":0,"texture":"#0","tintindex":0},"south":{"uv":[8.0,11.75,8.0,12.5],"rotation":0,"texture":"#0","tintindex":0},"north":{"uv":[7.75,11.75,7.75,12.5],"rotation":0,"texture":"#0","tintindex":0},"west":{"uv":[8.0,9.75,8.5,10.5],"rotation":0,"texture":"#0","tintindex":0},"up":{"uv":[8.25,12.25,8.25,11.75],"rotation":0,"texture":"#0","tintindex":0},"down":{"uv":[11.75,9.0,11.75,9.5],"rotation":0,"texture":"#0","tintindex":0}}},{"from":[9.430911,4.7749586,7.428571],"to":[10.573769,6.489245,7.428571],"rotation":{"angle":-45.0,"axis":"z","origin":[10.551003,9.005702,8.037855]},"faces":{"east":{"uv":[11.75,9.75,11.75,10.5],"rotation":0,"texture":"#0","tintindex":0},"south":{"uv":[9.5,10.0,10.0,10.75],"rotation":0,"texture":"#0","tintindex":0},"north":{"uv":[8.75,10.0,9.25,10.75],"rotation":0,"texture":"#0","tintindex":0},"west":{"uv":[11.75,10.75,11.75,11.5],"rotation":0,"texture":"#0","tintindex":0},"up":{"uv":[12.25,7.5,11.75,7.5],"rotation":0,"texture":"#0","tintindex":0},"down":{"uv":[12.25,8.25,11.75,8.25],"rotation":0,"texture":"#0","tintindex":0}}},{"from":[9.430911,4.7749586,8.571428],"to":[10.573769,6.489245,8.571428],"rotation":{"angle":-45.0,"axis":"z","origin":[10.551003,9.005702,8.037855]},"faces":{"east":{"uv":[11.75,11.75,11.75,12.5],"rotation":0,"texture":"#0","tintindex":0},"south":{"uv":[10.25,0.0,10.75,0.75],"rotation":0,"texture":"#0","tintindex":0},"north":{"uv":[0.0,10.25,0.5,11.0],"rotation":0,"texture":"#0","tintindex":0},"west":{"uv":[12.0,0.0,12.0,0.75],"rotation":0,"texture":"#0","tintindex":0},"up":{"uv":[12.25,8.5,11.75,8.5],"rotation":0,"texture":"#0","tintindex":0},"down":{"uv":[12.5,1.0,12.0,1.0],"rotation":0,"texture":"#0","tintindex":0}}}],"display":{"head":{"translation":[0.0,-6.4,0.0],"scale":[4.0,4.0,4.0]}}}