{"textures":{"0":"modelengine:entity/crab_hermit"},"elements":[{"from":[6.5690885,4.7749586,7.428571],"to":[6.5690885,6.489245,8.571428],"rotation":{"angle":45.0,"axis":"z","origin":[5.4489965,9.005702,8.037855]},"faces":{"east":{"uv":[9.25,11.0,9.75,11.75],"rotation":0,"texture":"#0","tintindex":0},"south":{"uv":[7.0,12.5,7.0,13.25],"rotation":0,"texture":"#0","tintindex":0},"north":{"uv":[5.75,12.5,5.75,13.25],"rotation":0,"texture":"#0","tintindex":0},"west":{"uv":[11.0,10.5,11.5,11.25],"rotation":0,"texture":"#0","tintindex":0},"up":{"uv":[8.25,13.0,8.25,12.5],"rotation":0,"texture":"#0","tintindex":0},"down":{"uv":[12.5,10.5,12.5,11.0],"rotation":0,"texture":"#0","tintindex":0}}},{"from":[5.4262314,4.7749586,7.428571],"to":[6.5690885,6.489245,7.428571],"rotation":{"angle":45.0,"axis":"z","origin":[5.4489965,9.005702,8.037855]},"faces":{"east":{"uv":[12.5,11.75,12.5,12.5],"rotation":0,"texture":"#0","tintindex":0},"south":{"uv":[0.75,11.25,1.25,12.0],"rotation":0,"texture":"#0","tintindex":0},"north":{"uv":[0.0,11.25,0.5,12.0],"rotation":0,"texture":"#0","tintindex":0},"west":{"uv":[12.25,12.5,12.25,13.25],"rotation":0,"texture":"#0","tintindex":0},"up":{"uv":[13.0,7.5,12.5,7.5],"rotation":0,"texture":"#0","tintindex":0},"down":{"uv":[13.0,8.25,12.5,8.25],"rotation":0,"texture":"#0","tintindex":0}}},{"from":[5.4262314,4.7749586,8.571428],"to":[6.5690885,6.489245,8.571428],"rotation":{"angle":45.0,"axis":"z","origin":[5.4489965,9.005702,8.037855]},"faces":{"east":{"uv":[12.75,1.5,12.75,2.25],"rotation":0,"texture":"#0","tintindex":0},"south":{"uv":[2.25,11.25,2.75,12.0],"rotation":0,"texture":"#0","tintindex":0},"north":{"uv":[1.5,11.25,2.0,12.0],"rotation":0,"texture":"#0","tintindex":0},"west":{"uv":[3.5,12.75,3.5,13.5],"rotation":0,"texture":"#0","tintindex":0},"up":{"uv":[13.0,8.5,12.5,8.5],"rotation":0,"texture":"#0","tintindex":0},"down":{"uv":[13.0,11.25,12.5,11.25],"rotation":0,"texture":"#0","tintindex":0}}}],"display":{"head":{"translation":[0.0,-6.4,0.0],"scale":[4.0,4.0,4.0]}}}