{"textures":{"0":"modelengine:entity/crab_hermit"},"elements":[{"from":[7.142857,7.373309,5.0261793],"to":[7.142857,8.516167,7.8833222],"rotation":{"angle":-22.5,"axis":"x","origin":[5.241667,8.85723,8.455762]},"faces":{"east":{"uv":[8.75,2.25,10.0,2.75],"rotation":0,"texture":"#0","tintindex":0},"south":{"uv":[12.25,1.5,12.25,2.0],"rotation":0,"texture":"#0","tintindex":0},"north":{"uv":[1.5,12.25,1.5,12.75],"rotation":0,"texture":"#0","tintindex":0},"west":{"uv":[9.0,3.0,10.25,3.5],"rotation":0,"texture":"#0","tintindex":0},"up":{"uv":[1.75,13.5,1.75,12.25],"rotation":0,"texture":"#0","tintindex":0},"down":{"uv":[2.0,12.25,2.0,13.5],"rotation":0,"texture":"#0","tintindex":0}}},{"from":[7.142857,7.373309,5.0261793],"to":[8.857143,8.516167,5.0261793],"rotation":{"angle":-22.5,"axis":"x","origin":[5.241667,8.85723,8.455762]},"faces":{"east":{"uv":[2.25,12.25,2.25,12.75],"rotation":0,"texture":"#0","tintindex":0},"south":{"uv":[10.5,3.0,11.25,3.5],"rotation":0,"texture":"#0","tintindex":0},"north":{"uv":[3.0,10.5,3.75,11.0],"rotation":0,"texture":"#0","tintindex":0},"west":{"uv":[12.25,2.25,12.25,2.75],"rotation":0,"texture":"#0","tintindex":0},"up":{"uv":[5.75,12.25,5.0,12.25],"rotation":0,"texture":"#0","tintindex":0},"down":{"uv":[13.0,5.25,12.25,5.25],"rotation":0,"texture":"#0","tintindex":0}}},{"from":[8.857143,7.373309,5.0261793],"to":[8.857143,8.516167,7.8833222],"rotation":{"angle":-22.5,"axis":"x","origin":[5.241667,8.85723,8.455762]},"faces":{"east":{"uv":[9.0,3.75,10.25,4.25],"rotation":0,"texture":"#0","tintindex":0},"south":{"uv":[2.75,12.25,2.75,12.75],"rotation":0,"texture":"#0","tintindex":0},"north":{"uv":[2.5,12.25,2.5,12.75],"rotation":0,"texture":"#0","tintindex":0},"west":{"uv":[7.25,9.0,8.5,9.5],"rotation":0,"texture":"#0","tintindex":0},"up":{"uv":[3.0,13.5,3.0,12.25],"rotation":0,"texture":"#0","tintindex":0},"down":{"uv":[4.0,12.25,4.0,13.5],"rotation":0,"texture":"#0","tintindex":0}}},{"from":[7.142857,7.373309,5.0261793],"to":[8.857143,7.373309,7.8833222],"rotation":{"angle":-22.5,"axis":"x","origin":[5.241667,8.85723,8.455762]},"faces":{"east":{"uv":[12.25,6.0,13.5,6.0],"rotation":0,"texture":"#0","tintindex":0},"south":{"uv":[12.25,6.5,13.0,6.5],"rotation":0,"texture":"#0","tintindex":0},"north":{"uv":[12.25,5.5,13.0,5.5],"rotation":0,"texture":"#0","tintindex":0},"west":{"uv":[12.25,6.75,13.5,6.75],"rotation":0,"texture":"#0","tintindex":0},"up":{"uv":[8.75,4.25,8.0,3.0],"rotation":0,"texture":"#0","tintindex":0},"down":{"uv":[4.0,8.0,3.25,9.25],"rotation":0,"texture":"#0","tintindex":0}}},{"from":[7.142857,7.373309,7.8833222],"to":[8.857143,8.516167,7.8833222],"rotation":{"angle":-22.5,"axis":"x","origin":[5.241667,8.85723,8.455762]},"faces":{"east":{"uv":[6.0,12.25,6.0,12.75],"rotation":0,"texture":"#0","tintindex":0},"south":{"uv":[10.5,4.5,11.25,5.0],"rotation":0,"texture":"#0","tintindex":0},"north":{"uv":[10.5,3.75,11.25,4.25],"rotation":0,"texture":"#0","tintindex":0},"west":{"uv":[6.25,12.25,6.25,12.75],"rotation":0,"texture":"#0","tintindex":0},"up":{"uv":[13.0,7.75,12.25,7.75],"rotation":0,"texture":"#0","tintindex":0},"down":{"uv":[13.0,8.0,12.25,8.0],"rotation":0,"texture":"#0","tintindex":0}}}],"display":{"head":{"translation":[0.0,-6.4,0.0],"scale":[4.0,4.0,4.0]}}}