{"textures":{"0":"modelengine:entity/crab_hermit"},"elements":[{"from":[6.5690885,4.7749586,7.428571],"to":[6.5690885,6.489245,8.571428],"rotation":{"angle":45.0,"axis":"z","origin":[5.4489965,9.005702,8.037855]},"faces":{"east":{"uv":[11.0,0.0,11.5,0.75],"rotation":0,"texture":"#0","tintindex":0},"south":{"uv":[11.25,12.25,11.25,13.0],"rotation":0,"texture":"#0","tintindex":0},"north":{"uv":[11.0,12.25,11.0,13.0],"rotation":0,"texture":"#0","tintindex":0},"west":{"uv":[11.0,1.0,11.5,1.75],"rotation":0,"texture":"#0","tintindex":0},"up":{"uv":[12.25,12.25,12.25,11.75],"rotation":0,"texture":"#0","tintindex":0},"down":{"uv":[12.5,0.0,12.5,0.5],"rotation":0,"texture":"#0","tintindex":0}}},{"from":[5.4262314,4.7749586,7.428571],"to":[6.5690885,6.489245,7.428571],"rotation":{"angle":45.0,"axis":"z","origin":[5.4489965,9.005702,8.037855]},"faces":{"east":{"uv":[12.5,1.5,12.5,2.25],"rotation":0,"texture":"#0","tintindex":0},"south":{"uv":[5.0,11.0,5.5,11.75],"rotation":0,"texture":"#0","tintindex":0},"north":{"uv":[11.0,2.0,11.5,2.75],"rotation":0,"texture":"#0","tintindex":0},"west":{"uv":[5.0,12.5,5.0,13.25],"rotation":0,"texture":"#0","tintindex":0},"up":{"uv":[13.0,2.5,12.5,2.5],"rotation":0,"texture":"#0","tintindex":0},"down":{"uv":[13.0,2.75,12.5,2.75],"rotation":0,"texture":"#0","tintindex":0}}},{"from":[5.4262314,4.7749586,8.571428],"to":[6.5690885,6.489245,8.571428],"rotation":{"angle":45.0,"axis":"z","origin":[5.4489965,9.005702,8.037855]},"faces":{"east":{"uv":[5.25,12.5,5.25,13.25],"rotation":0,"texture":"#0","tintindex":0},"south":{"uv":[8.5,11.0,9.0,11.75],"rotation":0,"texture":"#0","tintindex":0},"north":{"uv":[5.75,11.0,6.25,11.75],"rotation":0,"texture":"#0","tintindex":0},"west":{"uv":[5.5,12.5,5.5,13.25],"rotation":0,"texture":"#0","tintindex":0},"up":{"uv":[13.0,7.0,12.5,7.0],"rotation":0,"texture":"#0","tintindex":0},"down":{"uv":[13.0,7.25,12.5,7.25],"rotation":0,"texture":"#0","tintindex":0}}}],"display":{"head":{"translation":[0.0,-6.4,0.0],"scale":[4.0,4.0,4.0]}}}