{"textures":{"0":"modelengine:entity/crab_hermit"},"elements":[{"from":[6.5690885,4.7749586,7.428571],"to":[6.5690885,6.489245,8.571428],"rotation":{"angle":45.0,"axis":"z","origin":[5.4489965,9.005702,7.9621453]},"faces":{"east":{"uv":[10.5,5.25,11.0,6.0],"rotation":0,"texture":"#0","tintindex":0},"south":{"uv":[8.5,12.25,8.5,13.0],"rotation":0,"texture":"#0","tintindex":0},"north":{"uv":[6.5,12.25,6.5,13.0],"rotation":0,"texture":"#0","tintindex":0},"west":{"uv":[10.5,6.25,11.0,7.0],"rotation":0,"texture":"#0","tintindex":0},"up":{"uv":[8.75,12.75,8.75,12.25],"rotation":0,"texture":"#0","tintindex":0},"down":{"uv":[9.0,12.25,9.0,12.75],"rotation":0,"texture":"#0","tintindex":0}}},{"from":[5.4262314,4.7749586,8.571428],"to":[6.5690885,6.489245,8.571428],"rotation":{"angle":45.0,"axis":"z","origin":[5.4489965,9.005702,7.9621453]},"faces":{"east":{"uv":[9.25,12.25,9.25,13.0],"rotation":0,"texture":"#0","tintindex":0},"south":{"uv":[10.25,10.5,10.75,11.25],"rotation":0,"texture":"#0","tintindex":0},"north":{"uv":[10.5,7.25,11.0,8.0],"rotation":0,"texture":"#0","tintindex":0},"west":{"uv":[9.5,12.25,9.5,13.0],"rotation":0,"texture":"#0","tintindex":0},"up":{"uv":[12.75,9.25,12.25,9.25],"rotation":0,"texture":"#0","tintindex":0},"down":{"uv":[12.75,9.5,12.25,9.5],"rotation":0,"texture":"#0","tintindex":0}}},{"from":[5.4262314,4.7749586,7.428571],"to":[6.5690885,6.489245,7.428571],"rotation":{"angle":45.0,"axis":"z","origin":[5.4489965,9.005702,7.9621453]},"faces":{"east":{"uv":[9.75,12.25,9.75,13.0],"rotation":0,"texture":"#0","tintindex":0},"south":{"uv":[7.75,10.75,8.25,11.5],"rotation":0,"texture":"#0","tintindex":0},"north":{"uv":[7.0,10.75,7.5,11.5],"rotation":0,"texture":"#0","tintindex":0},"west":{"uv":[12.25,10.5,12.25,11.25],"rotation":0,"texture":"#0","tintindex":0},"up":{"uv":[12.75,9.75,12.25,9.75],"rotation":0,"texture":"#0","tintindex":0},"down":{"uv":[12.75,11.5,12.25,11.5],"rotation":0,"texture":"#0","tintindex":0}}}],"display":{"head":{"translation":[0.0,-6.4,0.0],"scale":[4.0,4.0,4.0]}}}