{"textures":{"0":"modelengine:entity/crab_hermit"},"elements":[{"from":[7.142857,8.885715,5.285714],"to":[8.857143,8.885715,8.142858],"rotation":{"angle":0.0,"axis":"y","origin":[5.2422385,9.015951,8.466426]},"faces":{"east":{"uv":[8.5,12.0,9.75,12.0],"rotation":0,"texture":"#0","tintindex":0},"south":{"uv":[12.0,8.75,12.75,8.75],"rotation":0,"texture":"#0","tintindex":0},"north":{"uv":[5.75,12.0,6.5,12.0],"rotation":0,"texture":"#0","tintindex":0},"west":{"uv":[12.0,9.0,13.25,9.0],"rotation":0,"texture":"#0","tintindex":0},"up":{"uv":[8.5,2.75,7.75,1.5],"rotation":0,"texture":"#0","tintindex":0},"down":{"uv":[3.0,8.0,2.25,9.25],"rotation":0,"texture":"#0","tintindex":0}}},{"from":[7.142857,7.742857,8.142858],"to":[8.857143,8.885715,8.142858],"rotation":{"angle":0.0,"axis":"y","origin":[5.2422385,9.015951,8.466426]},"faces":{"east":{"uv":[6.75,12.0,6.75,12.5],"rotation":0,"texture":"#0","tintindex":0},"south":{"uv":[6.0,10.25,6.75,10.75],"rotation":0,"texture":"#0","tintindex":0},"north":{"uv":[5.0,10.25,5.75,10.75],"rotation":0,"texture":"#0","tintindex":0},"west":{"uv":[12.0,9.25,12.0,9.75],"rotation":0,"texture":"#0","tintindex":0},"up":{"uv":[12.75,10.0,12.0,10.0],"rotation":0,"texture":"#0","tintindex":0},"down":{"uv":[12.75,10.25,12.0,10.25],"rotation":0,"texture":"#0","tintindex":0}}},{"from":[8.857143,7.742857,5.285714],"to":[8.857143,8.885715,8.142858],"rotation":{"angle":0.0,"axis":"y","origin":[5.2422385,9.015951,8.466426]},"faces":{"east":{"uv":[5.75,8.5,7.0,9.0],"rotation":0,"texture":"#0","tintindex":0},"south":{"uv":[12.0,10.5,12.0,11.0],"rotation":0,"texture":"#0","tintindex":0},"north":{"uv":[10.0,12.0,10.0,12.5],"rotation":0,"texture":"#0","tintindex":0},"west":{"uv":[8.75,0.0,10.0,0.5],"rotation":0,"texture":"#0","tintindex":0},"up":{"uv":[12.0,12.5,12.0,11.25],"rotation":0,"texture":"#0","tintindex":0},"down":{"uv":[0.0,12.25,0.0,13.5],"rotation":0,"texture":"#0","tintindex":0}}},{"from":[7.142857,7.742857,5.285714],"to":[7.142857,8.885715,8.142858],"rotation":{"angle":0.0,"axis":"y","origin":[5.2422385,9.015951,8.466426]},"faces":{"east":{"uv":[8.75,0.75,10.0,1.25],"rotation":0,"texture":"#0","tintindex":0},"south":{"uv":[0.25,12.25,0.25,12.75],"rotation":0,"texture":"#0","tintindex":0},"north":{"uv":[12.25,0.0,12.25,0.5],"rotation":0,"texture":"#0","tintindex":0},"west":{"uv":[8.75,1.5,10.0,2.0],"rotation":0,"texture":"#0","tintindex":0},"up":{"uv":[0.5,13.5,0.5,12.25],"rotation":0,"texture":"#0","tintindex":0},"down":{"uv":[0.75,12.25,0.75,13.5],"rotation":0,"texture":"#0","tintindex":0}}},{"from":[7.142857,7.742857,5.285714],"to":[8.857143,8.885715,5.285714],"rotation":{"angle":0.0,"axis":"y","origin":[5.2422385,9.015951,8.466426]},"faces":{"east":{"uv":[1.0,12.25,1.0,12.75],"rotation":0,"texture":"#0","tintindex":0},"south":{"uv":[10.25,9.75,11.0,10.25],"rotation":0,"texture":"#0","tintindex":0},"north":{"uv":[10.25,9.0,11.0,9.5],"rotation":0,"texture":"#0","tintindex":0},"west":{"uv":[1.25,12.25,1.25,12.75],"rotation":0,"texture":"#0","tintindex":0},"up":{"uv":[13.0,0.75,12.25,0.75],"rotation":0,"texture":"#0","tintindex":0},"down":{"uv":[13.0,1.25,12.25,1.25],"rotation":0,"texture":"#0","tintindex":0}}}],"display":{"head":{"translation":[0.0,-6.4,0.0],"scale":[4.0,4.0,4.0]}}}