{"textures":{"0":"modelengine:entity/crab_hermit"},"elements":[{"from":[5.142857,6.369398,5.108194],"to":[10.857143,10.369398,10.251051],"rotation":{"angle":45.0,"axis":"x","origin":[8.285714,7.7979693,7.3939085]},"faces":{"east":{"uv":[5.25,0.0,7.5,1.75],"rotation":0,"texture":"#0","tintindex":0},"south":{"uv":[0.0,5.0,2.5,6.75],"rotation":0,"texture":"#0","tintindex":0},"north":{"uv":[2.75,4.5,5.25,6.25],"rotation":0,"texture":"#0","tintindex":0},"west":{"uv":[5.25,2.0,7.5,3.75],"rotation":0,"texture":"#0","tintindex":0},"up":{"uv":[2.5,2.25,0.0,0.0],"rotation":0,"texture":"#0","tintindex":0},"down":{"uv":[2.5,2.5,0.0,4.75],"rotation":0,"texture":"#0","tintindex":0}}}],"display":{"head":{"translation":[0.0,-6.4,0.0],"scale":[4.0,4.0,4.0]}}}