{
  "parent": "minecraft:item/generated",
  "textures": {
    "layer0": "minecraft:item/ink_sac"
  },
    "overrides": [

		{"predicate": {"custom_model_data":13370001}, "model": "littleroom_beholder:beholder_laser"},
		{"predicate": {"custom_model_data":13370002}, "model": "littleroom_beholder:beholder_laser_particle"},
		{"predicate": {"custom_model_data":13370003}, "model": "littleroom_beholder:beholder_laser_particle_billboard"},
		{"predicate": {"custom_model_data":13370004}, "model": "littleroom_beholder:eye_of_the_beholder_3d"}
        ]
}