{"textures":{"0":"modelengine:entity/frobat"},"elements":[{"from":[7.323534,6.868028,7.6550074],"to":[8.676466,8.22096,9.819698],"rotation":{"angle":22.5,"axis":"x","origin":[8.0,7.5444937,8.737352]},"faces":{"east":{"uv":[8.765,5.265,9.235,5.625],"rotation":0,"texture":"#0","tintindex":0},"south":{"uv":[9.515,4.515,9.875,4.875],"rotation":0,"texture":"#0","tintindex":0},"north":{"uv":[4.265,9.515,4.625,9.875],"rotation":0,"texture":"#0","tintindex":0},"west":{"uv":[6.015,8.765,6.485,9.125],"rotation":0,"texture":"#0","tintindex":0},"up":{"uv":[9.125,6.485,8.765,6.015],"rotation":0,"texture":"#0","tintindex":0},"down":{"uv":[9.125,6.765,8.765,7.235],"rotation":0,"texture":"#0","tintindex":0}}}],"display":{"head":{"translation":[0.0,-6.4,0.0],"scale":[4.0,4.0,4.0]}}}