{"textures":{"0":"modelengine:entity/camel"},"elements":[{"from":[7.3022375,-2.8763285,6.0206075],"to":[9.016523,7.980815,8.020607],"rotation":{"angle":0.0,"axis":"y","origin":[9.20301,6.991638,10.788623]},"faces":{"east":{"uv":[1.0,7.5,1.5,9.875],"rotation":0,"texture":"#0","tintindex":0},"south":{"uv":[2.0,8.75,2.375,11.125],"rotation":0,"texture":"#0","tintindex":0},"north":{"uv":[4.5,8.5,4.875,10.875],"rotation":0,"texture":"#0","tintindex":0},"west":{"uv":[1.5,7.5,2.0,9.875],"rotation":0,"texture":"#0","tintindex":0},"up":{"uv":[7.5,5.5,7.125,5.0],"rotation":0,"texture":"#0","tintindex":0},"down":{"uv":[7.875,5.0,7.5,5.5],"rotation":0,"texture":"#0","tintindex":0}}}],"display":{"head":{"translation":[0.0,-6.4,0.0],"scale":[4.0,4.0,4.0]}}}