{"textures":{"0":"modelengine:entity/cave_creeper"},"elements":[{"from":[5.714286,8.0,6.285714],"to":[10.285714,12.571428,9.714286],"rotation":{"angle":0.0,"axis":"y","origin":[8.0,2.8571424,8.0]},"faces":{"east":{"uv":[0.0,6.0,1.5,8.0],"rotation":0,"texture":"#0","tintindex":0},"south":{"uv":[5.0,6.0,7.0,8.0],"rotation":0,"texture":"#0","tintindex":0},"north":{"uv":[1.5,6.0,3.5,8.0],"rotation":0,"texture":"#0","tintindex":0},"west":{"uv":[3.5,6.0,5.0,8.0],"rotation":0,"texture":"#0","tintindex":0},"up":{"uv":[3.5,6.0,1.5,4.5],"rotation":0,"texture":"#0","tintindex":0},"down":{"uv":[5.5,4.5,3.5,6.0],"rotation":0,"texture":"#0","tintindex":0}}}],"display":{"head":{"translation":[0.0,-6.4,0.0],"scale":[4.0,4.0,4.0]}}}