{"textures":{"0":"modelengine:entity/blue_slime"},"elements":[{"from":[5.1714287,7.44,5.1714287],"to":[10.828571,9.702857,10.828571],"rotation":{"angle":0.0,"axis":"y","origin":[8.0,5.1771426,8.0]},"faces":{"east":{"uv":[6.515,0.765,7.735,1.235],"rotation":0,"texture":"#0","tintindex":0},"south":{"uv":[6.515,1.515,7.735,1.985],"rotation":0,"texture":"#0","tintindex":0},"north":{"uv":[6.515,0.015,7.735,0.485],"rotation":0,"texture":"#0","tintindex":0},"west":{"uv":[6.515,2.265,7.735,2.735],"rotation":0,"texture":"#0","tintindex":0},"up":{"uv":[1.235,6.235,0.015,5.015],"rotation":0,"texture":"#0","tintindex":0},"down":{"uv":[5.735,5.265,4.515,6.485],"rotation":0,"texture":"#0","tintindex":0}}}],"display":{"head":{"translation":[0.0,-6.4,0.0],"scale":[4.0,4.0,4.0]}}}