{"textures":{"0":"modelengine:entity/blue_slime"},"elements":[{"from":[4.04,7.48,4.04],"to":[11.96,14.268572,11.96],"rotation":{"angle":0.0,"axis":"y","origin":[8.0,10.874286,8.0]},"faces":{"east":{"uv":[4.515,0.015,6.235,1.485],"rotation":0,"texture":"#0","tintindex":0},"south":{"uv":[4.515,1.765,6.235,3.235],"rotation":0,"texture":"#0","tintindex":0},"north":{"uv":[2.515,4.015,4.235,5.485],"rotation":0,"texture":"#0","tintindex":0},"west":{"uv":[4.515,3.515,6.235,4.985],"rotation":0,"texture":"#0","tintindex":0},"up":{"uv":[4.235,1.735,2.515,0.015],"rotation":0,"texture":"#0","tintindex":0},"down":{"uv":[4.235,2.015,2.515,3.735],"rotation":0,"texture":"#0","tintindex":0}}}],"display":{"head":{"translation":[0.0,-6.4,0.0],"scale":[4.0,4.0,4.0]}}}