{"textures":{"0":"modelengine:entity/blue_slime"},"elements":[{"from":[2.9085712,3.4742856,2.9085712],"to":[13.091429,5.7371426,13.091429],"rotation":{"angle":0.0,"axis":"y","origin":[8.0,8.0,8.0]},"faces":{"east":{"uv":[6.015,5.265,8.235,5.735],"rotation":0,"texture":"#0","tintindex":0},"south":{"uv":[6.015,6.015,8.235,6.485],"rotation":0,"texture":"#0","tintindex":0},"north":{"uv":[1.515,5.765,3.735,6.235],"rotation":0,"texture":"#0","tintindex":0},"west":{"uv":[0.015,6.515,2.235,6.985],"rotation":0,"texture":"#0","tintindex":0},"up":{"uv":[2.235,2.235,0.015,0.015],"rotation":0,"texture":"#0","tintindex":0},"down":{"uv":[2.235,2.515,0.015,4.735],"rotation":0,"texture":"#0","tintindex":0}}}],"display":{"head":{"translation":[0.0,-6.4,0.0],"scale":[4.0,4.0,4.0]}}}